British Columbia,Thailand,15,101,1/22/20,2,0,0
New South Wales,Japan,36,138,1/22/20,2,0,0
Victoria,Singapore,1.2833,103.8333,1/22/20,0,0,0
Queensland,Nepal,28.1667,84.25,1/22/20,0,0,0
South Australia,Malaysia,2.5,112.5,1/22/20,0,0,0
From Diamond Princess,Canada,49.2827,-123.1207,1/22/20,0,0,0
Western Australia,Australia,-33.8688,151.2093,1/22/20,0,0,0
Tasmania,Australia,-37.8136,144.9631,1/22/20,0,0,0
Northern Territory,Australia,-28.0167,153.4,1/22/20,0,0,0
Ontario,Cambodia,11.55,104.9167,1/22/20,0,0,0
Alberta,Sri Lanka,7,81,1/22/20,0,0,0
Quebec,Germany,51,9,1/22/20,0,0,0
Washington,Finland,64,26,1/22/20,0,0,0
New York,United Arab Emirates,24,54,1/22/20,0,0,0
California,Philippines,13,122,1/22/20,0,0,0
Massachusetts,India,21,78,1/22/20,0,0,0
Diamond Princess,Italy,43,12,1/22/20,0,0,0
Grand Princess,Sweden,63,16,1/22/20,0,0,0
Georgia,Spain,40,-4,1/22/20,0,0,0
Colorado,Australia,-34.9285,138.6007,1/22/20,0,0,0
Florida,Belgium,50.8333,4,1/22/20,0,0,0
New Jersey,Egypt,26,30,1/22/20,0,0,0
Oregon,Australia,35.4437,139.638,1/22/20,0,0,0
Texas,Lebanon,33.8547,35.8623,1/22/20,0,0,0
Illinois,Iraq,33,44,1/22/20,0,0,0
Pennsylvania,Oman,21,57,1/22/20,0,0,0
Iowa,Afghanistan,33,65,1/22/20,0,0,0
Maryland,Bahrain,26.0275,50.55,1/22/20,0,0,0
North Carolina,Kuwait,29.5,47.75,1/22/20,0,0,0
South Carolina,Algeria,28.0339,1.6596,1/22/20,0,0,0
Tennessee,Croatia,45.1,15.2,1/22/20,0,0,0
Virginia,Switzerland,46.8182,8.2275,1/22/20,0,0,0
Arizona,Austria,47.5162,14.5501,1/22/20,0,0,0
Indiana,Israel,31,35,1/22/20,0,0,0
Kentucky,Pakistan,30.3753,69.3451,1/22/20,0,0,0
District of Columbia,Brazil,-14.235,-51.9253,1/22/20,0,0,0
Nevada,Georgia,42.3154,43.3569,1/22/20,0,0,0
New Hampshire,Greece,39.0742,21.8243,1/22/20,0,0,0
Minnesota,North Macedonia,41.6086,21.7453,1/22/20,0,0,0
Nebraska,Norway,60.472,8.4689,1/22/20,0,0,0
Ohio,Romania,45.9432,24.9668,1/22/20,0,0,0
Rhode Island,Estonia,58.5953,25.0136,1/22/20,0,0,0
Wisconsin,San Marino,43.9424,12.4578,1/22/20,0,0,0
Connecticut,Belarus,53.7098,27.9534,1/22/20,0,0,0
Hawaii,Iceland,64.9631,-19.0208,1/22/20,0,0,0
Oklahoma,Lithuania,55.1694,23.8813,1/22/20,0,0,0
Utah,Mexico,23.6345,-102.5528,1/22/20,0,0,0
Kansas,New Zealand,-40.9006,174.886,1/22/20,0,0,0
Louisiana,Nigeria,9.082,8.6753,1/22/20,0,0,0
Missouri,Australia,-31.9505,115.8605,1/22/20,0,0,0
Vermont,Ireland,53.1424,-7.6921,1/22/20,0,0,0
Alaska,Luxembourg,49.8153,6.1296,1/22/20,0,0,0
Arkansas,Monaco,43.7333,7.4167,1/22/20,0,0,0
Delaware,Qatar,25.3548,51.1839,1/22/20,0,0,0
Idaho,Ecuador,-1.8312,-78.1834,1/22/20,0,0,0
Maine,Azerbaijan,40.1431,47.5769,1/22/20,0,0,0
Michigan,Armenia,40.0691,45.0382,1/22/20,0,0,0
Mississippi,Dominican Republic,18.7357,-70.1627,1/22/20,0,0,0
Montana,Indonesia,-0.7893,113.9213,1/22/20,0,0,0
New Mexico,Portugal,39.3999,-8.2245,1/22/20,0,0,0
North Dakota,Andorra,42.5063,1.5218,1/22/20,0,0,0
South Dakota,Australia,-41.4545,145.9707,1/22/20,0,0,0
West Virginia,Latvia,56.8796,24.6032,1/22/20,0,0,0
Wyoming,Morocco,31.7917,-7.0926,1/22/20,0,0,0
France,Saudi Arabia,24,45,1/22/20,0,0,0
Diamond Princess,Senegal,14.4974,-14.4524,1/22/20,0,0,0
Denmark,Argentina,-38.4161,-63.6167,1/22/20,0,0,0
Faroe Islands,Chile,-35.6751,-71.543,1/22/20,0,0,0
St Martin,Jordan,31.24,36.51,1/22/20,0,0,0
Channel Islands,Ukraine,48.3794,31.1656,1/22/20,0,0,0
New Brunswick,Hungary,47.1625,19.5033,1/22/20,0,0,0
Saint Barthelemy,Australia,-12.4634,130.8456,1/22/20,0,0,0
Gibraltar,Liechtenstein,47.14,9.55,1/22/20,0,0,0
Australian Capital Territory,Poland,51.9194,19.1451,1/22/20,0,0,0
United Kingdom,Tunisia,34,9,1/22/20,0,0,0
French Polynesia,Bosnia and Herzegovina,43.9159,17.6791,1/22/20,0,0,0
Manitoba,Slovenia,46.1512,14.9955,1/22/20,0,0,0
Saskatchewan,South Africa,-30.5595,22.9375,1/22/20,0,0,0
Grand Princess,Bhutan,27.5142,90.4336,1/22/20,0,0,0
Alabama,Cameroon,3.848,11.5021,1/22/20,0,0,0
Puerto Rico,Colombia,4.5709,-74.2973,1/22/20,0,0,0
French Guiana,Costa Rica,9.7489,-83.7534,1/22/20,0,0,0
Guam,Peru,-9.19,-75.0152,1/22/20,0,0,0
Newfoundland and Labrador,Serbia,44.0165,21.0059,1/22/20,0,0,0
Prince Edward Island,Slovakia,48.669,19.699,1/22/20,0,0,0
Mayotte,Togo,8.6195,0.8248,1/22/20,0,0,0
Netherlands,Malta,35.9375,14.3754,1/22/20,0,0,0
Nova Scotia,Martinique,14.6415,-61.0242,1/22/20,0,0,0
Guadeloupe,Bulgaria,42.7339,25.4858,1/22/20,0,0,0
Curacao,Maldives,3.2028,73.2207,1/22/20,0,0,0
Virgin Islands,Bangladesh,23.685,90.3563,1/22/20,0,0,0
Cayman Islands,Paraguay,-23.4425,-58.4438,1/22/20,0,0,0
Reunion,Canada,51.2538,-85.3232,1/22/20,0,0,0
Aruba,Canada,53.9333,-116.5765,1/22/20,0,0,0
Montserrat,Canada,52.9399,-73.5491,1/22/20,0,0,0
Greenland,Albania,41.1533,20.1683,1/22/20,0,0,0
New Caledonia,Cyprus,35.1264,33.4299,1/22/20,0,0,0
Bermuda,Brunei,4.5353,114.7277,1/22/20,0,0,0
Sint Maarten,US,47.4009,-121.4905,1/22/20,0,0,0
Isle of Man,US,42.1657,-74.9481,1/22/20,0,0,0
Northwest Territories,US,36.1162,-119.6816,1/22/20,0,0,0
British Columbia,US,42.2302,-71.5301,1/22/20,0,0,0
New South Wales,US,35.4437,139.638,1/22/20,0,0,0
Victoria,US,37.6489,-122.6655,1/22/20,0,0,0
Queensland,US,33.0406,-83.6431,1/22/20,0,0,0
South Australia,US,39.0598,-105.3111,1/22/20,0,0,0
From Diamond Princess,US,27.7663,-81.6868,1/22/20,0,0,0
Western Australia,US,40.2989,-74.521,1/22/20,0,0,0
Tasmania,US,44.572,-122.0709,1/22/20,0,0,0
Northern Territory,US,31.0545,-97.5635,1/22/20,0,0,0
Ontario,US,40.3495,-88.9861,1/22/20,0,0,0
Alberta,US,40.5908,-77.2098,1/22/20,0,0,0
Quebec,US,42.0115,-93.2105,1/22/20,0,0,0
Washington,US,39.0639,-76.8021,1/22/20,0,0,0
New York,US,35.6301,-79.8064,1/22/20,0,0,0
California,US,33.8569,-80.945,1/22/20,0,0,0
Massachusetts,US,35.7478,-86.6923,1/22/20,0,0,0
Diamond Princess,US,37.7693,-78.17,1/22/20,0,0,0
Grand Princess,US,33.7298,-111.4312,1/22/20,0,0,0
Georgia,US,39.8494,-86.2583,1/22/20,0,0,0
Colorado,US,37.6681,-84.6701,1/22/20,0,0,0
Florida,US,38.8974,-77.0268,1/22/20,0,0,0
New Jersey,US,38.3135,-117.0554,1/22/20,0,0,0
Oregon,US,43.4525,-71.5639,1/22/20,0,0,0
Texas,US,45.6945,-93.9002,1/22/20,0,0,0
Illinois,US,41.1254,-98.2681,1/22/20,0,0,0
Pennsylvania,US,40.3888,-82.7649,1/22/20,0,0,0
Iowa,US,41.6809,-71.5118,1/22/20,0,0,0
Maryland,US,44.2685,-89.6165,1/22/20,0,0,0
North Carolina,US,41.5978,-72.7554,1/22/20,0,0,0
South Carolina,US,21.0943,-157.4983,1/22/20,0,0,0
Tennessee,US,35.5653,-96.9289,1/22/20,0,0,0
Virginia,US,40.15,-111.8624,1/22/20,0,0,0
Arizona,Burkina Faso,12.2383,-1.5616,1/22/20,0,0,0
Indiana,Holy See,41.9029,12.4534,1/22/20,0,0,0
Kentucky,Mongolia,46.8625,103.8467,1/22/20,0,0,0
District of Columbia,Panama,8.538,-80.7821,1/22/20,0,0,0
Nevada,US,38.5266,-96.7265,1/22/20,0,0,0
New Hampshire,US,31.1695,-91.8678,1/22/20,0,0,0
Minnesota,US,38.4561,-92.2884,1/22/20,0,0,0
Nebraska,US,44.0459,-72.7107,1/22/20,0,0,0
Ohio,US,61.3707,-152.4044,1/22/20,0,0,0
Rhode Island,US,34.9697,-92.3731,1/22/20,0,0,0
Wisconsin,US,39.3185,-75.5071,1/22/20,0,0,0
Connecticut,US,44.2405,-114.4788,1/22/20,0,0,0
Hawaii,US,44.6939,-69.3819,1/22/20,0,0,0
Oklahoma,US,43.3266,-84.5361,1/22/20,0,0,0
Utah,US,32.7416,-89.6787,1/22/20,0,0,0
Kansas,US,46.9219,-110.4544,1/22/20,0,0,0
Louisiana,US,34.8405,-106.2485,1/22/20,0,0,0
Missouri,US,47.5289,-99.784,1/22/20,0,0,0
Vermont,US,44.2998,-99.4388,1/22/20,0,0,0
Alaska,US,38.4912,-80.9545,1/22/20,0,0,0
Arkansas,US,42.756,-107.3025,1/22/20,0,0,0
Delaware,Iran,32,53,1/22/20,0,0,0
Idaho,South Korea,36,128,1/22/20,1,0,0
Maine,France,46.2276,2.2137,1/22/20,0,0,0
Michigan,Cruise Ship,35.4437,139.638,1/22/20,0,0,0
Mississippi,Denmark,56.2639,9.5018,1/22/20,0,0,0
Montana,Czechia,49.8175,15.473,1/22/20,0,0,0
New Mexico,Taiwan*,23.7,121,1/22/20,1,0,0
North Dakota,Vietnam,16,108,1/22/20,0,0,0
South Dakota,Russia,60,90,1/22/20,0,0,0
West Virginia,Moldova,47.4116,28.3699,1/22/20,0,0,0
Wyoming,Bolivia,-16.2902,-63.5887,1/22/20,0,0,0
France,Denmark,61.8926,-6.9118,1/22/20,0,0,0
Diamond Princess,France,18.0708,-63.0501,1/22/20,0,0,0
Denmark,Honduras,15.2,-86.2419,1/22/20,0,0,0
Faroe Islands,United Kingdom,49.3723,-2.3644,1/22/20,0,0,0
St Martin,Canada,46.5653,-66.4619,1/22/20,0,0,0
Channel Islands,Congo (Kinshasa),-4.0383,21.7587,1/22/20,0,0,0
New Brunswick,Cote d'Ivoire,7.54,-5.5471,1/22/20,0,0,0
Saint Barthelemy,France,17.9,-62.8333,1/22/20,0,0,0
Gibraltar,Jamaica,18.1096,-77.2975,1/22/20,0,0,0
Australian Capital Territory,Turkey,38.9637,35.2433,1/22/20,0,0,0
United Kingdom,United Kingdom,36.1408,-5.3536,1/22/20,0,0,0
French Polynesia,Cuba,22,-80,1/22/20,0,0,0
Manitoba,Guyana,5,-58.75,1/22/20,0,0,0
Saskatchewan,Australia,-35.4735,149.0124,1/22/20,0,0,0
Grand Princess,United Kingdom,55.3781,-3.436,1/22/20,0,0,0
Alabama,Kazakhstan,48.0196,66.9237,1/22/20,0,0,0
Puerto Rico,France,-17.6797,149.4068,1/22/20,0,0,0
French Guiana,Canada,53.7609,-98.8139,1/22/20,0,0,0
Guam,Canada,52.9399,-106.4509,1/22/20,0,0,0
Newfoundland and Labrador,Ethiopia,9.145,40.4897,1/22/20,0,0,0
Prince Edward Island,Sudan,12.8628,30.2176,1/22/20,0,0,0
Mayotte,Guinea,9.9456,-9.6966,1/22/20,0,0,0
Netherlands,Canada,37.6489,-122.6655,1/22/20,0,0,0
Nova Scotia,Kenya,-0.0236,37.9062,1/22/20,0,0,0
Guadeloupe,Antigua and Barbuda,17.0608,-61.7964,1/22/20,0,0,0
Curacao,US,32.3182,-86.9023,1/22/20,0,0,0
Virgin Islands,Uruguay,-32.5228,-55.7658,1/22/20,0,0,0
Cayman Islands,Ghana,7.9465,-1.0232,1/22/20,0,0,0
Reunion,US,18.2208,-66.5901,1/22/20,0,0,0
Aruba,Namibia,-22.9576,18.4904,1/22/20,0,0,0
Montserrat,Seychelles,-4.6796,55.492,1/22/20,0,0,0
Greenland,Trinidad and Tobago,10.6918,-61.2225,1/22/20,0,0,0
New Caledonia,Venezuela,6.4238,-66.5897,1/22/20,0,0,0
Bermuda,Eswatini,-26.5225,31.4659,1/22/20,0,0,0
Sint Maarten,Gabon,-0.8037,11.6094,1/22/20,0,0,0
Isle of Man,Guatemala,15.7835,-90.2308,1/22/20,0,0,0
Northwest Territories,Mauritania,21.0079,10.9408,1/22/20,0,0,0
British Columbia,Rwanda,-1.9403,29.8739,1/22/20,0,0,0
New South Wales,Saint Lucia,13.9094,-60.9789,1/22/20,0,0,0
Victoria,Saint Vincent and the Grenadines,12.9843,-61.2872,1/22/20,0,0,0
Queensland,Suriname,3.9193,-56.0278,1/22/20,0,0,0
South Australia,France,3.9339,-53.1258,1/22/20,0,0,0
From Diamond Princess,US,13.4443,144.7937,1/22/20,0,0,0
Western Australia,Kosovo,42.6026,20.903,1/22/20,0,0,0
Tasmania,Canada,53.1355,-57.6604,1/22/20,0,0,0
Northern Territory,Canada,46.5107,-63.4168,1/22/20,0,0,0
Ontario,Central African Republic,6.6111,20.9394,1/22/20,0,0,0
Alberta,Congo (Brazzaville),-4.0383,21.7587,1/22/20,0,0,0
Quebec,Equatorial Guinea,1.5,10,1/22/20,0,0,0
Washington,France,-12.8275,45.1662,1/22/20,0,0,0
New York,Uzbekistan,41.3775,64.5853,1/22/20,0,0,0
California,Netherlands,52.1326,5.2913,1/22/20,0,0,0
Massachusetts,Canada,44.682,-63.7443,1/22/20,0,0,0
Diamond Princess,France,16.25,-61.5833,1/22/20,0,0,0
Grand Princess,Benin,9.3077,2.3158,1/22/20,0,0,0
Georgia,Liberia,6.4281,-9.4295,1/22/20,0,0,0
Colorado,Netherlands,12.1696,-68.99,1/22/20,0,0,0
Florida,Somalia,5.1521,46.1996,1/22/20,0,0,0
New Jersey,Tanzania,-6.369,34.8888,1/22/20,0,0,0
Oregon,US,18.3358,-64.8963,1/22/20,0,0,0
Texas,United Kingdom,19.3133,-81.2546,1/22/20,0,0,0
Illinois,France,-21.1351,55.2471,1/22/20,0,0,0
Pennsylvania,Barbados,13.1939,-59.5432,1/22/20,0,0,0
Iowa,Montenegro,42.5,19.3,1/22/20,0,0,0
Maryland,Kyrgyzstan,41.2044,74.7661,1/22/20,0,0,0
North Carolina,Mauritius,-20.2,57.5,1/22/20,0,0,0
South Carolina,Netherlands,12.5186,-70.0358,1/22/20,0,0,0
Tennessee,Zambia,-15.4167,28.2833,1/22/20,0,0,0
Virginia,Djibouti,11.8251,42.5903,1/22/20,0,0,0
Arizona,"Gambia, The",13.4432,-15.3101,1/22/20,0,0,0
Indiana,United Kingdom,16.7425,-62.1874,1/22/20,0,0,0
Kentucky,"Bahamas, The",25.0343,-77.3963,1/22/20,0,0,0
District of Columbia,Denmark,71.7069,-42.6043,1/22/20,0,0,0
Nevada,France,-20.9043,165.618,1/22/20,0,0,0
New Hampshire,United Kingdom,32.3078,-64.7505,1/22/20,0,0,0
Minnesota,Chad,15.4542,18.7322,1/22/20,0,0,0
Nebraska,El Salvador,13.7942,-88.8965,1/22/20,0,0,0
Ohio,Fiji,-17.7134,178.065,1/22/20,0,0,0
Rhode Island,Nicaragua,12.8654,-85.2072,1/22/20,0,0,0
Wisconsin,Madagascar,-18.7669,46.8691,1/22/20,0,0,0
Connecticut,Haiti,18.9712,-72.2852,1/22/20,0,0,0
Hawaii,Angola,-11.2027,17.8739,1/22/20,0,0,0
Oklahoma,Cabo Verde,16.5388,-23.0418,1/22/20,0,0,0
Utah,Netherlands,18.0425,-63.0548,1/22/20,0,0,0
Kansas,Niger,17.6078,8.0817,1/22/20,0,0,0
Louisiana,Papua New Guinea,-6.315,143.9555,1/22/20,0,0,0
Missouri,United Kingdom,54.2361,-4.5481,1/22/20,0,0,0
Vermont,Zimbabwe,-20,30,1/22/20,0,0,0
Alaska,Canada,64.8255,-124.8457,1/22/20,0,0,0
Arkansas,Cape Verde,15.1111,-23.6167,1/22/20,0,0,0
Delaware,East Timor,-8.55,125.56,1/22/20,0,0,0
Idaho,Eritrea,15.1794,39.7823,1/22/20,0,0,0
Maine,Uganda,1,32,1/22/20,0,0,0
Michigan,Dominica,15.415,-61.371,1/22/20,0,0,0
Mississippi,Grenada,12.1165,-61.679,1/22/20,0,0,0
Montana,Mozambique,-18.6657,35.5296,1/22/20,0,0,0
New Mexico,Syria,34.8021,38.9968,1/22/20,0,0,0
North Dakota,Timor-Leste,-8.8742,125.7275,1/22/20,0,0,0
South Dakota,Thailand,15,101,1/23/20,3,0,0
West Virginia,Japan,36,138,1/23/20,1,0,0
Wyoming,Singapore,1.2833,103.8333,1/23/20,1,0,0
France,Nepal,28.1667,84.25,1/23/20,0,0,0
Diamond Princess,Malaysia,2.5,112.5,1/23/20,0,0,0
Denmark,Canada,49.2827,-123.1207,1/23/20,0,0,0
Faroe Islands,Australia,-33.8688,151.2093,1/23/20,0,0,0
St Martin,Australia,-37.8136,144.9631,1/23/20,0,0,0
Channel Islands,Australia,-28.0167,153.4,1/23/20,0,0,0
New Brunswick,Cambodia,11.55,104.9167,1/23/20,0,0,0
Saint Barthelemy,Sri Lanka,7,81,1/23/20,0,0,0
Gibraltar,Germany,51,9,1/23/20,0,0,0
Australian Capital Territory,Finland,64,26,1/23/20,0,0,0
United Kingdom,United Arab Emirates,24,54,1/23/20,0,0,0
French Polynesia,Philippines,13,122,1/23/20,0,0,0
Manitoba,India,21,78,1/23/20,0,0,0
Saskatchewan,Italy,43,12,1/23/20,0,0,0
Grand Princess,Sweden,63,16,1/23/20,0,0,0
Alabama,Spain,40,-4,1/23/20,0,0,0
Puerto Rico,Australia,-34.9285,138.6007,1/23/20,0,0,0
French Guiana,Belgium,50.8333,4,1/23/20,0,0,0
Guam,Egypt,26,30,1/23/20,0,0,0
Newfoundland and Labrador,Australia,35.4437,139.638,1/23/20,0,0,0
Prince Edward Island,Lebanon,33.8547,35.8623,1/23/20,0,0,0
Mayotte,Iraq,33,44,1/23/20,0,0,0
Netherlands,Oman,21,57,1/23/20,0,0,0
Nova Scotia,Afghanistan,33,65,1/23/20,0,0,0
Guadeloupe,Bahrain,26.0275,50.55,1/23/20,0,0,0
Curacao,Kuwait,29.5,47.75,1/23/20,0,0,0
Virgin Islands,Algeria,28.0339,1.6596,1/23/20,0,0,0
Cayman Islands,Croatia,45.1,15.2,1/23/20,0,0,0
Reunion,Switzerland,46.8182,8.2275,1/23/20,0,0,0
Aruba,Austria,47.5162,14.5501,1/23/20,0,0,0
Montserrat,Israel,31,35,1/23/20,0,0,0
Greenland,Pakistan,30.3753,69.3451,1/23/20,0,0,0
New Caledonia,Brazil,-14.235,-51.9253,1/23/20,0,0,0
Bermuda,Georgia,42.3154,43.3569,1/23/20,0,0,0
Sint Maarten,Greece,39.0742,21.8243,1/23/20,0,0,0
Isle of Man,North Macedonia,41.6086,21.7453,1/23/20,0,0,0
Northwest Territories,Norway,60.472,8.4689,1/23/20,0,0,0
British Columbia,Romania,45.9432,24.9668,1/23/20,0,0,0
New South Wales,Estonia,58.5953,25.0136,1/23/20,0,0,0
Victoria,San Marino,43.9424,12.4578,1/23/20,0,0,0
Queensland,Belarus,53.7098,27.9534,1/23/20,0,0,0
South Australia,Iceland,64.9631,-19.0208,1/23/20,0,0,0
From Diamond Princess,Lithuania,55.1694,23.8813,1/23/20,0,0,0
Western Australia,Mexico,23.6345,-102.5528,1/23/20,0,0,0
Tasmania,New Zealand,-40.9006,174.886,1/23/20,0,0,0
Northern Territory,Nigeria,9.082,8.6753,1/23/20,0,0,0
Ontario,Australia,-31.9505,115.8605,1/23/20,0,0,0
Alberta,Ireland,53.1424,-7.6921,1/23/20,0,0,0
Quebec,Luxembourg,49.8153,6.1296,1/23/20,0,0,0
Washington,Monaco,43.7333,7.4167,1/23/20,0,0,0
New York,Qatar,25.3548,51.1839,1/23/20,0,0,0
California,Ecuador,-1.8312,-78.1834,1/23/20,0,0,0
Massachusetts,Azerbaijan,40.1431,47.5769,1/23/20,0,0,0
Diamond Princess,Armenia,40.0691,45.0382,1/23/20,0,0,0
Grand Princess,Dominican Republic,18.7357,-70.1627,1/23/20,0,0,0
Georgia,Indonesia,-0.7893,113.9213,1/23/20,0,0,0
Colorado,Portugal,39.3999,-8.2245,1/23/20,0,0,0
Florida,Andorra,42.5063,1.5218,1/23/20,0,0,0
New Jersey,Australia,-41.4545,145.9707,1/23/20,0,0,0
Oregon,Latvia,56.8796,24.6032,1/23/20,0,0,0
Texas,Morocco,31.7917,-7.0926,1/23/20,0,0,0
Illinois,Saudi Arabia,24,45,1/23/20,0,0,0
Pennsylvania,Senegal,14.4974,-14.4524,1/23/20,0,0,0
Iowa,Argentina,-38.4161,-63.6167,1/23/20,0,0,0
Maryland,Chile,-35.6751,-71.543,1/23/20,0,0,0
North Carolina,Jordan,31.24,36.51,1/23/20,0,0,0
South Carolina,Ukraine,48.3794,31.1656,1/23/20,0,0,0
Tennessee,Hungary,47.1625,19.5033,1/23/20,0,0,0
Virginia,Australia,-12.4634,130.8456,1/23/20,0,0,0
Arizona,Liechtenstein,47.14,9.55,1/23/20,0,0,0
Indiana,Poland,51.9194,19.1451,1/23/20,0,0,0
Kentucky,Tunisia,34,9,1/23/20,0,0,0
District of Columbia,Bosnia and Herzegovina,43.9159,17.6791,1/23/20,0,0,0
Nevada,Slovenia,46.1512,14.9955,1/23/20,0,0,0
New Hampshire,South Africa,-30.5595,22.9375,1/23/20,0,0,0
Minnesota,Bhutan,27.5142,90.4336,1/23/20,0,0,0
Nebraska,Cameroon,3.848,11.5021,1/23/20,0,0,0
Ohio,Colombia,4.5709,-74.2973,1/23/20,0,0,0
Rhode Island,Costa Rica,9.7489,-83.7534,1/23/20,0,0,0
Wisconsin,Peru,-9.19,-75.0152,1/23/20,0,0,0
Connecticut,Serbia,44.0165,21.0059,1/23/20,0,0,0
Hawaii,Slovakia,48.669,19.699,1/23/20,0,0,0
Oklahoma,Togo,8.6195,0.8248,1/23/20,0,0,0
Utah,Malta,35.9375,14.3754,1/23/20,0,0,0
Kansas,Martinique,14.6415,-61.0242,1/23/20,0,0,0
Louisiana,Bulgaria,42.7339,25.4858,1/23/20,0,0,0
Missouri,Maldives,3.2028,73.2207,1/23/20,0,0,0
Vermont,Bangladesh,23.685,90.3563,1/23/20,0,0,0
Alaska,Paraguay,-23.4425,-58.4438,1/23/20,0,0,0
Arkansas,Canada,51.2538,-85.3232,1/23/20,0,0,0
Delaware,Canada,53.9333,-116.5765,1/23/20,0,0,0
Idaho,Canada,52.9399,-73.5491,1/23/20,0,0,0
Maine,Albania,41.1533,20.1683,1/23/20,0,0,0
Michigan,Cyprus,35.1264,33.4299,1/23/20,0,0,0
Mississippi,Brunei,4.5353,114.7277,1/23/20,0,0,0
Montana,US,47.4009,-121.4905,1/23/20,0,0,0
New Mexico,US,42.1657,-74.9481,1/23/20,0,0,0
North Dakota,US,36.1162,-119.6816,1/23/20,0,0,0
South Dakota,US,42.2302,-71.5301,1/23/20,0,0,0
West Virginia,US,35.4437,139.638,1/23/20,0,0,0
Wyoming,US,37.6489,-122.6655,1/23/20,0,0,0
France,US,33.0406,-83.6431,1/23/20,0,0,0
Diamond Princess,US,39.0598,-105.3111,1/23/20,0,0,0
Denmark,US,27.7663,-81.6868,1/23/20,0,0,0
Faroe Islands,US,40.2989,-74.521,1/23/20,0,0,0
St Martin,US,44.572,-122.0709,1/23/20,0,0,0
Channel Islands,US,31.0545,-97.5635,1/23/20,0,0,0
New Brunswick,US,40.3495,-88.9861,1/23/20,0,0,0
Saint Barthelemy,US,40.5908,-77.2098,1/23/20,0,0,0
Gibraltar,US,42.0115,-93.2105,1/23/20,0,0,0
Australian Capital Territory,US,39.0639,-76.8021,1/23/20,0,0,0
United Kingdom,US,35.6301,-79.8064,1/23/20,0,0,0
French Polynesia,US,33.8569,-80.945,1/23/20,0,0,0
Manitoba,US,35.7478,-86.6923,1/23/20,0,0,0
Saskatchewan,US,37.7693,-78.17,1/23/20,0,0,0
Grand Princess,US,33.7298,-111.4312,1/23/20,0,0,0
Alabama,US,39.8494,-86.2583,1/23/20,0,0,0
Puerto Rico,US,37.6681,-84.6701,1/23/20,0,0,0
French Guiana,US,38.8974,-77.0268,1/23/20,0,0,0
Guam,US,38.3135,-117.0554,1/23/20,0,0,0
Newfoundland and Labrador,US,43.4525,-71.5639,1/23/20,0,0,0
Prince Edward Island,US,45.6945,-93.9002,1/23/20,0,0,0
Mayotte,US,41.1254,-98.2681,1/23/20,0,0,0
Netherlands,US,40.3888,-82.7649,1/23/20,0,0,0
Nova Scotia,US,41.6809,-71.5118,1/23/20,0,0,0
Guadeloupe,US,44.2685,-89.6165,1/23/20,0,0,0
Curacao,US,41.5978,-72.7554,1/23/20,0,0,0
Virgin Islands,US,21.0943,-157.4983,1/23/20,0,0,0
Cayman Islands,US,35.5653,-96.9289,1/23/20,0,0,0
Reunion,US,40.15,-111.8624,1/23/20,0,0,0
Aruba,Burkina Faso,12.2383,-1.5616,1/23/20,0,0,0
Montserrat,Holy See,41.9029,12.4534,1/23/20,0,0,0
Greenland,Mongolia,46.8625,103.8467,1/23/20,0,0,0
New Caledonia,Panama,8.538,-80.7821,1/23/20,0,0,0
Bermuda,US,38.5266,-96.7265,1/23/20,0,0,0
Sint Maarten,US,31.1695,-91.8678,1/23/20,0,0,0
Isle of Man,US,38.4561,-92.2884,1/23/20,0,0,0
Northwest Territories,US,44.0459,-72.7107,1/23/20,0,0,0
British Columbia,US,61.3707,-152.4044,1/23/20,0,0,0
New South Wales,US,34.9697,-92.3731,1/23/20,0,0,0
Victoria,US,39.3185,-75.5071,1/23/20,0,0,0
Queensland,US,44.2405,-114.4788,1/23/20,0,0,0
South Australia,US,44.6939,-69.3819,1/23/20,0,0,0
From Diamond Princess,US,43.3266,-84.5361,1/23/20,0,0,0
Western Australia,US,32.7416,-89.6787,1/23/20,0,0,0
Tasmania,US,46.9219,-110.4544,1/23/20,0,0,0
Northern Territory,US,34.8405,-106.2485,1/23/20,0,0,0
Ontario,US,47.5289,-99.784,1/23/20,0,0,0
Alberta,US,44.2998,-99.4388,1/23/20,0,0,0
Quebec,US,38.4912,-80.9545,1/23/20,0,0,0
Washington,US,42.756,-107.3025,1/23/20,0,0,0
New York,Iran,32,53,1/23/20,0,0,0
California,South Korea,36,128,1/23/20,1,0,0
Massachusetts,France,46.2276,2.2137,1/23/20,0,0,0
Diamond Princess,Cruise Ship,35.4437,139.638,1/23/20,0,0,0
Grand Princess,Denmark,56.2639,9.5018,1/23/20,0,0,0
Georgia,Czechia,49.8175,15.473,1/23/20,0,0,0
Colorado,Taiwan*,23.7,121,1/23/20,1,0,0
Florida,Vietnam,16,108,1/23/20,2,0,0
New Jersey,Russia,60,90,1/23/20,0,0,0
Oregon,Moldova,47.4116,28.3699,1/23/20,0,0,0
Texas,Bolivia,-16.2902,-63.5887,1/23/20,0,0,0
Illinois,Denmark,61.8926,-6.9118,1/23/20,0,0,0
Pennsylvania,France,18.0708,-63.0501,1/23/20,0,0,0
Iowa,Honduras,15.2,-86.2419,1/23/20,0,0,0
Maryland,United Kingdom,49.3723,-2.3644,1/23/20,0,0,0
North Carolina,Canada,46.5653,-66.4619,1/23/20,0,0,0
South Carolina,Congo (Kinshasa),-4.0383,21.7587,1/23/20,0,0,0
Tennessee,Cote d'Ivoire,7.54,-5.5471,1/23/20,0,0,0
Virginia,France,17.9,-62.8333,1/23/20,0,0,0
Arizona,Jamaica,18.1096,-77.2975,1/23/20,0,0,0
Indiana,Turkey,38.9637,35.2433,1/23/20,0,0,0
Kentucky,United Kingdom,36.1408,-5.3536,1/23/20,0,0,0
District of Columbia,Cuba,22,-80,1/23/20,0,0,0
Nevada,Guyana,5,-58.75,1/23/20,0,0,0
New Hampshire,Australia,-35.4735,149.0124,1/23/20,0,0,0
Minnesota,United Kingdom,55.3781,-3.436,1/23/20,0,0,0
Nebraska,Kazakhstan,48.0196,66.9237,1/23/20,0,0,0
Ohio,France,-17.6797,149.4068,1/23/20,0,0,0
Rhode Island,Canada,53.7609,-98.8139,1/23/20,0,0,0
Wisconsin,Canada,52.9399,-106.4509,1/23/20,0,0,0
Connecticut,Ethiopia,9.145,40.4897,1/23/20,0,0,0
Hawaii,Sudan,12.8628,30.2176,1/23/20,0,0,0
Oklahoma,Guinea,9.9456,-9.6966,1/23/20,0,0,0
Utah,Canada,37.6489,-122.6655,1/23/20,0,0,0
Kansas,Kenya,-0.0236,37.9062,1/23/20,0,0,0
Louisiana,Antigua and Barbuda,17.0608,-61.7964,1/23/20,0,0,0
Missouri,US,32.3182,-86.9023,1/23/20,0,0,0
Vermont,Uruguay,-32.5228,-55.7658,1/23/20,0,0,0
Alaska,Ghana,7.9465,-1.0232,1/23/20,0,0,0
Arkansas,US,18.2208,-66.5901,1/23/20,0,0,0
Delaware,Namibia,-22.9576,18.4904,1/23/20,0,0,0
Idaho,Seychelles,-4.6796,55.492,1/23/20,0,0,0
Maine,Trinidad and Tobago,10.6918,-61.2225,1/23/20,0,0,0
Michigan,Venezuela,6.4238,-66.5897,1/23/20,0,0,0
Mississippi,Eswatini,-26.5225,31.4659,1/23/20,0,0,0
Montana,Gabon,-0.8037,11.6094,1/23/20,0,0,0
New Mexico,Guatemala,15.7835,-90.2308,1/23/20,0,0,0
North Dakota,Mauritania,21.0079,10.9408,1/23/20,0,0,0
South Dakota,Rwanda,-1.9403,29.8739,1/23/20,0,0,0
West Virginia,Saint Lucia,13.9094,-60.9789,1/23/20,0,0,0
Wyoming,Saint Vincent and the Grenadines,12.9843,-61.2872,1/23/20,0,0,0
France,Suriname,3.9193,-56.0278,1/23/20,0,0,0
Diamond Princess,France,3.9339,-53.1258,1/23/20,0,0,0
Denmark,US,13.4443,144.7937,1/23/20,0,0,0
Faroe Islands,Kosovo,42.6026,20.903,1/23/20,0,0,0
St Martin,Canada,53.1355,-57.6604,1/23/20,0,0,0
Channel Islands,Canada,46.5107,-63.4168,1/23/20,0,0,0
New Brunswick,Central African Republic,6.6111,20.9394,1/23/20,0,0,0
Saint Barthelemy,Congo (Brazzaville),-4.0383,21.7587,1/23/20,0,0,0
Gibraltar,Equatorial Guinea,1.5,10,1/23/20,0,0,0
Australian Capital Territory,France,-12.8275,45.1662,1/23/20,0,0,0
United Kingdom,Uzbekistan,41.3775,64.5853,1/23/20,0,0,0
French Polynesia,Netherlands,52.1326,5.2913,1/23/20,0,0,0
Manitoba,Canada,44.682,-63.7443,1/23/20,0,0,0
Saskatchewan,France,16.25,-61.5833,1/23/20,0,0,0
Grand Princess,Benin,9.3077,2.3158,1/23/20,0,0,0
Alabama,Liberia,6.4281,-9.4295,1/23/20,0,0,0
Puerto Rico,Netherlands,12.1696,-68.99,1/23/20,0,0,0
French Guiana,Somalia,5.1521,46.1996,1/23/20,0,0,0
Guam,Tanzania,-6.369,34.8888,1/23/20,0,0,0
Newfoundland and Labrador,US,18.3358,-64.8963,1/23/20,0,0,0
Prince Edward Island,United Kingdom,19.3133,-81.2546,1/23/20,0,0,0
Mayotte,France,-21.1351,55.2471,1/23/20,0,0,0
Netherlands,Barbados,13.1939,-59.5432,1/23/20,0,0,0
Nova Scotia,Montenegro,42.5,19.3,1/23/20,0,0,0
Guadeloupe,Kyrgyzstan,41.2044,74.7661,1/23/20,0,0,0
Curacao,Mauritius,-20.2,57.5,1/23/20,0,0,0
Virgin Islands,Netherlands,12.5186,-70.0358,1/23/20,0,0,0
Cayman Islands,Zambia,-15.4167,28.2833,1/23/20,0,0,0
Reunion,Djibouti,11.8251,42.5903,1/23/20,0,0,0
Aruba,"Gambia, The",13.4432,-15.3101,1/23/20,0,0,0
Montserrat,United Kingdom,16.7425,-62.1874,1/23/20,0,0,0
Greenland,"Bahamas, The",25.0343,-77.3963,1/23/20,0,0,0
New Caledonia,Denmark,71.7069,-42.6043,1/23/20,0,0,0
Bermuda,France,-20.9043,165.618,1/23/20,0,0,0
Sint Maarten,United Kingdom,32.3078,-64.7505,1/23/20,0,0,0
Isle of Man,Chad,15.4542,18.7322,1/23/20,0,0,0
Northwest Territories,El Salvador,13.7942,-88.8965,1/23/20,0,0,0
British Columbia,Fiji,-17.7134,178.065,1/23/20,0,0,0
New South Wales,Nicaragua,12.8654,-85.2072,1/23/20,0,0,0
Victoria,Madagascar,-18.7669,46.8691,1/23/20,0,0,0
Queensland,Haiti,18.9712,-72.2852,1/23/20,0,0,0
South Australia,Angola,-11.2027,17.8739,1/23/20,0,0,0
From Diamond Princess,Cabo Verde,16.5388,-23.0418,1/23/20,0,0,0
Western Australia,Netherlands,18.0425,-63.0548,1/23/20,0,0,0
Tasmania,Niger,17.6078,8.0817,1/23/20,0,0,0
Northern Territory,Papua New Guinea,-6.315,143.9555,1/23/20,0,0,0
Ontario,United Kingdom,54.2361,-4.5481,1/23/20,0,0,0
Alberta,Zimbabwe,-20,30,1/23/20,0,0,0
Quebec,Canada,64.8255,-124.8457,1/23/20,0,0,0
Washington,Cape Verde,15.1111,-23.6167,1/23/20,0,0,0
New York,East Timor,-8.55,125.56,1/23/20,0,0,0
California,Eritrea,15.1794,39.7823,1/23/20,0,0,0
Massachusetts,Uganda,1,32,1/23/20,0,0,0
Diamond Princess,Dominica,15.415,-61.371,1/23/20,0,0,0
Grand Princess,Grenada,12.1165,-61.679,1/23/20,0,0,0
Georgia,Mozambique,-18.6657,35.5296,1/23/20,0,0,0
Colorado,Syria,34.8021,38.9968,1/23/20,0,0,0
Florida,Timor-Leste,-8.8742,125.7275,1/23/20,0,0,0
New Jersey,Thailand,15,101,1/24/20,5,0,0
Oregon,Japan,36,138,1/24/20,2,0,0
Texas,Singapore,1.2833,103.8333,1/24/20,3,0,0
Illinois,Nepal,28.1667,84.25,1/24/20,0,0,0
Pennsylvania,Malaysia,2.5,112.5,1/24/20,0,0,0
Iowa,Canada,49.2827,-123.1207,1/24/20,0,0,0
Maryland,Australia,-33.8688,151.2093,1/24/20,0,0,0
North Carolina,Australia,-37.8136,144.9631,1/24/20,0,0,0
South Carolina,Australia,-28.0167,153.4,1/24/20,0,0,0
Tennessee,Cambodia,11.55,104.9167,1/24/20,0,0,0
Virginia,Sri Lanka,7,81,1/24/20,0,0,0
Arizona,Germany,51,9,1/24/20,0,0,0
Indiana,Finland,64,26,1/24/20,0,0,0
Kentucky,United Arab Emirates,24,54,1/24/20,0,0,0
District of Columbia,Philippines,13,122,1/24/20,0,0,0
Nevada,India,21,78,1/24/20,0,0,0
New Hampshire,Italy,43,12,1/24/20,0,0,0
Minnesota,Sweden,63,16,1/24/20,0,0,0
Nebraska,Spain,40,-4,1/24/20,0,0,0
Ohio,Australia,-34.9285,138.6007,1/24/20,0,0,0
Rhode Island,Belgium,50.8333,4,1/24/20,0,0,0
Wisconsin,Egypt,26,30,1/24/20,0,0,0
Connecticut,Australia,35.4437,139.638,1/24/20,0,0,0
Hawaii,Lebanon,33.8547,35.8623,1/24/20,0,0,0
Oklahoma,Iraq,33,44,1/24/20,0,0,0
Utah,Oman,21,57,1/24/20,0,0,0
Kansas,Afghanistan,33,65,1/24/20,0,0,0
Louisiana,Bahrain,26.0275,50.55,1/24/20,0,0,0
Missouri,Kuwait,29.5,47.75,1/24/20,0,0,0
Vermont,Algeria,28.0339,1.6596,1/24/20,0,0,0
Alaska,Croatia,45.1,15.2,1/24/20,0,0,0
Arkansas,Switzerland,46.8182,8.2275,1/24/20,0,0,0
Delaware,Austria,47.5162,14.5501,1/24/20,0,0,0
Idaho,Israel,31,35,1/24/20,0,0,0
Maine,Pakistan,30.3753,69.3451,1/24/20,0,0,0
Michigan,Brazil,-14.235,-51.9253,1/24/20,0,0,0
Mississippi,Georgia,42.3154,43.3569,1/24/20,0,0,0
Montana,Greece,39.0742,21.8243,1/24/20,0,0,0
New Mexico,North Macedonia,41.6086,21.7453,1/24/20,0,0,0
North Dakota,Norway,60.472,8.4689,1/24/20,0,0,0
South Dakota,Romania,45.9432,24.9668,1/24/20,0,0,0
West Virginia,Estonia,58.5953,25.0136,1/24/20,0,0,0
Wyoming,San Marino,43.9424,12.4578,1/24/20,0,0,0
France,Belarus,53.7098,27.9534,1/24/20,0,0,0
Diamond Princess,Iceland,64.9631,-19.0208,1/24/20,0,0,0
Denmark,Lithuania,55.1694,23.8813,1/24/20,0,0,0
Faroe Islands,Mexico,23.6345,-102.5528,1/24/20,0,0,0
St Martin,New Zealand,-40.9006,174.886,1/24/20,0,0,0
Channel Islands,Nigeria,9.082,8.6753,1/24/20,0,0,0
New Brunswick,Australia,-31.9505,115.8605,1/24/20,0,0,0
Saint Barthelemy,Ireland,53.1424,-7.6921,1/24/20,0,0,0
Gibraltar,Luxembourg,49.8153,6.1296,1/24/20,0,0,0
Australian Capital Territory,Monaco,43.7333,7.4167,1/24/20,0,0,0
United Kingdom,Qatar,25.3548,51.1839,1/24/20,0,0,0
French Polynesia,Ecuador,-1.8312,-78.1834,1/24/20,0,0,0
Manitoba,Azerbaijan,40.1431,47.5769,1/24/20,0,0,0
Saskatchewan,Armenia,40.0691,45.0382,1/24/20,0,0,0
Grand Princess,Dominican Republic,18.7357,-70.1627,1/24/20,0,0,0
Alabama,Indonesia,-0.7893,113.9213,1/24/20,0,0,0
Puerto Rico,Portugal,39.3999,-8.2245,1/24/20,0,0,0
French Guiana,Andorra,42.5063,1.5218,1/24/20,0,0,0
Guam,Australia,-41.4545,145.9707,1/24/20,0,0,0
Newfoundland and Labrador,Latvia,56.8796,24.6032,1/24/20,0,0,0
Prince Edward Island,Morocco,31.7917,-7.0926,1/24/20,0,0,0
Mayotte,Saudi Arabia,24,45,1/24/20,0,0,0
Netherlands,Senegal,14.4974,-14.4524,1/24/20,0,0,0
Nova Scotia,Argentina,-38.4161,-63.6167,1/24/20,0,0,0
Guadeloupe,Chile,-35.6751,-71.543,1/24/20,0,0,0
Curacao,Jordan,31.24,36.51,1/24/20,0,0,0
Virgin Islands,Ukraine,48.3794,31.1656,1/24/20,0,0,0
Cayman Islands,Hungary,47.1625,19.5033,1/24/20,0,0,0
Reunion,Australia,-12.4634,130.8456,1/24/20,0,0,0
Aruba,Liechtenstein,47.14,9.55,1/24/20,0,0,0
Montserrat,Poland,51.9194,19.1451,1/24/20,0,0,0
Greenland,Tunisia,34,9,1/24/20,0,0,0
New Caledonia,Bosnia and Herzegovina,43.9159,17.6791,1/24/20,0,0,0
Bermuda,Slovenia,46.1512,14.9955,1/24/20,0,0,0
Sint Maarten,South Africa,-30.5595,22.9375,1/24/20,0,0,0
Isle of Man,Bhutan,27.5142,90.4336,1/24/20,0,0,0
Northwest Territories,Cameroon,3.848,11.5021,1/24/20,0,0,0
British Columbia,Colombia,4.5709,-74.2973,1/24/20,0,0,0
New South Wales,Costa Rica,9.7489,-83.7534,1/24/20,0,0,0
Victoria,Peru,-9.19,-75.0152,1/24/20,0,0,0
Queensland,Serbia,44.0165,21.0059,1/24/20,0,0,0
South Australia,Slovakia,48.669,19.699,1/24/20,0,0,0
From Diamond Princess,Togo,8.6195,0.8248,1/24/20,0,0,0
Western Australia,Malta,35.9375,14.3754,1/24/20,0,0,0
Tasmania,Martinique,14.6415,-61.0242,1/24/20,0,0,0
Northern Territory,Bulgaria,42.7339,25.4858,1/24/20,0,0,0
Ontario,Maldives,3.2028,73.2207,1/24/20,0,0,0
Alberta,Bangladesh,23.685,90.3563,1/24/20,0,0,0
Quebec,Paraguay,-23.4425,-58.4438,1/24/20,0,0,0
Washington,Canada,51.2538,-85.3232,1/24/20,0,0,0
New York,Canada,53.9333,-116.5765,1/24/20,0,0,0
California,Canada,52.9399,-73.5491,1/24/20,0,0,0
Massachusetts,Albania,41.1533,20.1683,1/24/20,0,0,0
Diamond Princess,Cyprus,35.1264,33.4299,1/24/20,0,0,0
Grand Princess,Brunei,4.5353,114.7277,1/24/20,0,0,0
Georgia,US,47.4009,-121.4905,1/24/20,0,0,0
Colorado,US,42.1657,-74.9481,1/24/20,0,0,0
Florida,US,36.1162,-119.6816,1/24/20,0,0,0
New Jersey,US,42.2302,-71.5301,1/24/20,0,0,0
Oregon,US,35.4437,139.638,1/24/20,0,0,0
Texas,US,37.6489,-122.6655,1/24/20,0,0,0
Illinois,US,33.0406,-83.6431,1/24/20,0,0,0
Pennsylvania,US,39.0598,-105.3111,1/24/20,0,0,0
Iowa,US,27.7663,-81.6868,1/24/20,0,0,0
Maryland,US,40.2989,-74.521,1/24/20,0,0,0
North Carolina,US,44.572,-122.0709,1/24/20,0,0,0
South Carolina,US,31.0545,-97.5635,1/24/20,0,0,0
Tennessee,US,40.3495,-88.9861,1/24/20,0,0,0
Virginia,US,40.5908,-77.2098,1/24/20,0,0,0
Arizona,US,42.0115,-93.2105,1/24/20,0,0,0
Indiana,US,39.0639,-76.8021,1/24/20,0,0,0
Kentucky,US,35.6301,-79.8064,1/24/20,0,0,0
District of Columbia,US,33.8569,-80.945,1/24/20,0,0,0
Nevada,US,35.7478,-86.6923,1/24/20,0,0,0
New Hampshire,US,37.7693,-78.17,1/24/20,0,0,0
Minnesota,US,33.7298,-111.4312,1/24/20,0,0,0
Nebraska,US,39.8494,-86.2583,1/24/20,0,0,0
Ohio,US,37.6681,-84.6701,1/24/20,0,0,0
Rhode Island,US,38.8974,-77.0268,1/24/20,0,0,0
Wisconsin,US,38.3135,-117.0554,1/24/20,0,0,0
Connecticut,US,43.4525,-71.5639,1/24/20,0,0,0
Hawaii,US,45.6945,-93.9002,1/24/20,0,0,0
Oklahoma,US,41.1254,-98.2681,1/24/20,0,0,0
Utah,US,40.3888,-82.7649,1/24/20,0,0,0
Kansas,US,41.6809,-71.5118,1/24/20,0,0,0
Louisiana,US,44.2685,-89.6165,1/24/20,0,0,0
Missouri,US,41.5978,-72.7554,1/24/20,0,0,0
Vermont,US,21.0943,-157.4983,1/24/20,0,0,0
Alaska,US,35.5653,-96.9289,1/24/20,0,0,0
Arkansas,US,40.15,-111.8624,1/24/20,0,0,0
Delaware,Burkina Faso,12.2383,-1.5616,1/24/20,0,0,0
Idaho,Holy See,41.9029,12.4534,1/24/20,0,0,0
Maine,Mongolia,46.8625,103.8467,1/24/20,0,0,0
Michigan,Panama,8.538,-80.7821,1/24/20,0,0,0
Mississippi,US,38.5266,-96.7265,1/24/20,0,0,0
Montana,US,31.1695,-91.8678,1/24/20,0,0,0
New Mexico,US,38.4561,-92.2884,1/24/20,0,0,0
North Dakota,US,44.0459,-72.7107,1/24/20,0,0,0
South Dakota,US,61.3707,-152.4044,1/24/20,0,0,0
West Virginia,US,34.9697,-92.3731,1/24/20,0,0,0
Wyoming,US,39.3185,-75.5071,1/24/20,0,0,0
France,US,44.2405,-114.4788,1/24/20,0,0,0
Diamond Princess,US,44.6939,-69.3819,1/24/20,0,0,0
Denmark,US,43.3266,-84.5361,1/24/20,0,0,0
Faroe Islands,US,32.7416,-89.6787,1/24/20,0,0,0
St Martin,US,46.9219,-110.4544,1/24/20,0,0,0
Channel Islands,US,34.8405,-106.2485,1/24/20,0,0,0
New Brunswick,US,47.5289,-99.784,1/24/20,0,0,0
Saint Barthelemy,US,44.2998,-99.4388,1/24/20,0,0,0
Gibraltar,US,38.4912,-80.9545,1/24/20,0,0,0
Australian Capital Territory,US,42.756,-107.3025,1/24/20,0,0,0
United Kingdom,Iran,32,53,1/24/20,0,0,0
French Polynesia,South Korea,36,128,1/24/20,2,0,0
Manitoba,France,46.2276,2.2137,1/24/20,2,0,0
Saskatchewan,Cruise Ship,35.4437,139.638,1/24/20,0,0,0
Grand Princess,Denmark,56.2639,9.5018,1/24/20,0,0,0
Alabama,Czechia,49.8175,15.473,1/24/20,0,0,0
Puerto Rico,Taiwan*,23.7,121,1/24/20,3,0,0
French Guiana,Vietnam,16,108,1/24/20,2,0,0
Guam,Russia,60,90,1/24/20,0,0,0
Newfoundland and Labrador,Moldova,47.4116,28.3699,1/24/20,0,0,0
Prince Edward Island,Bolivia,-16.2902,-63.5887,1/24/20,0,0,0
Mayotte,Denmark,61.8926,-6.9118,1/24/20,0,0,0
Netherlands,France,18.0708,-63.0501,1/24/20,0,0,0
Nova Scotia,Honduras,15.2,-86.2419,1/24/20,0,0,0
Guadeloupe,United Kingdom,49.3723,-2.3644,1/24/20,0,0,0
Curacao,Canada,46.5653,-66.4619,1/24/20,0,0,0
Virgin Islands,Congo (Kinshasa),-4.0383,21.7587,1/24/20,0,0,0
Cayman Islands,Cote d'Ivoire,7.54,-5.5471,1/24/20,0,0,0
Reunion,France,17.9,-62.8333,1/24/20,0,0,0
Aruba,Jamaica,18.1096,-77.2975,1/24/20,0,0,0
Montserrat,Turkey,38.9637,35.2433,1/24/20,0,0,0
Greenland,United Kingdom,36.1408,-5.3536,1/24/20,0,0,0
New Caledonia,Cuba,22,-80,1/24/20,0,0,0
Bermuda,Guyana,5,-58.75,1/24/20,0,0,0
Sint Maarten,Australia,-35.4735,149.0124,1/24/20,0,0,0
Isle of Man,United Kingdom,55.3781,-3.436,1/24/20,0,0,0
Northwest Territories,Kazakhstan,48.0196,66.9237,1/24/20,0,0,0
British Columbia,France,-17.6797,149.4068,1/24/20,0,0,0
New South Wales,Canada,53.7609,-98.8139,1/24/20,0,0,0
Victoria,Canada,52.9399,-106.4509,1/24/20,0,0,0
Queensland,Ethiopia,9.145,40.4897,1/24/20,0,0,0
South Australia,Sudan,12.8628,30.2176,1/24/20,0,0,0
From Diamond Princess,Guinea,9.9456,-9.6966,1/24/20,0,0,0
Western Australia,Canada,37.6489,-122.6655,1/24/20,0,0,0
Tasmania,Kenya,-0.0236,37.9062,1/24/20,0,0,0
Northern Territory,Antigua and Barbuda,17.0608,-61.7964,1/24/20,0,0,0
Ontario,US,32.3182,-86.9023,1/24/20,0,0,0
Alberta,Uruguay,-32.5228,-55.7658,1/24/20,0,0,0
Quebec,Ghana,7.9465,-1.0232,1/24/20,0,0,0
Washington,US,18.2208,-66.5901,1/24/20,0,0,0
New York,Namibia,-22.9576,18.4904,1/24/20,0,0,0
California,Seychelles,-4.6796,55.492,1/24/20,0,0,0
Massachusetts,Trinidad and Tobago,10.6918,-61.2225,1/24/20,0,0,0
Diamond Princess,Venezuela,6.4238,-66.5897,1/24/20,0,0,0
Grand Princess,Eswatini,-26.5225,31.4659,1/24/20,0,0,0
Georgia,Gabon,-0.8037,11.6094,1/24/20,0,0,0
Colorado,Guatemala,15.7835,-90.2308,1/24/20,0,0,0
Florida,Mauritania,21.0079,10.9408,1/24/20,0,0,0
New Jersey,Rwanda,-1.9403,29.8739,1/24/20,0,0,0
Oregon,Saint Lucia,13.9094,-60.9789,1/24/20,0,0,0
Texas,Saint Vincent and the Grenadines,12.9843,-61.2872,1/24/20,0,0,0
Illinois,Suriname,3.9193,-56.0278,1/24/20,0,0,0
Pennsylvania,France,3.9339,-53.1258,1/24/20,0,0,0
Iowa,US,13.4443,144.7937,1/24/20,0,0,0
Maryland,Kosovo,42.6026,20.903,1/24/20,0,0,0
North Carolina,Canada,53.1355,-57.6604,1/24/20,0,0,0
South Carolina,Canada,46.5107,-63.4168,1/24/20,0,0,0
Tennessee,Central African Republic,6.6111,20.9394,1/24/20,0,0,0
Virginia,Congo (Brazzaville),-4.0383,21.7587,1/24/20,0,0,0
Arizona,Equatorial Guinea,1.5,10,1/24/20,0,0,0
Indiana,France,-12.8275,45.1662,1/24/20,0,0,0
Kentucky,Uzbekistan,41.3775,64.5853,1/24/20,0,0,0
District of Columbia,Netherlands,52.1326,5.2913,1/24/20,0,0,0
Nevada,Canada,44.682,-63.7443,1/24/20,0,0,0
New Hampshire,France,16.25,-61.5833,1/24/20,0,0,0
Minnesota,Benin,9.3077,2.3158,1/24/20,0,0,0
Nebraska,Liberia,6.4281,-9.4295,1/24/20,0,0,0
Ohio,Netherlands,12.1696,-68.99,1/24/20,0,0,0
Rhode Island,Somalia,5.1521,46.1996,1/24/20,0,0,0
Wisconsin,Tanzania,-6.369,34.8888,1/24/20,0,0,0
Connecticut,US,18.3358,-64.8963,1/24/20,0,0,0
Hawaii,United Kingdom,19.3133,-81.2546,1/24/20,0,0,0
Oklahoma,France,-21.1351,55.2471,1/24/20,0,0,0
Utah,Barbados,13.1939,-59.5432,1/24/20,0,0,0
Kansas,Montenegro,42.5,19.3,1/24/20,0,0,0
Louisiana,Kyrgyzstan,41.2044,74.7661,1/24/20,0,0,0
Missouri,Mauritius,-20.2,57.5,1/24/20,0,0,0
Vermont,Netherlands,12.5186,-70.0358,1/24/20,0,0,0
Alaska,Zambia,-15.4167,28.2833,1/24/20,0,0,0
Arkansas,Djibouti,11.8251,42.5903,1/24/20,0,0,0
Delaware,"Gambia, The",13.4432,-15.3101,1/24/20,0,0,0
Idaho,United Kingdom,16.7425,-62.1874,1/24/20,0,0,0
Maine,"Bahamas, The",25.0343,-77.3963,1/24/20,0,0,0
Michigan,Denmark,71.7069,-42.6043,1/24/20,0,0,0
Mississippi,France,-20.9043,165.618,1/24/20,0,0,0
Montana,United Kingdom,32.3078,-64.7505,1/24/20,0,0,0
New Mexico,Chad,15.4542,18.7322,1/24/20,0,0,0
North Dakota,El Salvador,13.7942,-88.8965,1/24/20,0,0,0
South Dakota,Fiji,-17.7134,178.065,1/24/20,0,0,0
West Virginia,Nicaragua,12.8654,-85.2072,1/24/20,0,0,0
Wyoming,Madagascar,-18.7669,46.8691,1/24/20,0,0,0
France,Haiti,18.9712,-72.2852,1/24/20,0,0,0
Diamond Princess,Angola,-11.2027,17.8739,1/24/20,0,0,0
Denmark,Cabo Verde,16.5388,-23.0418,1/24/20,0,0,0
Faroe Islands,Netherlands,18.0425,-63.0548,1/24/20,0,0,0
St Martin,Niger,17.6078,8.0817,1/24/20,0,0,0
Channel Islands,Papua New Guinea,-6.315,143.9555,1/24/20,0,0,0
New Brunswick,United Kingdom,54.2361,-4.5481,1/24/20,0,0,0
Saint Barthelemy,Zimbabwe,-20,30,1/24/20,0,0,0
Gibraltar,Canada,64.8255,-124.8457,1/24/20,0,0,0
Australian Capital Territory,Cape Verde,15.1111,-23.6167,1/24/20,0,0,0
United Kingdom,East Timor,-8.55,125.56,1/24/20,0,0,0
French Polynesia,Eritrea,15.1794,39.7823,1/24/20,0,0,0
Manitoba,Uganda,1,32,1/24/20,0,0,0
Saskatchewan,Dominica,15.415,-61.371,1/24/20,0,0,0
Grand Princess,Grenada,12.1165,-61.679,1/24/20,0,0,0
Alabama,Mozambique,-18.6657,35.5296,1/24/20,0,0,0
Puerto Rico,Syria,34.8021,38.9968,1/24/20,0,0,0
French Guiana,Timor-Leste,-8.8742,125.7275,1/24/20,0,0,0
Guam,Thailand,15,101,1/25/20,7,0,0
Newfoundland and Labrador,Japan,36,138,1/25/20,2,0,0
Prince Edward Island,Singapore,1.2833,103.8333,1/25/20,3,0,0
Mayotte,Nepal,28.1667,84.25,1/25/20,1,0,0
Netherlands,Malaysia,2.5,112.5,1/25/20,3,0,0
Nova Scotia,Canada,49.2827,-123.1207,1/25/20,0,0,0
Guadeloupe,Australia,-33.8688,151.2093,1/25/20,0,0,0
Curacao,Australia,-37.8136,144.9631,1/25/20,0,0,0
Virgin Islands,Australia,-28.0167,153.4,1/25/20,0,0,0
Cayman Islands,Cambodia,11.55,104.9167,1/25/20,0,0,0
Reunion,Sri Lanka,7,81,1/25/20,0,0,0
Aruba,Germany,51,9,1/25/20,0,0,0
Montserrat,Finland,64,26,1/25/20,0,0,0
Greenland,United Arab Emirates,24,54,1/25/20,0,0,0
New Caledonia,Philippines,13,122,1/25/20,0,0,0
Bermuda,India,21,78,1/25/20,0,0,0
Sint Maarten,Italy,43,12,1/25/20,0,0,0
Isle of Man,Sweden,63,16,1/25/20,0,0,0
Northwest Territories,Spain,40,-4,1/25/20,0,0,0
British Columbia,Australia,-34.9285,138.6007,1/25/20,0,0,0
New South Wales,Belgium,50.8333,4,1/25/20,0,0,0
Victoria,Egypt,26,30,1/25/20,0,0,0
Queensland,Australia,35.4437,139.638,1/25/20,0,0,0
South Australia,Lebanon,33.8547,35.8623,1/25/20,0,0,0
From Diamond Princess,Iraq,33,44,1/25/20,0,0,0
Western Australia,Oman,21,57,1/25/20,0,0,0
Tasmania,Afghanistan,33,65,1/25/20,0,0,0
Northern Territory,Bahrain,26.0275,50.55,1/25/20,0,0,0
Ontario,Kuwait,29.5,47.75,1/25/20,0,0,0
Alberta,Algeria,28.0339,1.6596,1/25/20,0,0,0
Quebec,Croatia,45.1,15.2,1/25/20,0,0,0
Washington,Switzerland,46.8182,8.2275,1/25/20,0,0,0
New York,Austria,47.5162,14.5501,1/25/20,0,0,0
California,Israel,31,35,1/25/20,0,0,0
Massachusetts,Pakistan,30.3753,69.3451,1/25/20,0,0,0
Diamond Princess,Brazil,-14.235,-51.9253,1/25/20,0,0,0
Grand Princess,Georgia,42.3154,43.3569,1/25/20,0,0,0
Georgia,Greece,39.0742,21.8243,1/25/20,0,0,0
Colorado,North Macedonia,41.6086,21.7453,1/25/20,0,0,0
Florida,Norway,60.472,8.4689,1/25/20,0,0,0
New Jersey,Romania,45.9432,24.9668,1/25/20,0,0,0
Oregon,Estonia,58.5953,25.0136,1/25/20,0,0,0
Texas,San Marino,43.9424,12.4578,1/25/20,0,0,0
Illinois,Belarus,53.7098,27.9534,1/25/20,0,0,0
Pennsylvania,Iceland,64.9631,-19.0208,1/25/20,0,0,0
Iowa,Lithuania,55.1694,23.8813,1/25/20,0,0,0
Maryland,Mexico,23.6345,-102.5528,1/25/20,0,0,0
North Carolina,New Zealand,-40.9006,174.886,1/25/20,0,0,0
South Carolina,Nigeria,9.082,8.6753,1/25/20,0,0,0
Tennessee,Australia,-31.9505,115.8605,1/25/20,0,0,0
Virginia,Ireland,53.1424,-7.6921,1/25/20,0,0,0
Arizona,Luxembourg,49.8153,6.1296,1/25/20,0,0,0
Indiana,Monaco,43.7333,7.4167,1/25/20,0,0,0
Kentucky,Qatar,25.3548,51.1839,1/25/20,0,0,0
District of Columbia,Ecuador,-1.8312,-78.1834,1/25/20,0,0,0
Nevada,Azerbaijan,40.1431,47.5769,1/25/20,0,0,0
New Hampshire,Armenia,40.0691,45.0382,1/25/20,0,0,0
Minnesota,Dominican Republic,18.7357,-70.1627,1/25/20,0,0,0
Nebraska,Indonesia,-0.7893,113.9213,1/25/20,0,0,0
Ohio,Portugal,39.3999,-8.2245,1/25/20,0,0,0
Rhode Island,Andorra,42.5063,1.5218,1/25/20,0,0,0
Wisconsin,Australia,-41.4545,145.9707,1/25/20,0,0,0
Connecticut,Latvia,56.8796,24.6032,1/25/20,0,0,0
Hawaii,Morocco,31.7917,-7.0926,1/25/20,0,0,0
Oklahoma,Saudi Arabia,24,45,1/25/20,0,0,0
Utah,Senegal,14.4974,-14.4524,1/25/20,0,0,0
Kansas,Argentina,-38.4161,-63.6167,1/25/20,0,0,0
Louisiana,Chile,-35.6751,-71.543,1/25/20,0,0,0
Missouri,Jordan,31.24,36.51,1/25/20,0,0,0
Vermont,Ukraine,48.3794,31.1656,1/25/20,0,0,0
Alaska,Hungary,47.1625,19.5033,1/25/20,0,0,0
Arkansas,Australia,-12.4634,130.8456,1/25/20,0,0,0
Delaware,Liechtenstein,47.14,9.55,1/25/20,0,0,0
Idaho,Poland,51.9194,19.1451,1/25/20,0,0,0
Maine,Tunisia,34,9,1/25/20,0,0,0
Michigan,Bosnia and Herzegovina,43.9159,17.6791,1/25/20,0,0,0
Mississippi,Slovenia,46.1512,14.9955,1/25/20,0,0,0
Montana,South Africa,-30.5595,22.9375,1/25/20,0,0,0
New Mexico,Bhutan,27.5142,90.4336,1/25/20,0,0,0
North Dakota,Cameroon,3.848,11.5021,1/25/20,0,0,0
South Dakota,Colombia,4.5709,-74.2973,1/25/20,0,0,0
West Virginia,Costa Rica,9.7489,-83.7534,1/25/20,0,0,0
Wyoming,Peru,-9.19,-75.0152,1/25/20,0,0,0
France,Serbia,44.0165,21.0059,1/25/20,0,0,0
Diamond Princess,Slovakia,48.669,19.699,1/25/20,0,0,0
Denmark,Togo,8.6195,0.8248,1/25/20,0,0,0
Faroe Islands,Malta,35.9375,14.3754,1/25/20,0,0,0
St Martin,Martinique,14.6415,-61.0242,1/25/20,0,0,0
Channel Islands,Bulgaria,42.7339,25.4858,1/25/20,0,0,0
New Brunswick,Maldives,3.2028,73.2207,1/25/20,0,0,0
Saint Barthelemy,Bangladesh,23.685,90.3563,1/25/20,0,0,0
Gibraltar,Paraguay,-23.4425,-58.4438,1/25/20,0,0,0
Australian Capital Territory,Canada,51.2538,-85.3232,1/25/20,0,0,0
United Kingdom,Canada,53.9333,-116.5765,1/25/20,0,0,0
French Polynesia,Canada,52.9399,-73.5491,1/25/20,0,0,0
Manitoba,Albania,41.1533,20.1683,1/25/20,0,0,0
Saskatchewan,Cyprus,35.1264,33.4299,1/25/20,0,0,0
Grand Princess,Brunei,4.5353,114.7277,1/25/20,0,0,0
Alabama,US,47.4009,-121.4905,1/25/20,0,0,0
Puerto Rico,US,42.1657,-74.9481,1/25/20,0,0,0
French Guiana,US,36.1162,-119.6816,1/25/20,0,0,0
Guam,US,42.2302,-71.5301,1/25/20,0,0,0
Newfoundland and Labrador,US,35.4437,139.638,1/25/20,0,0,0
Prince Edward Island,US,37.6489,-122.6655,1/25/20,0,0,0
Mayotte,US,33.0406,-83.6431,1/25/20,0,0,0
Netherlands,US,39.0598,-105.3111,1/25/20,0,0,0
Nova Scotia,US,27.7663,-81.6868,1/25/20,0,0,0
Guadeloupe,US,40.2989,-74.521,1/25/20,0,0,0
Curacao,US,44.572,-122.0709,1/25/20,0,0,0
Virgin Islands,US,31.0545,-97.5635,1/25/20,0,0,0
Cayman Islands,US,40.3495,-88.9861,1/25/20,0,0,0
Reunion,US,40.5908,-77.2098,1/25/20,0,0,0
Aruba,US,42.0115,-93.2105,1/25/20,0,0,0
Montserrat,US,39.0639,-76.8021,1/25/20,0,0,0
Greenland,US,35.6301,-79.8064,1/25/20,0,0,0
New Caledonia,US,33.8569,-80.945,1/25/20,0,0,0
Bermuda,US,35.7478,-86.6923,1/25/20,0,0,0
Sint Maarten,US,37.7693,-78.17,1/25/20,0,0,0
Isle of Man,US,33.7298,-111.4312,1/25/20,0,0,0
Northwest Territories,US,39.8494,-86.2583,1/25/20,0,0,0
British Columbia,US,37.6681,-84.6701,1/25/20,0,0,0
New South Wales,US,38.8974,-77.0268,1/25/20,0,0,0
Victoria,US,38.3135,-117.0554,1/25/20,0,0,0
Queensland,US,43.4525,-71.5639,1/25/20,0,0,0
South Australia,US,45.6945,-93.9002,1/25/20,0,0,0
From Diamond Princess,US,41.1254,-98.2681,1/25/20,0,0,0
Western Australia,US,40.3888,-82.7649,1/25/20,0,0,0
Tasmania,US,41.6809,-71.5118,1/25/20,0,0,0
Northern Territory,US,44.2685,-89.6165,1/25/20,0,0,0
Ontario,US,41.5978,-72.7554,1/25/20,0,0,0
Alberta,US,21.0943,-157.4983,1/25/20,0,0,0
Quebec,US,35.5653,-96.9289,1/25/20,0,0,0
Washington,US,40.15,-111.8624,1/25/20,0,0,0
New York,Burkina Faso,12.2383,-1.5616,1/25/20,0,0,0
California,Holy See,41.9029,12.4534,1/25/20,0,0,0
Massachusetts,Mongolia,46.8625,103.8467,1/25/20,0,0,0
Diamond Princess,Panama,8.538,-80.7821,1/25/20,0,0,0
Grand Princess,US,38.5266,-96.7265,1/25/20,0,0,0
Georgia,US,31.1695,-91.8678,1/25/20,0,0,0
Colorado,US,38.4561,-92.2884,1/25/20,0,0,0
Florida,US,44.0459,-72.7107,1/25/20,0,0,0
New Jersey,US,61.3707,-152.4044,1/25/20,0,0,0
Oregon,US,34.9697,-92.3731,1/25/20,0,0,0
Texas,US,39.3185,-75.5071,1/25/20,0,0,0
Illinois,US,44.2405,-114.4788,1/25/20,0,0,0
Pennsylvania,US,44.6939,-69.3819,1/25/20,0,0,0
Iowa,US,43.3266,-84.5361,1/25/20,0,0,0
Maryland,US,32.7416,-89.6787,1/25/20,0,0,0
North Carolina,US,46.9219,-110.4544,1/25/20,0,0,0
South Carolina,US,34.8405,-106.2485,1/25/20,0,0,0
Tennessee,US,47.5289,-99.784,1/25/20,0,0,0
Virginia,US,44.2998,-99.4388,1/25/20,0,0,0
Arizona,US,38.4912,-80.9545,1/25/20,0,0,0
Indiana,US,42.756,-107.3025,1/25/20,0,0,0
Kentucky,Iran,32,53,1/25/20,0,0,0
District of Columbia,South Korea,36,128,1/25/20,2,0,0
Nevada,France,46.2276,2.2137,1/25/20,3,0,0
New Hampshire,Cruise Ship,35.4437,139.638,1/25/20,0,0,0
Minnesota,Denmark,56.2639,9.5018,1/25/20,0,0,0
Nebraska,Czechia,49.8175,15.473,1/25/20,0,0,0
Ohio,Taiwan*,23.7,121,1/25/20,3,0,0
Rhode Island,Vietnam,16,108,1/25/20,2,0,0
Wisconsin,Russia,60,90,1/25/20,0,0,0
Connecticut,Moldova,47.4116,28.3699,1/25/20,0,0,0
Hawaii,Bolivia,-16.2902,-63.5887,1/25/20,0,0,0
Oklahoma,Denmark,61.8926,-6.9118,1/25/20,0,0,0
Utah,France,18.0708,-63.0501,1/25/20,0,0,0
Kansas,Honduras,15.2,-86.2419,1/25/20,0,0,0
Louisiana,United Kingdom,49.3723,-2.3644,1/25/20,0,0,0
Missouri,Canada,46.5653,-66.4619,1/25/20,0,0,0
Vermont,Congo (Kinshasa),-4.0383,21.7587,1/25/20,0,0,0
Alaska,Cote d'Ivoire,7.54,-5.5471,1/25/20,0,0,0
Arkansas,France,17.9,-62.8333,1/25/20,0,0,0
Delaware,Jamaica,18.1096,-77.2975,1/25/20,0,0,0
Idaho,Turkey,38.9637,35.2433,1/25/20,0,0,0
Maine,United Kingdom,36.1408,-5.3536,1/25/20,0,0,0
Michigan,Cuba,22,-80,1/25/20,0,0,0
Mississippi,Guyana,5,-58.75,1/25/20,0,0,0
Montana,Australia,-35.4735,149.0124,1/25/20,0,0,0
New Mexico,United Kingdom,55.3781,-3.436,1/25/20,0,0,0
North Dakota,Kazakhstan,48.0196,66.9237,1/25/20,0,0,0
South Dakota,France,-17.6797,149.4068,1/25/20,0,0,0
West Virginia,Canada,53.7609,-98.8139,1/25/20,0,0,0
Wyoming,Canada,52.9399,-106.4509,1/25/20,0,0,0
France,Ethiopia,9.145,40.4897,1/25/20,0,0,0
Diamond Princess,Sudan,12.8628,30.2176,1/25/20,0,0,0
Denmark,Guinea,9.9456,-9.6966,1/25/20,0,0,0
Faroe Islands,Canada,37.6489,-122.6655,1/25/20,0,0,0
St Martin,Kenya,-0.0236,37.9062,1/25/20,0,0,0
Channel Islands,Antigua and Barbuda,17.0608,-61.7964,1/25/20,0,0,0
New Brunswick,US,32.3182,-86.9023,1/25/20,0,0,0
Saint Barthelemy,Uruguay,-32.5228,-55.7658,1/25/20,0,0,0
Gibraltar,Ghana,7.9465,-1.0232,1/25/20,0,0,0
Australian Capital Territory,US,18.2208,-66.5901,1/25/20,0,0,0
United Kingdom,Namibia,-22.9576,18.4904,1/25/20,0,0,0
French Polynesia,Seychelles,-4.6796,55.492,1/25/20,0,0,0
Manitoba,Trinidad and Tobago,10.6918,-61.2225,1/25/20,0,0,0
Saskatchewan,Venezuela,6.4238,-66.5897,1/25/20,0,0,0
Grand Princess,Eswatini,-26.5225,31.4659,1/25/20,0,0,0
Alabama,Gabon,-0.8037,11.6094,1/25/20,0,0,0
Puerto Rico,Guatemala,15.7835,-90.2308,1/25/20,0,0,0
French Guiana,Mauritania,21.0079,10.9408,1/25/20,0,0,0
Guam,Rwanda,-1.9403,29.8739,1/25/20,0,0,0
Newfoundland and Labrador,Saint Lucia,13.9094,-60.9789,1/25/20,0,0,0
Prince Edward Island,Saint Vincent and the Grenadines,12.9843,-61.2872,1/25/20,0,0,0
Mayotte,Suriname,3.9193,-56.0278,1/25/20,0,0,0
Netherlands,France,3.9339,-53.1258,1/25/20,0,0,0
Nova Scotia,US,13.4443,144.7937,1/25/20,0,0,0
Guadeloupe,Kosovo,42.6026,20.903,1/25/20,0,0,0
Curacao,Canada,53.1355,-57.6604,1/25/20,0,0,0
Virgin Islands,Canada,46.5107,-63.4168,1/25/20,0,0,0
Cayman Islands,Central African Republic,6.6111,20.9394,1/25/20,0,0,0
Reunion,Congo (Brazzaville),-4.0383,21.7587,1/25/20,0,0,0
Aruba,Equatorial Guinea,1.5,10,1/25/20,0,0,0
Montserrat,France,-12.8275,45.1662,1/25/20,0,0,0
Greenland,Uzbekistan,41.3775,64.5853,1/25/20,0,0,0
New Caledonia,Netherlands,52.1326,5.2913,1/25/20,0,0,0
Bermuda,Canada,44.682,-63.7443,1/25/20,0,0,0
Sint Maarten,France,16.25,-61.5833,1/25/20,0,0,0
Isle of Man,Benin,9.3077,2.3158,1/25/20,0,0,0
Northwest Territories,Liberia,6.4281,-9.4295,1/25/20,0,0,0
British Columbia,Netherlands,12.1696,-68.99,1/25/20,0,0,0
New South Wales,Somalia,5.1521,46.1996,1/25/20,0,0,0
Victoria,Tanzania,-6.369,34.8888,1/25/20,0,0,0
Queensland,US,18.3358,-64.8963,1/25/20,0,0,0
South Australia,United Kingdom,19.3133,-81.2546,1/25/20,0,0,0
From Diamond Princess,France,-21.1351,55.2471,1/25/20,0,0,0
Western Australia,Barbados,13.1939,-59.5432,1/25/20,0,0,0
Tasmania,Montenegro,42.5,19.3,1/25/20,0,0,0
Northern Territory,Kyrgyzstan,41.2044,74.7661,1/25/20,0,0,0
Ontario,Mauritius,-20.2,57.5,1/25/20,0,0,0
Alberta,Netherlands,12.5186,-70.0358,1/25/20,0,0,0
Quebec,Zambia,-15.4167,28.2833,1/25/20,0,0,0
Washington,Djibouti,11.8251,42.5903,1/25/20,0,0,0
New York,"Gambia, The",13.4432,-15.3101,1/25/20,0,0,0
California,United Kingdom,16.7425,-62.1874,1/25/20,0,0,0
Massachusetts,"Bahamas, The",25.0343,-77.3963,1/25/20,0,0,0
Diamond Princess,Denmark,71.7069,-42.6043,1/25/20,0,0,0
Grand Princess,France,-20.9043,165.618,1/25/20,0,0,0
Georgia,United Kingdom,32.3078,-64.7505,1/25/20,0,0,0
Colorado,Chad,15.4542,18.7322,1/25/20,0,0,0
Florida,El Salvador,13.7942,-88.8965,1/25/20,0,0,0
New Jersey,Fiji,-17.7134,178.065,1/25/20,0,0,0
Oregon,Nicaragua,12.8654,-85.2072,1/25/20,0,0,0
Texas,Madagascar,-18.7669,46.8691,1/25/20,0,0,0
Illinois,Haiti,18.9712,-72.2852,1/25/20,0,0,0
Pennsylvania,Angola,-11.2027,17.8739,1/25/20,0,0,0
Iowa,Cabo Verde,16.5388,-23.0418,1/25/20,0,0,0
Maryland,Netherlands,18.0425,-63.0548,1/25/20,0,0,0
North Carolina,Niger,17.6078,8.0817,1/25/20,0,0,0
South Carolina,Papua New Guinea,-6.315,143.9555,1/25/20,0,0,0
Tennessee,United Kingdom,54.2361,-4.5481,1/25/20,0,0,0
Virginia,Zimbabwe,-20,30,1/25/20,0,0,0
Arizona,Canada,64.8255,-124.8457,1/25/20,0,0,0
Indiana,Cape Verde,15.1111,-23.6167,1/25/20,0,0,0
Kentucky,East Timor,-8.55,125.56,1/25/20,0,0,0
District of Columbia,Eritrea,15.1794,39.7823,1/25/20,0,0,0
Nevada,Uganda,1,32,1/25/20,0,0,0
New Hampshire,Dominica,15.415,-61.371,1/25/20,0,0,0
Minnesota,Grenada,12.1165,-61.679,1/25/20,0,0,0
Nebraska,Mozambique,-18.6657,35.5296,1/25/20,0,0,0
Ohio,Syria,34.8021,38.9968,1/25/20,0,0,0
Rhode Island,Timor-Leste,-8.8742,125.7275,1/25/20,0,0,0
Wisconsin,Thailand,15,101,1/26/20,8,0,2
Connecticut,Japan,36,138,1/26/20,4,0,1
Hawaii,Singapore,1.2833,103.8333,1/26/20,4,0,0
Oklahoma,Nepal,28.1667,84.25,1/26/20,1,0,0
Utah,Malaysia,2.5,112.5,1/26/20,4,0,0
Kansas,Canada,49.2827,-123.1207,1/26/20,0,0,0
Louisiana,Australia,-33.8688,151.2093,1/26/20,3,0,0
Missouri,Australia,-37.8136,144.9631,1/26/20,1,0,0
Vermont,Australia,-28.0167,153.4,1/26/20,0,0,0
Alaska,Cambodia,11.55,104.9167,1/26/20,0,0,0
Arkansas,Sri Lanka,7,81,1/26/20,0,0,0
Delaware,Germany,51,9,1/26/20,0,0,0
Idaho,Finland,64,26,1/26/20,0,0,0
Maine,United Arab Emirates,24,54,1/26/20,0,0,0
Michigan,Philippines,13,122,1/26/20,0,0,0
Mississippi,India,21,78,1/26/20,0,0,0
Montana,Italy,43,12,1/26/20,0,0,0
New Mexico,Sweden,63,16,1/26/20,0,0,0
North Dakota,Spain,40,-4,1/26/20,0,0,0
South Dakota,Australia,-34.9285,138.6007,1/26/20,0,0,0
West Virginia,Belgium,50.8333,4,1/26/20,0,0,0
Wyoming,Egypt,26,30,1/26/20,0,0,0
France,Australia,35.4437,139.638,1/26/20,0,0,0
Diamond Princess,Lebanon,33.8547,35.8623,1/26/20,0,0,0
Denmark,Iraq,33,44,1/26/20,0,0,0
Faroe Islands,Oman,21,57,1/26/20,0,0,0
St Martin,Afghanistan,33,65,1/26/20,0,0,0
Channel Islands,Bahrain,26.0275,50.55,1/26/20,0,0,0
New Brunswick,Kuwait,29.5,47.75,1/26/20,0,0,0
Saint Barthelemy,Algeria,28.0339,1.6596,1/26/20,0,0,0
Gibraltar,Croatia,45.1,15.2,1/26/20,0,0,0
Australian Capital Territory,Switzerland,46.8182,8.2275,1/26/20,0,0,0
United Kingdom,Austria,47.5162,14.5501,1/26/20,0,0,0
French Polynesia,Israel,31,35,1/26/20,0,0,0
Manitoba,Pakistan,30.3753,69.3451,1/26/20,0,0,0
Saskatchewan,Brazil,-14.235,-51.9253,1/26/20,0,0,0
Grand Princess,Georgia,42.3154,43.3569,1/26/20,0,0,0
Alabama,Greece,39.0742,21.8243,1/26/20,0,0,0
Puerto Rico,North Macedonia,41.6086,21.7453,1/26/20,0,0,0
French Guiana,Norway,60.472,8.4689,1/26/20,0,0,0
Guam,Romania,45.9432,24.9668,1/26/20,0,0,0
Newfoundland and Labrador,Estonia,58.5953,25.0136,1/26/20,0,0,0
Prince Edward Island,San Marino,43.9424,12.4578,1/26/20,0,0,0
Mayotte,Belarus,53.7098,27.9534,1/26/20,0,0,0
Netherlands,Iceland,64.9631,-19.0208,1/26/20,0,0,0
Nova Scotia,Lithuania,55.1694,23.8813,1/26/20,0,0,0
Guadeloupe,Mexico,23.6345,-102.5528,1/26/20,0,0,0
Curacao,New Zealand,-40.9006,174.886,1/26/20,0,0,0
Virgin Islands,Nigeria,9.082,8.6753,1/26/20,0,0,0
Cayman Islands,Australia,-31.9505,115.8605,1/26/20,0,0,0
Reunion,Ireland,53.1424,-7.6921,1/26/20,0,0,0
Aruba,Luxembourg,49.8153,6.1296,1/26/20,0,0,0
Montserrat,Monaco,43.7333,7.4167,1/26/20,0,0,0
Greenland,Qatar,25.3548,51.1839,1/26/20,0,0,0
New Caledonia,Ecuador,-1.8312,-78.1834,1/26/20,0,0,0
Bermuda,Azerbaijan,40.1431,47.5769,1/26/20,0,0,0
Sint Maarten,Armenia,40.0691,45.0382,1/26/20,0,0,0
Isle of Man,Dominican Republic,18.7357,-70.1627,1/26/20,0,0,0
Northwest Territories,Indonesia,-0.7893,113.9213,1/26/20,0,0,0
British Columbia,Portugal,39.3999,-8.2245,1/26/20,0,0,0
New South Wales,Andorra,42.5063,1.5218,1/26/20,0,0,0
Victoria,Australia,-41.4545,145.9707,1/26/20,0,0,0
Queensland,Latvia,56.8796,24.6032,1/26/20,0,0,0
South Australia,Morocco,31.7917,-7.0926,1/26/20,0,0,0
From Diamond Princess,Saudi Arabia,24,45,1/26/20,0,0,0
Western Australia,Senegal,14.4974,-14.4524,1/26/20,0,0,0
Tasmania,Argentina,-38.4161,-63.6167,1/26/20,0,0,0
Northern Territory,Chile,-35.6751,-71.543,1/26/20,0,0,0
Ontario,Jordan,31.24,36.51,1/26/20,0,0,0
Alberta,Ukraine,48.3794,31.1656,1/26/20,0,0,0
Quebec,Hungary,47.1625,19.5033,1/26/20,0,0,0
Washington,Australia,-12.4634,130.8456,1/26/20,0,0,0
New York,Liechtenstein,47.14,9.55,1/26/20,0,0,0
California,Poland,51.9194,19.1451,1/26/20,0,0,0
Massachusetts,Tunisia,34,9,1/26/20,0,0,0
Diamond Princess,Bosnia and Herzegovina,43.9159,17.6791,1/26/20,0,0,0
Grand Princess,Slovenia,46.1512,14.9955,1/26/20,0,0,0
Georgia,South Africa,-30.5595,22.9375,1/26/20,0,0,0
Colorado,Bhutan,27.5142,90.4336,1/26/20,0,0,0
Florida,Cameroon,3.848,11.5021,1/26/20,0,0,0
New Jersey,Colombia,4.5709,-74.2973,1/26/20,0,0,0
Oregon,Costa Rica,9.7489,-83.7534,1/26/20,0,0,0
Texas,Peru,-9.19,-75.0152,1/26/20,0,0,0
Illinois,Serbia,44.0165,21.0059,1/26/20,0,0,0
Pennsylvania,Slovakia,48.669,19.699,1/26/20,0,0,0
Iowa,Togo,8.6195,0.8248,1/26/20,0,0,0
Maryland,Malta,35.9375,14.3754,1/26/20,0,0,0
North Carolina,Martinique,14.6415,-61.0242,1/26/20,0,0,0
South Carolina,Bulgaria,42.7339,25.4858,1/26/20,0,0,0
Tennessee,Maldives,3.2028,73.2207,1/26/20,0,0,0
Virginia,Bangladesh,23.685,90.3563,1/26/20,0,0,0
Arizona,Paraguay,-23.4425,-58.4438,1/26/20,0,0,0
Indiana,Canada,51.2538,-85.3232,1/26/20,1,0,0
Kentucky,Canada,53.9333,-116.5765,1/26/20,0,0,0
District of Columbia,Canada,52.9399,-73.5491,1/26/20,0,0,0
Nevada,Albania,41.1533,20.1683,1/26/20,0,0,0
New Hampshire,Cyprus,35.1264,33.4299,1/26/20,0,0,0
Minnesota,Brunei,4.5353,114.7277,1/26/20,0,0,0
Nebraska,US,47.4009,-121.4905,1/26/20,0,0,0
Ohio,US,42.1657,-74.9481,1/26/20,0,0,0
Rhode Island,US,36.1162,-119.6816,1/26/20,0,0,0
Wisconsin,US,42.2302,-71.5301,1/26/20,0,0,0
Connecticut,US,35.4437,139.638,1/26/20,0,0,0
Hawaii,US,37.6489,-122.6655,1/26/20,0,0,0
Oklahoma,US,33.0406,-83.6431,1/26/20,0,0,0
Utah,US,39.0598,-105.3111,1/26/20,0,0,0
Kansas,US,27.7663,-81.6868,1/26/20,0,0,0
Louisiana,US,40.2989,-74.521,1/26/20,0,0,0
Missouri,US,44.572,-122.0709,1/26/20,0,0,0
Vermont,US,31.0545,-97.5635,1/26/20,0,0,0
Alaska,US,40.3495,-88.9861,1/26/20,0,0,0
Arkansas,US,40.5908,-77.2098,1/26/20,0,0,0
Delaware,US,42.0115,-93.2105,1/26/20,0,0,0
Idaho,US,39.0639,-76.8021,1/26/20,0,0,0
Maine,US,35.6301,-79.8064,1/26/20,0,0,0
Michigan,US,33.8569,-80.945,1/26/20,0,0,0
Mississippi,US,35.7478,-86.6923,1/26/20,0,0,0
Montana,US,37.7693,-78.17,1/26/20,0,0,0
New Mexico,US,33.7298,-111.4312,1/26/20,0,0,0
North Dakota,US,39.8494,-86.2583,1/26/20,0,0,0
South Dakota,US,37.6681,-84.6701,1/26/20,0,0,0
West Virginia,US,38.8974,-77.0268,1/26/20,0,0,0
Wyoming,US,38.3135,-117.0554,1/26/20,0,0,0
France,US,43.4525,-71.5639,1/26/20,0,0,0
Diamond Princess,US,45.6945,-93.9002,1/26/20,0,0,0
Denmark,US,41.1254,-98.2681,1/26/20,0,0,0
Faroe Islands,US,40.3888,-82.7649,1/26/20,0,0,0
St Martin,US,41.6809,-71.5118,1/26/20,0,0,0
Channel Islands,US,44.2685,-89.6165,1/26/20,0,0,0
New Brunswick,US,41.5978,-72.7554,1/26/20,0,0,0
Saint Barthelemy,US,21.0943,-157.4983,1/26/20,0,0,0
Gibraltar,US,35.5653,-96.9289,1/26/20,0,0,0
Australian Capital Territory,US,40.15,-111.8624,1/26/20,0,0,0
United Kingdom,Burkina Faso,12.2383,-1.5616,1/26/20,0,0,0
French Polynesia,Holy See,41.9029,12.4534,1/26/20,0,0,0
Manitoba,Mongolia,46.8625,103.8467,1/26/20,0,0,0
Saskatchewan,Panama,8.538,-80.7821,1/26/20,0,0,0
Grand Princess,US,38.5266,-96.7265,1/26/20,0,0,0
Alabama,US,31.1695,-91.8678,1/26/20,0,0,0
Puerto Rico,US,38.4561,-92.2884,1/26/20,0,0,0
French Guiana,US,44.0459,-72.7107,1/26/20,0,0,0
Guam,US,61.3707,-152.4044,1/26/20,0,0,0
Newfoundland and Labrador,US,34.9697,-92.3731,1/26/20,0,0,0
Prince Edward Island,US,39.3185,-75.5071,1/26/20,0,0,0
Mayotte,US,44.2405,-114.4788,1/26/20,0,0,0
Netherlands,US,44.6939,-69.3819,1/26/20,0,0,0
Nova Scotia,US,43.3266,-84.5361,1/26/20,0,0,0
Guadeloupe,US,32.7416,-89.6787,1/26/20,0,0,0
Curacao,US,46.9219,-110.4544,1/26/20,0,0,0
Virgin Islands,US,34.8405,-106.2485,1/26/20,0,0,0
Cayman Islands,US,47.5289,-99.784,1/26/20,0,0,0
Reunion,US,44.2998,-99.4388,1/26/20,0,0,0
Aruba,US,38.4912,-80.9545,1/26/20,0,0,0
Montserrat,US,42.756,-107.3025,1/26/20,0,0,0
Greenland,Iran,32,53,1/26/20,0,0,0
New Caledonia,South Korea,36,128,1/26/20,3,0,0
Bermuda,France,46.2276,2.2137,1/26/20,3,0,0
Sint Maarten,Cruise Ship,35.4437,139.638,1/26/20,0,0,0
Isle of Man,Denmark,56.2639,9.5018,1/26/20,0,0,0
Northwest Territories,Czechia,49.8175,15.473,1/26/20,0,0,0
British Columbia,Taiwan*,23.7,121,1/26/20,4,0,0
New South Wales,Vietnam,16,108,1/26/20,2,0,0
Victoria,Russia,60,90,1/26/20,0,0,0
Queensland,Moldova,47.4116,28.3699,1/26/20,0,0,0
South Australia,Bolivia,-16.2902,-63.5887,1/26/20,0,0,0
From Diamond Princess,Denmark,61.8926,-6.9118,1/26/20,0,0,0
Western Australia,France,18.0708,-63.0501,1/26/20,0,0,0
Tasmania,Honduras,15.2,-86.2419,1/26/20,0,0,0
Northern Territory,United Kingdom,49.3723,-2.3644,1/26/20,0,0,0
Ontario,Canada,46.5653,-66.4619,1/26/20,0,0,0
Alberta,Congo (Kinshasa),-4.0383,21.7587,1/26/20,0,0,0
Quebec,Cote d'Ivoire,7.54,-5.5471,1/26/20,0,0,0
Washington,France,17.9,-62.8333,1/26/20,0,0,0
New York,Jamaica,18.1096,-77.2975,1/26/20,0,0,0
California,Turkey,38.9637,35.2433,1/26/20,0,0,0
Massachusetts,United Kingdom,36.1408,-5.3536,1/26/20,0,0,0
Diamond Princess,Cuba,22,-80,1/26/20,0,0,0
Grand Princess,Guyana,5,-58.75,1/26/20,0,0,0
Georgia,Australia,-35.4735,149.0124,1/26/20,0,0,0
Colorado,United Kingdom,55.3781,-3.436,1/26/20,0,0,0
Florida,Kazakhstan,48.0196,66.9237,1/26/20,0,0,0
New Jersey,France,-17.6797,149.4068,1/26/20,0,0,0
Oregon,Canada,53.7609,-98.8139,1/26/20,0,0,0
Texas,Canada,52.9399,-106.4509,1/26/20,0,0,0
Illinois,Ethiopia,9.145,40.4897,1/26/20,0,0,0
Pennsylvania,Sudan,12.8628,30.2176,1/26/20,0,0,0
Iowa,Guinea,9.9456,-9.6966,1/26/20,0,0,0
Maryland,Canada,37.6489,-122.6655,1/26/20,0,0,0
North Carolina,Kenya,-0.0236,37.9062,1/26/20,0,0,0
South Carolina,Antigua and Barbuda,17.0608,-61.7964,1/26/20,0,0,0
Tennessee,US,32.3182,-86.9023,1/26/20,0,0,0
Virginia,Uruguay,-32.5228,-55.7658,1/26/20,0,0,0
Arizona,Ghana,7.9465,-1.0232,1/26/20,0,0,0
Indiana,US,18.2208,-66.5901,1/26/20,0,0,0
Kentucky,Namibia,-22.9576,18.4904,1/26/20,0,0,0
District of Columbia,Seychelles,-4.6796,55.492,1/26/20,0,0,0
Nevada,Trinidad and Tobago,10.6918,-61.2225,1/26/20,0,0,0
New Hampshire,Venezuela,6.4238,-66.5897,1/26/20,0,0,0
Minnesota,Eswatini,-26.5225,31.4659,1/26/20,0,0,0
Nebraska,Gabon,-0.8037,11.6094,1/26/20,0,0,0
Ohio,Guatemala,15.7835,-90.2308,1/26/20,0,0,0
Rhode Island,Mauritania,21.0079,10.9408,1/26/20,0,0,0
Wisconsin,Rwanda,-1.9403,29.8739,1/26/20,0,0,0
Connecticut,Saint Lucia,13.9094,-60.9789,1/26/20,0,0,0
Hawaii,Saint Vincent and the Grenadines,12.9843,-61.2872,1/26/20,0,0,0
Oklahoma,Suriname,3.9193,-56.0278,1/26/20,0,0,0
Utah,France,3.9339,-53.1258,1/26/20,0,0,0
Kansas,US,13.4443,144.7937,1/26/20,0,0,0
Louisiana,Kosovo,42.6026,20.903,1/26/20,0,0,0
Missouri,Canada,53.1355,-57.6604,1/26/20,0,0,0
Vermont,Canada,46.5107,-63.4168,1/26/20,0,0,0
Alaska,Central African Republic,6.6111,20.9394,1/26/20,0,0,0
Arkansas,Congo (Brazzaville),-4.0383,21.7587,1/26/20,0,0,0
Delaware,Equatorial Guinea,1.5,10,1/26/20,0,0,0
Idaho,France,-12.8275,45.1662,1/26/20,0,0,0
Maine,Uzbekistan,41.3775,64.5853,1/26/20,0,0,0
Michigan,Netherlands,52.1326,5.2913,1/26/20,0,0,0
Mississippi,Canada,44.682,-63.7443,1/26/20,0,0,0
Montana,France,16.25,-61.5833,1/26/20,0,0,0
New Mexico,Benin,9.3077,2.3158,1/26/20,0,0,0
North Dakota,Liberia,6.4281,-9.4295,1/26/20,0,0,0
South Dakota,Netherlands,12.1696,-68.99,1/26/20,0,0,0
West Virginia,Somalia,5.1521,46.1996,1/26/20,0,0,0
Wyoming,Tanzania,-6.369,34.8888,1/26/20,0,0,0
France,US,18.3358,-64.8963,1/26/20,0,0,0
Diamond Princess,United Kingdom,19.3133,-81.2546,1/26/20,0,0,0
Denmark,France,-21.1351,55.2471,1/26/20,0,0,0
Faroe Islands,Barbados,13.1939,-59.5432,1/26/20,0,0,0
St Martin,Montenegro,42.5,19.3,1/26/20,0,0,0
Channel Islands,Kyrgyzstan,41.2044,74.7661,1/26/20,0,0,0
New Brunswick,Mauritius,-20.2,57.5,1/26/20,0,0,0
Saint Barthelemy,Netherlands,12.5186,-70.0358,1/26/20,0,0,0
Gibraltar,Zambia,-15.4167,28.2833,1/26/20,0,0,0
Australian Capital Territory,Djibouti,11.8251,42.5903,1/26/20,0,0,0
United Kingdom,"Gambia, The",13.4432,-15.3101,1/26/20,0,0,0
French Polynesia,United Kingdom,16.7425,-62.1874,1/26/20,0,0,0
Manitoba,"Bahamas, The",25.0343,-77.3963,1/26/20,0,0,0
Saskatchewan,Denmark,71.7069,-42.6043,1/26/20,0,0,0
Grand Princess,France,-20.9043,165.618,1/26/20,0,0,0
Alabama,United Kingdom,32.3078,-64.7505,1/26/20,0,0,0
Puerto Rico,Chad,15.4542,18.7322,1/26/20,0,0,0
French Guiana,El Salvador,13.7942,-88.8965,1/26/20,0,0,0
Guam,Fiji,-17.7134,178.065,1/26/20,0,0,0
Newfoundland and Labrador,Nicaragua,12.8654,-85.2072,1/26/20,0,0,0
Prince Edward Island,Madagascar,-18.7669,46.8691,1/26/20,0,0,0
Mayotte,Haiti,18.9712,-72.2852,1/26/20,0,0,0
Netherlands,Angola,-11.2027,17.8739,1/26/20,0,0,0
Nova Scotia,Cabo Verde,16.5388,-23.0418,1/26/20,0,0,0
Guadeloupe,Netherlands,18.0425,-63.0548,1/26/20,0,0,0
Curacao,Niger,17.6078,8.0817,1/26/20,0,0,0
Virgin Islands,Papua New Guinea,-6.315,143.9555,1/26/20,0,0,0
Cayman Islands,United Kingdom,54.2361,-4.5481,1/26/20,0,0,0
Reunion,Zimbabwe,-20,30,1/26/20,0,0,0
Aruba,Canada,64.8255,-124.8457,1/26/20,0,0,0
Montserrat,Cape Verde,15.1111,-23.6167,1/26/20,0,0,0
Greenland,East Timor,-8.55,125.56,1/26/20,0,0,0
New Caledonia,Eritrea,15.1794,39.7823,1/26/20,0,0,0
Bermuda,Uganda,1,32,1/26/20,0,0,0
Sint Maarten,Dominica,15.415,-61.371,1/26/20,0,0,0
Isle of Man,Grenada,12.1165,-61.679,1/26/20,0,0,0
Northwest Territories,Mozambique,-18.6657,35.5296,1/26/20,0,0,0
British Columbia,Syria,34.8021,38.9968,1/26/20,0,0,0
New South Wales,Timor-Leste,-8.8742,125.7275,1/26/20,0,0,0
Victoria,Thailand,15,101,1/27/20,8,0,2
Queensland,Japan,36,138,1/27/20,4,0,1
South Australia,Singapore,1.2833,103.8333,1/27/20,5,0,0
From Diamond Princess,Nepal,28.1667,84.25,1/27/20,1,0,0
Western Australia,Malaysia,2.5,112.5,1/27/20,4,0,0
Tasmania,Canada,49.2827,-123.1207,1/27/20,0,0,0
Northern Territory,Australia,-33.8688,151.2093,1/27/20,4,0,0
Ontario,Australia,-37.8136,144.9631,1/27/20,1,0,0
Alberta,Australia,-28.0167,153.4,1/27/20,0,0,0
Quebec,Cambodia,11.55,104.9167,1/27/20,1,0,0
Washington,Sri Lanka,7,81,1/27/20,1,0,0
New York,Germany,51,9,1/27/20,1,0,0
California,Finland,64,26,1/27/20,0,0,0
Massachusetts,United Arab Emirates,24,54,1/27/20,0,0,0
Diamond Princess,Philippines,13,122,1/27/20,0,0,0
Grand Princess,India,21,78,1/27/20,0,0,0
Georgia,Italy,43,12,1/27/20,0,0,0
Colorado,Sweden,63,16,1/27/20,0,0,0
Florida,Spain,40,-4,1/27/20,0,0,0
New Jersey,Australia,-34.9285,138.6007,1/27/20,0,0,0
Oregon,Belgium,50.8333,4,1/27/20,0,0,0
Texas,Egypt,26,30,1/27/20,0,0,0
Illinois,Australia,35.4437,139.638,1/27/20,0,0,0
Pennsylvania,Lebanon,33.8547,35.8623,1/27/20,0,0,0
Iowa,Iraq,33,44,1/27/20,0,0,0
Maryland,Oman,21,57,1/27/20,0,0,0
North Carolina,Afghanistan,33,65,1/27/20,0,0,0
South Carolina,Bahrain,26.0275,50.55,1/27/20,0,0,0
Tennessee,Kuwait,29.5,47.75,1/27/20,0,0,0
Virginia,Algeria,28.0339,1.6596,1/27/20,0,0,0
Arizona,Croatia,45.1,15.2,1/27/20,0,0,0
Indiana,Switzerland,46.8182,8.2275,1/27/20,0,0,0
Kentucky,Austria,47.5162,14.5501,1/27/20,0,0,0
District of Columbia,Israel,31,35,1/27/20,0,0,0
Nevada,Pakistan,30.3753,69.3451,1/27/20,0,0,0
New Hampshire,Brazil,-14.235,-51.9253,1/27/20,0,0,0
Minnesota,Georgia,42.3154,43.3569,1/27/20,0,0,0
Nebraska,Greece,39.0742,21.8243,1/27/20,0,0,0
Ohio,North Macedonia,41.6086,21.7453,1/27/20,0,0,0
Rhode Island,Norway,60.472,8.4689,1/27/20,0,0,0
Wisconsin,Romania,45.9432,24.9668,1/27/20,0,0,0
Connecticut,Estonia,58.5953,25.0136,1/27/20,0,0,0
Hawaii,San Marino,43.9424,12.4578,1/27/20,0,0,0
Oklahoma,Belarus,53.7098,27.9534,1/27/20,0,0,0
Utah,Iceland,64.9631,-19.0208,1/27/20,0,0,0
Kansas,Lithuania,55.1694,23.8813,1/27/20,0,0,0
Louisiana,Mexico,23.6345,-102.5528,1/27/20,0,0,0
Missouri,New Zealand,-40.9006,174.886,1/27/20,0,0,0
Vermont,Nigeria,9.082,8.6753,1/27/20,0,0,0
Alaska,Australia,-31.9505,115.8605,1/27/20,0,0,0
Arkansas,Ireland,53.1424,-7.6921,1/27/20,0,0,0
Delaware,Luxembourg,49.8153,6.1296,1/27/20,0,0,0
Idaho,Monaco,43.7333,7.4167,1/27/20,0,0,0
Maine,Qatar,25.3548,51.1839,1/27/20,0,0,0
Michigan,Ecuador,-1.8312,-78.1834,1/27/20,0,0,0
Mississippi,Azerbaijan,40.1431,47.5769,1/27/20,0,0,0
Montana,Armenia,40.0691,45.0382,1/27/20,0,0,0
New Mexico,Dominican Republic,18.7357,-70.1627,1/27/20,0,0,0
North Dakota,Indonesia,-0.7893,113.9213,1/27/20,0,0,0
South Dakota,Portugal,39.3999,-8.2245,1/27/20,0,0,0
West Virginia,Andorra,42.5063,1.5218,1/27/20,0,0,0
Wyoming,Australia,-41.4545,145.9707,1/27/20,0,0,0
France,Latvia,56.8796,24.6032,1/27/20,0,0,0
Diamond Princess,Morocco,31.7917,-7.0926,1/27/20,0,0,0
Denmark,Saudi Arabia,24,45,1/27/20,0,0,0
Faroe Islands,Senegal,14.4974,-14.4524,1/27/20,0,0,0
St Martin,Argentina,-38.4161,-63.6167,1/27/20,0,0,0
Channel Islands,Chile,-35.6751,-71.543,1/27/20,0,0,0
New Brunswick,Jordan,31.24,36.51,1/27/20,0,0,0
Saint Barthelemy,Ukraine,48.3794,31.1656,1/27/20,0,0,0
Gibraltar,Hungary,47.1625,19.5033,1/27/20,0,0,0
Australian Capital Territory,Australia,-12.4634,130.8456,1/27/20,0,0,0
United Kingdom,Liechtenstein,47.14,9.55,1/27/20,0,0,0
French Polynesia,Poland,51.9194,19.1451,1/27/20,0,0,0
Manitoba,Tunisia,34,9,1/27/20,0,0,0
Saskatchewan,Bosnia and Herzegovina,43.9159,17.6791,1/27/20,0,0,0
Grand Princess,Slovenia,46.1512,14.9955,1/27/20,0,0,0
Alabama,South Africa,-30.5595,22.9375,1/27/20,0,0,0
Puerto Rico,Bhutan,27.5142,90.4336,1/27/20,0,0,0
French Guiana,Cameroon,3.848,11.5021,1/27/20,0,0,0
Guam,Colombia,4.5709,-74.2973,1/27/20,0,0,0
Newfoundland and Labrador,Costa Rica,9.7489,-83.7534,1/27/20,0,0,0
Prince Edward Island,Peru,-9.19,-75.0152,1/27/20,0,0,0
Mayotte,Serbia,44.0165,21.0059,1/27/20,0,0,0
Netherlands,Slovakia,48.669,19.699,1/27/20,0,0,0
Nova Scotia,Togo,8.6195,0.8248,1/27/20,0,0,0
Guadeloupe,Malta,35.9375,14.3754,1/27/20,0,0,0
Curacao,Martinique,14.6415,-61.0242,1/27/20,0,0,0
Virgin Islands,Bulgaria,42.7339,25.4858,1/27/20,0,0,0
Cayman Islands,Maldives,3.2028,73.2207,1/27/20,0,0,0
Reunion,Bangladesh,23.685,90.3563,1/27/20,0,0,0
Aruba,Paraguay,-23.4425,-58.4438,1/27/20,0,0,0
Montserrat,Canada,51.2538,-85.3232,1/27/20,1,0,0
Greenland,Canada,53.9333,-116.5765,1/27/20,0,0,0
New Caledonia,Canada,52.9399,-73.5491,1/27/20,0,0,0
Bermuda,Albania,41.1533,20.1683,1/27/20,0,0,0
Sint Maarten,Cyprus,35.1264,33.4299,1/27/20,0,0,0
Isle of Man,Brunei,4.5353,114.7277,1/27/20,0,0,0
Northwest Territories,US,47.4009,-121.4905,1/27/20,0,0,0
British Columbia,US,42.1657,-74.9481,1/27/20,0,0,0
New South Wales,US,36.1162,-119.6816,1/27/20,0,0,0
Victoria,US,42.2302,-71.5301,1/27/20,0,0,0
Queensland,US,35.4437,139.638,1/27/20,0,0,0
South Australia,US,37.6489,-122.6655,1/27/20,0,0,0
From Diamond Princess,US,33.0406,-83.6431,1/27/20,0,0,0
Western Australia,US,39.0598,-105.3111,1/27/20,0,0,0
Tasmania,US,27.7663,-81.6868,1/27/20,0,0,0
Northern Territory,US,40.2989,-74.521,1/27/20,0,0,0
Ontario,US,44.572,-122.0709,1/27/20,0,0,0
Alberta,US,31.0545,-97.5635,1/27/20,0,0,0
Quebec,US,40.3495,-88.9861,1/27/20,0,0,0
Washington,US,40.5908,-77.2098,1/27/20,0,0,0
New York,US,42.0115,-93.2105,1/27/20,0,0,0
California,US,39.0639,-76.8021,1/27/20,0,0,0
Massachusetts,US,35.6301,-79.8064,1/27/20,0,0,0
Diamond Princess,US,33.8569,-80.945,1/27/20,0,0,0
Grand Princess,US,35.7478,-86.6923,1/27/20,0,0,0
Georgia,US,37.7693,-78.17,1/27/20,0,0,0
Colorado,US,33.7298,-111.4312,1/27/20,0,0,0
Florida,US,39.8494,-86.2583,1/27/20,0,0,0
New Jersey,US,37.6681,-84.6701,1/27/20,0,0,0
Oregon,US,38.8974,-77.0268,1/27/20,0,0,0
Texas,US,38.3135,-117.0554,1/27/20,0,0,0
Illinois,US,43.4525,-71.5639,1/27/20,0,0,0
Pennsylvania,US,45.6945,-93.9002,1/27/20,0,0,0
Iowa,US,41.1254,-98.2681,1/27/20,0,0,0
Maryland,US,40.3888,-82.7649,1/27/20,0,0,0
North Carolina,US,41.6809,-71.5118,1/27/20,0,0,0
South Carolina,US,44.2685,-89.6165,1/27/20,0,0,0
Tennessee,US,41.5978,-72.7554,1/27/20,0,0,0
Virginia,US,21.0943,-157.4983,1/27/20,0,0,0
Arizona,US,35.5653,-96.9289,1/27/20,0,0,0
Indiana,US,40.15,-111.8624,1/27/20,0,0,0
Kentucky,Burkina Faso,12.2383,-1.5616,1/27/20,0,0,0
District of Columbia,Holy See,41.9029,12.4534,1/27/20,0,0,0
Nevada,Mongolia,46.8625,103.8467,1/27/20,0,0,0
New Hampshire,Panama,8.538,-80.7821,1/27/20,0,0,0
Minnesota,US,38.5266,-96.7265,1/27/20,0,0,0
Nebraska,US,31.1695,-91.8678,1/27/20,0,0,0
Ohio,US,38.4561,-92.2884,1/27/20,0,0,0
Rhode Island,US,44.0459,-72.7107,1/27/20,0,0,0
Wisconsin,US,61.3707,-152.4044,1/27/20,0,0,0
Connecticut,US,34.9697,-92.3731,1/27/20,0,0,0
Hawaii,US,39.3185,-75.5071,1/27/20,0,0,0
Oklahoma,US,44.2405,-114.4788,1/27/20,0,0,0
Utah,US,44.6939,-69.3819,1/27/20,0,0,0
Kansas,US,43.3266,-84.5361,1/27/20,0,0,0
Louisiana,US,32.7416,-89.6787,1/27/20,0,0,0
Missouri,US,46.9219,-110.4544,1/27/20,0,0,0
Vermont,US,34.8405,-106.2485,1/27/20,0,0,0
Alaska,US,47.5289,-99.784,1/27/20,0,0,0
Arkansas,US,44.2998,-99.4388,1/27/20,0,0,0
Delaware,US,38.4912,-80.9545,1/27/20,0,0,0
Idaho,US,42.756,-107.3025,1/27/20,0,0,0
Maine,Iran,32,53,1/27/20,0,0,0
Michigan,South Korea,36,128,1/27/20,4,0,0
Mississippi,France,46.2276,2.2137,1/27/20,3,0,0
Montana,Cruise Ship,35.4437,139.638,1/27/20,0,0,0
New Mexico,Denmark,56.2639,9.5018,1/27/20,0,0,0
North Dakota,Czechia,49.8175,15.473,1/27/20,0,0,0
South Dakota,Taiwan*,23.7,121,1/27/20,5,0,0
West Virginia,Vietnam,16,108,1/27/20,2,0,0
Wyoming,Russia,60,90,1/27/20,0,0,0
France,Moldova,47.4116,28.3699,1/27/20,0,0,0
Diamond Princess,Bolivia,-16.2902,-63.5887,1/27/20,0,0,0
Denmark,Denmark,61.8926,-6.9118,1/27/20,0,0,0
Faroe Islands,France,18.0708,-63.0501,1/27/20,0,0,0
St Martin,Honduras,15.2,-86.2419,1/27/20,0,0,0
Channel Islands,United Kingdom,49.3723,-2.3644,1/27/20,0,0,0
New Brunswick,Canada,46.5653,-66.4619,1/27/20,0,0,0
Saint Barthelemy,Congo (Kinshasa),-4.0383,21.7587,1/27/20,0,0,0
Gibraltar,Cote d'Ivoire,7.54,-5.5471,1/27/20,0,0,0
Australian Capital Territory,France,17.9,-62.8333,1/27/20,0,0,0
United Kingdom,Jamaica,18.1096,-77.2975,1/27/20,0,0,0
French Polynesia,Turkey,38.9637,35.2433,1/27/20,0,0,0
Manitoba,United Kingdom,36.1408,-5.3536,1/27/20,0,0,0
Saskatchewan,Cuba,22,-80,1/27/20,0,0,0
Grand Princess,Guyana,5,-58.75,1/27/20,0,0,0
Alabama,Australia,-35.4735,149.0124,1/27/20,0,0,0
Puerto Rico,United Kingdom,55.3781,-3.436,1/27/20,0,0,0
French Guiana,Kazakhstan,48.0196,66.9237,1/27/20,0,0,0
Guam,France,-17.6797,149.4068,1/27/20,0,0,0
Newfoundland and Labrador,Canada,53.7609,-98.8139,1/27/20,0,0,0
Prince Edward Island,Canada,52.9399,-106.4509,1/27/20,0,0,0
Mayotte,Ethiopia,9.145,40.4897,1/27/20,0,0,0
Netherlands,Sudan,12.8628,30.2176,1/27/20,0,0,0
Nova Scotia,Guinea,9.9456,-9.6966,1/27/20,0,0,0
Guadeloupe,Canada,37.6489,-122.6655,1/27/20,0,0,0
Curacao,Kenya,-0.0236,37.9062,1/27/20,0,0,0
Virgin Islands,Antigua and Barbuda,17.0608,-61.7964,1/27/20,0,0,0
Cayman Islands,US,32.3182,-86.9023,1/27/20,0,0,0
Reunion,Uruguay,-32.5228,-55.7658,1/27/20,0,0,0
Aruba,Ghana,7.9465,-1.0232,1/27/20,0,0,0
Montserrat,US,18.2208,-66.5901,1/27/20,0,0,0
Greenland,Namibia,-22.9576,18.4904,1/27/20,0,0,0
New Caledonia,Seychelles,-4.6796,55.492,1/27/20,0,0,0
Bermuda,Trinidad and Tobago,10.6918,-61.2225,1/27/20,0,0,0
Sint Maarten,Venezuela,6.4238,-66.5897,1/27/20,0,0,0
Isle of Man,Eswatini,-26.5225,31.4659,1/27/20,0,0,0
Northwest Territories,Gabon,-0.8037,11.6094,1/27/20,0,0,0
British Columbia,Guatemala,15.7835,-90.2308,1/27/20,0,0,0
New South Wales,Mauritania,21.0079,10.9408,1/27/20,0,0,0
Victoria,Rwanda,-1.9403,29.8739,1/27/20,0,0,0
Queensland,Saint Lucia,13.9094,-60.9789,1/27/20,0,0,0
South Australia,Saint Vincent and the Grenadines,12.9843,-61.2872,1/27/20,0,0,0
From Diamond Princess,Suriname,3.9193,-56.0278,1/27/20,0,0,0
Western Australia,France,3.9339,-53.1258,1/27/20,0,0,0
Tasmania,US,13.4443,144.7937,1/27/20,0,0,0
Northern Territory,Kosovo,42.6026,20.903,1/27/20,0,0,0
Ontario,Canada,53.1355,-57.6604,1/27/20,0,0,0
Alberta,Canada,46.5107,-63.4168,1/27/20,0,0,0
Quebec,Central African Republic,6.6111,20.9394,1/27/20,0,0,0
Washington,Congo (Brazzaville),-4.0383,21.7587,1/27/20,0,0,0
New York,Equatorial Guinea,1.5,10,1/27/20,0,0,0
California,France,-12.8275,45.1662,1/27/20,0,0,0
Massachusetts,Uzbekistan,41.3775,64.5853,1/27/20,0,0,0
Diamond Princess,Netherlands,52.1326,5.2913,1/27/20,0,0,0
Grand Princess,Canada,44.682,-63.7443,1/27/20,0,0,0
Georgia,France,16.25,-61.5833,1/27/20,0,0,0
Colorado,Benin,9.3077,2.3158,1/27/20,0,0,0
Florida,Liberia,6.4281,-9.4295,1/27/20,0,0,0
New Jersey,Netherlands,12.1696,-68.99,1/27/20,0,0,0
Oregon,Somalia,5.1521,46.1996,1/27/20,0,0,0
Texas,Tanzania,-6.369,34.8888,1/27/20,0,0,0
Illinois,US,18.3358,-64.8963,1/27/20,0,0,0
Pennsylvania,United Kingdom,19.3133,-81.2546,1/27/20,0,0,0
Iowa,France,-21.1351,55.2471,1/27/20,0,0,0
Maryland,Barbados,13.1939,-59.5432,1/27/20,0,0,0
North Carolina,Montenegro,42.5,19.3,1/27/20,0,0,0
South Carolina,Kyrgyzstan,41.2044,74.7661,1/27/20,0,0,0
Tennessee,Mauritius,-20.2,57.5,1/27/20,0,0,0
Virginia,Netherlands,12.5186,-70.0358,1/27/20,0,0,0
Arizona,Zambia,-15.4167,28.2833,1/27/20,0,0,0
Indiana,Djibouti,11.8251,42.5903,1/27/20,0,0,0
Kentucky,"Gambia, The",13.4432,-15.3101,1/27/20,0,0,0
District of Columbia,United Kingdom,16.7425,-62.1874,1/27/20,0,0,0
Nevada,"Bahamas, The",25.0343,-77.3963,1/27/20,0,0,0
New Hampshire,Denmark,71.7069,-42.6043,1/27/20,0,0,0
Minnesota,France,-20.9043,165.618,1/27/20,0,0,0
Nebraska,United Kingdom,32.3078,-64.7505,1/27/20,0,0,0
Ohio,Chad,15.4542,18.7322,1/27/20,0,0,0
Rhode Island,El Salvador,13.7942,-88.8965,1/27/20,0,0,0
Wisconsin,Fiji,-17.7134,178.065,1/27/20,0,0,0
Connecticut,Nicaragua,12.8654,-85.2072,1/27/20,0,0,0
Hawaii,Madagascar,-18.7669,46.8691,1/27/20,0,0,0
Oklahoma,Haiti,18.9712,-72.2852,1/27/20,0,0,0
Utah,Angola,-11.2027,17.8739,1/27/20,0,0,0
Kansas,Cabo Verde,16.5388,-23.0418,1/27/20,0,0,0
Louisiana,Netherlands,18.0425,-63.0548,1/27/20,0,0,0
Missouri,Niger,17.6078,8.0817,1/27/20,0,0,0
Vermont,Papua New Guinea,-6.315,143.9555,1/27/20,0,0,0
Alaska,United Kingdom,54.2361,-4.5481,1/27/20,0,0,0
Arkansas,Zimbabwe,-20,30,1/27/20,0,0,0
Delaware,Canada,64.8255,-124.8457,1/27/20,0,0,0
Idaho,Cape Verde,15.1111,-23.6167,1/27/20,0,0,0
Maine,East Timor,-8.55,125.56,1/27/20,0,0,0
Michigan,Eritrea,15.1794,39.7823,1/27/20,0,0,0
Mississippi,Uganda,1,32,1/27/20,0,0,0
Montana,Dominica,15.415,-61.371,1/27/20,0,0,0
New Mexico,Grenada,12.1165,-61.679,1/27/20,0,0,0
North Dakota,Mozambique,-18.6657,35.5296,1/27/20,0,0,0
South Dakota,Syria,34.8021,38.9968,1/27/20,0,0,0
West Virginia,Timor-Leste,-8.8742,125.7275,1/27/20,0,0,0
Wyoming,Thailand,15,101,1/28/20,14,0,5
France,Japan,36,138,1/28/20,7,0,1
Diamond Princess,Singapore,1.2833,103.8333,1/28/20,7,0,0
Denmark,Nepal,28.1667,84.25,1/28/20,1,0,0
Faroe Islands,Malaysia,2.5,112.5,1/28/20,4,0,0
St Martin,Canada,49.2827,-123.1207,1/28/20,1,0,0
Channel Islands,Australia,-33.8688,151.2093,1/28/20,4,0,0
New Brunswick,Australia,-37.8136,144.9631,1/28/20,1,0,0
Saint Barthelemy,Australia,-28.0167,153.4,1/28/20,0,0,0
Gibraltar,Cambodia,11.55,104.9167,1/28/20,1,0,0
Australian Capital Territory,Sri Lanka,7,81,1/28/20,1,0,0
United Kingdom,Germany,51,9,1/28/20,4,0,0
French Polynesia,Finland,64,26,1/28/20,0,0,0
Manitoba,United Arab Emirates,24,54,1/28/20,0,0,0
Saskatchewan,Philippines,13,122,1/28/20,0,0,0
Grand Princess,India,21,78,1/28/20,0,0,0
Alabama,Italy,43,12,1/28/20,0,0,0
Puerto Rico,Sweden,63,16,1/28/20,0,0,0
French Guiana,Spain,40,-4,1/28/20,0,0,0
Guam,Australia,-34.9285,138.6007,1/28/20,0,0,0
Newfoundland and Labrador,Belgium,50.8333,4,1/28/20,0,0,0
Prince Edward Island,Egypt,26,30,1/28/20,0,0,0
Mayotte,Australia,35.4437,139.638,1/28/20,0,0,0
Netherlands,Lebanon,33.8547,35.8623,1/28/20,0,0,0
Nova Scotia,Iraq,33,44,1/28/20,0,0,0
Guadeloupe,Oman,21,57,1/28/20,0,0,0
Curacao,Afghanistan,33,65,1/28/20,0,0,0
Virgin Islands,Bahrain,26.0275,50.55,1/28/20,0,0,0
Cayman Islands,Kuwait,29.5,47.75,1/28/20,0,0,0
Reunion,Algeria,28.0339,1.6596,1/28/20,0,0,0
Aruba,Croatia,45.1,15.2,1/28/20,0,0,0
Montserrat,Switzerland,46.8182,8.2275,1/28/20,0,0,0
Greenland,Austria,47.5162,14.5501,1/28/20,0,0,0
New Caledonia,Israel,31,35,1/28/20,0,0,0
Bermuda,Pakistan,30.3753,69.3451,1/28/20,0,0,0
Sint Maarten,Brazil,-14.235,-51.9253,1/28/20,0,0,0
Isle of Man,Georgia,42.3154,43.3569,1/28/20,0,0,0
Northwest Territories,Greece,39.0742,21.8243,1/28/20,0,0,0
British Columbia,North Macedonia,41.6086,21.7453,1/28/20,0,0,0
New South Wales,Norway,60.472,8.4689,1/28/20,0,0,0
Victoria,Romania,45.9432,24.9668,1/28/20,0,0,0
Queensland,Estonia,58.5953,25.0136,1/28/20,0,0,0
South Australia,San Marino,43.9424,12.4578,1/28/20,0,0,0
From Diamond Princess,Belarus,53.7098,27.9534,1/28/20,0,0,0
Western Australia,Iceland,64.9631,-19.0208,1/28/20,0,0,0
Tasmania,Lithuania,55.1694,23.8813,1/28/20,0,0,0
Northern Territory,Mexico,23.6345,-102.5528,1/28/20,0,0,0
Ontario,New Zealand,-40.9006,174.886,1/28/20,0,0,0
Alberta,Nigeria,9.082,8.6753,1/28/20,0,0,0
Quebec,Australia,-31.9505,115.8605,1/28/20,0,0,0
Washington,Ireland,53.1424,-7.6921,1/28/20,0,0,0
New York,Luxembourg,49.8153,6.1296,1/28/20,0,0,0
California,Monaco,43.7333,7.4167,1/28/20,0,0,0
Massachusetts,Qatar,25.3548,51.1839,1/28/20,0,0,0
Diamond Princess,Ecuador,-1.8312,-78.1834,1/28/20,0,0,0
Grand Princess,Azerbaijan,40.1431,47.5769,1/28/20,0,0,0
Georgia,Armenia,40.0691,45.0382,1/28/20,0,0,0
Colorado,Dominican Republic,18.7357,-70.1627,1/28/20,0,0,0
Florida,Indonesia,-0.7893,113.9213,1/28/20,0,0,0
New Jersey,Portugal,39.3999,-8.2245,1/28/20,0,0,0
Oregon,Andorra,42.5063,1.5218,1/28/20,0,0,0
Texas,Australia,-41.4545,145.9707,1/28/20,0,0,0
Illinois,Latvia,56.8796,24.6032,1/28/20,0,0,0
Pennsylvania,Morocco,31.7917,-7.0926,1/28/20,0,0,0
Iowa,Saudi Arabia,24,45,1/28/20,0,0,0
Maryland,Senegal,14.4974,-14.4524,1/28/20,0,0,0
North Carolina,Argentina,-38.4161,-63.6167,1/28/20,0,0,0
South Carolina,Chile,-35.6751,-71.543,1/28/20,0,0,0
Tennessee,Jordan,31.24,36.51,1/28/20,0,0,0
Virginia,Ukraine,48.3794,31.1656,1/28/20,0,0,0
Arizona,Hungary,47.1625,19.5033,1/28/20,0,0,0
Indiana,Australia,-12.4634,130.8456,1/28/20,0,0,0
Kentucky,Liechtenstein,47.14,9.55,1/28/20,0,0,0
District of Columbia,Poland,51.9194,19.1451,1/28/20,0,0,0
Nevada,Tunisia,34,9,1/28/20,0,0,0
New Hampshire,Bosnia and Herzegovina,43.9159,17.6791,1/28/20,0,0,0
Minnesota,Slovenia,46.1512,14.9955,1/28/20,0,0,0
Nebraska,South Africa,-30.5595,22.9375,1/28/20,0,0,0
Ohio,Bhutan,27.5142,90.4336,1/28/20,0,0,0
Rhode Island,Cameroon,3.848,11.5021,1/28/20,0,0,0
Wisconsin,Colombia,4.5709,-74.2973,1/28/20,0,0,0
Connecticut,Costa Rica,9.7489,-83.7534,1/28/20,0,0,0
Hawaii,Peru,-9.19,-75.0152,1/28/20,0,0,0
Oklahoma,Serbia,44.0165,21.0059,1/28/20,0,0,0
Utah,Slovakia,48.669,19.699,1/28/20,0,0,0
Kansas,Togo,8.6195,0.8248,1/28/20,0,0,0
Louisiana,Malta,35.9375,14.3754,1/28/20,0,0,0
Missouri,Martinique,14.6415,-61.0242,1/28/20,0,0,0
Vermont,Bulgaria,42.7339,25.4858,1/28/20,0,0,0
Alaska,Maldives,3.2028,73.2207,1/28/20,0,0,0
Arkansas,Bangladesh,23.685,90.3563,1/28/20,0,0,0
Delaware,Paraguay,-23.4425,-58.4438,1/28/20,0,0,0
Idaho,Canada,51.2538,-85.3232,1/28/20,1,0,0
Maine,Canada,53.9333,-116.5765,1/28/20,0,0,0
Michigan,Canada,52.9399,-73.5491,1/28/20,0,0,0
Mississippi,Albania,41.1533,20.1683,1/28/20,0,0,0
Montana,Cyprus,35.1264,33.4299,1/28/20,0,0,0
New Mexico,Brunei,4.5353,114.7277,1/28/20,0,0,0
North Dakota,US,47.4009,-121.4905,1/28/20,0,0,0
South Dakota,US,42.1657,-74.9481,1/28/20,0,0,0
West Virginia,US,36.1162,-119.6816,1/28/20,0,0,0
Wyoming,US,42.2302,-71.5301,1/28/20,0,0,0
France,US,35.4437,139.638,1/28/20,0,0,0
Diamond Princess,US,37.6489,-122.6655,1/28/20,0,0,0
Denmark,US,33.0406,-83.6431,1/28/20,0,0,0
Faroe Islands,US,39.0598,-105.3111,1/28/20,0,0,0
St Martin,US,27.7663,-81.6868,1/28/20,0,0,0
Channel Islands,US,40.2989,-74.521,1/28/20,0,0,0
New Brunswick,US,44.572,-122.0709,1/28/20,0,0,0
Saint Barthelemy,US,31.0545,-97.5635,1/28/20,0,0,0
Gibraltar,US,40.3495,-88.9861,1/28/20,0,0,0
Australian Capital Territory,US,40.5908,-77.2098,1/28/20,0,0,0
United Kingdom,US,42.0115,-93.2105,1/28/20,0,0,0
French Polynesia,US,39.0639,-76.8021,1/28/20,0,0,0
Manitoba,US,35.6301,-79.8064,1/28/20,0,0,0
Saskatchewan,US,33.8569,-80.945,1/28/20,0,0,0
Grand Princess,US,35.7478,-86.6923,1/28/20,0,0,0
Alabama,US,37.7693,-78.17,1/28/20,0,0,0
Puerto Rico,US,33.7298,-111.4312,1/28/20,0,0,0
French Guiana,US,39.8494,-86.2583,1/28/20,0,0,0
Guam,US,37.6681,-84.6701,1/28/20,0,0,0
Newfoundland and Labrador,US,38.8974,-77.0268,1/28/20,0,0,0
Prince Edward Island,US,38.3135,-117.0554,1/28/20,0,0,0
Mayotte,US,43.4525,-71.5639,1/28/20,0,0,0
Netherlands,US,45.6945,-93.9002,1/28/20,0,0,0
Nova Scotia,US,41.1254,-98.2681,1/28/20,0,0,0
Guadeloupe,US,40.3888,-82.7649,1/28/20,0,0,0
Curacao,US,41.6809,-71.5118,1/28/20,0,0,0
Virgin Islands,US,44.2685,-89.6165,1/28/20,0,0,0
Cayman Islands,US,41.5978,-72.7554,1/28/20,0,0,0
Reunion,US,21.0943,-157.4983,1/28/20,0,0,0
Aruba,US,35.5653,-96.9289,1/28/20,0,0,0
Montserrat,US,40.15,-111.8624,1/28/20,0,0,0
Greenland,Burkina Faso,12.2383,-1.5616,1/28/20,0,0,0
New Caledonia,Holy See,41.9029,12.4534,1/28/20,0,0,0
Bermuda,Mongolia,46.8625,103.8467,1/28/20,0,0,0
Sint Maarten,Panama,8.538,-80.7821,1/28/20,0,0,0
Isle of Man,US,38.5266,-96.7265,1/28/20,0,0,0
Northwest Territories,US,31.1695,-91.8678,1/28/20,0,0,0
British Columbia,US,38.4561,-92.2884,1/28/20,0,0,0
New South Wales,US,44.0459,-72.7107,1/28/20,0,0,0
Victoria,US,61.3707,-152.4044,1/28/20,0,0,0
Queensland,US,34.9697,-92.3731,1/28/20,0,0,0
South Australia,US,39.3185,-75.5071,1/28/20,0,0,0
From Diamond Princess,US,44.2405,-114.4788,1/28/20,0,0,0
Western Australia,US,44.6939,-69.3819,1/28/20,0,0,0
Tasmania,US,43.3266,-84.5361,1/28/20,0,0,0
Northern Territory,US,32.7416,-89.6787,1/28/20,0,0,0
Ontario,US,46.9219,-110.4544,1/28/20,0,0,0
Alberta,US,34.8405,-106.2485,1/28/20,0,0,0
Quebec,US,47.5289,-99.784,1/28/20,0,0,0
Washington,US,44.2998,-99.4388,1/28/20,0,0,0
New York,US,38.4912,-80.9545,1/28/20,0,0,0
California,US,42.756,-107.3025,1/28/20,0,0,0
Massachusetts,Iran,32,53,1/28/20,0,0,0
Diamond Princess,South Korea,36,128,1/28/20,4,0,0
Grand Princess,France,46.2276,2.2137,1/28/20,4,0,0
Georgia,Cruise Ship,35.4437,139.638,1/28/20,0,0,0
Colorado,Denmark,56.2639,9.5018,1/28/20,0,0,0
Florida,Czechia,49.8175,15.473,1/28/20,0,0,0
New Jersey,Taiwan*,23.7,121,1/28/20,8,0,0
Oregon,Vietnam,16,108,1/28/20,2,0,0
Texas,Russia,60,90,1/28/20,0,0,0
Illinois,Moldova,47.4116,28.3699,1/28/20,0,0,0
Pennsylvania,Bolivia,-16.2902,-63.5887,1/28/20,0,0,0
Iowa,Denmark,61.8926,-6.9118,1/28/20,0,0,0
Maryland,France,18.0708,-63.0501,1/28/20,0,0,0
North Carolina,Honduras,15.2,-86.2419,1/28/20,0,0,0
South Carolina,United Kingdom,49.3723,-2.3644,1/28/20,0,0,0
Tennessee,Canada,46.5653,-66.4619,1/28/20,0,0,0
Virginia,Congo (Kinshasa),-4.0383,21.7587,1/28/20,0,0,0
Arizona,Cote d'Ivoire,7.54,-5.5471,1/28/20,0,0,0
Indiana,France,17.9,-62.8333,1/28/20,0,0,0
Kentucky,Jamaica,18.1096,-77.2975,1/28/20,0,0,0
District of Columbia,Turkey,38.9637,35.2433,1/28/20,0,0,0
Nevada,United Kingdom,36.1408,-5.3536,1/28/20,0,0,0
New Hampshire,Cuba,22,-80,1/28/20,0,0,0
Minnesota,Guyana,5,-58.75,1/28/20,0,0,0
Nebraska,Australia,-35.4735,149.0124,1/28/20,0,0,0
Ohio,United Kingdom,55.3781,-3.436,1/28/20,0,0,0
Rhode Island,Kazakhstan,48.0196,66.9237,1/28/20,0,0,0
Wisconsin,France,-17.6797,149.4068,1/28/20,0,0,0
Connecticut,Canada,53.7609,-98.8139,1/28/20,0,0,0
Hawaii,Canada,52.9399,-106.4509,1/28/20,0,0,0
Oklahoma,Ethiopia,9.145,40.4897,1/28/20,0,0,0
Utah,Sudan,12.8628,30.2176,1/28/20,0,0,0
Kansas,Guinea,9.9456,-9.6966,1/28/20,0,0,0
Louisiana,Canada,37.6489,-122.6655,1/28/20,0,0,0
Missouri,Kenya,-0.0236,37.9062,1/28/20,0,0,0
Vermont,Antigua and Barbuda,17.0608,-61.7964,1/28/20,0,0,0
Alaska,US,32.3182,-86.9023,1/28/20,0,0,0
Arkansas,Uruguay,-32.5228,-55.7658,1/28/20,0,0,0
Delaware,Ghana,7.9465,-1.0232,1/28/20,0,0,0
Idaho,US,18.2208,-66.5901,1/28/20,0,0,0
Maine,Namibia,-22.9576,18.4904,1/28/20,0,0,0
Michigan,Seychelles,-4.6796,55.492,1/28/20,0,0,0
Mississippi,Trinidad and Tobago,10.6918,-61.2225,1/28/20,0,0,0
Montana,Venezuela,6.4238,-66.5897,1/28/20,0,0,0
New Mexico,Eswatini,-26.5225,31.4659,1/28/20,0,0,0
North Dakota,Gabon,-0.8037,11.6094,1/28/20,0,0,0
South Dakota,Guatemala,15.7835,-90.2308,1/28/20,0,0,0
West Virginia,Mauritania,21.0079,10.9408,1/28/20,0,0,0
Wyoming,Rwanda,-1.9403,29.8739,1/28/20,0,0,0
France,Saint Lucia,13.9094,-60.9789,1/28/20,0,0,0
Diamond Princess,Saint Vincent and the Grenadines,12.9843,-61.2872,1/28/20,0,0,0
Denmark,Suriname,3.9193,-56.0278,1/28/20,0,0,0
Faroe Islands,France,3.9339,-53.1258,1/28/20,0,0,0
St Martin,US,13.4443,144.7937,1/28/20,0,0,0
Channel Islands,Kosovo,42.6026,20.903,1/28/20,0,0,0
New Brunswick,Canada,53.1355,-57.6604,1/28/20,0,0,0
Saint Barthelemy,Canada,46.5107,-63.4168,1/28/20,0,0,0
Gibraltar,Central African Republic,6.6111,20.9394,1/28/20,0,0,0
Australian Capital Territory,Congo (Brazzaville),-4.0383,21.7587,1/28/20,0,0,0
United Kingdom,Equatorial Guinea,1.5,10,1/28/20,0,0,0
French Polynesia,France,-12.8275,45.1662,1/28/20,0,0,0
Manitoba,Uzbekistan,41.3775,64.5853,1/28/20,0,0,0
Saskatchewan,Netherlands,52.1326,5.2913,1/28/20,0,0,0
Grand Princess,Canada,44.682,-63.7443,1/28/20,0,0,0
Alabama,France,16.25,-61.5833,1/28/20,0,0,0
Puerto Rico,Benin,9.3077,2.3158,1/28/20,0,0,0
French Guiana,Liberia,6.4281,-9.4295,1/28/20,0,0,0
Guam,Netherlands,12.1696,-68.99,1/28/20,0,0,0
Newfoundland and Labrador,Somalia,5.1521,46.1996,1/28/20,0,0,0
Prince Edward Island,Tanzania,-6.369,34.8888,1/28/20,0,0,0
Mayotte,US,18.3358,-64.8963,1/28/20,0,0,0
Netherlands,United Kingdom,19.3133,-81.2546,1/28/20,0,0,0
Nova Scotia,France,-21.1351,55.2471,1/28/20,0,0,0
Guadeloupe,Barbados,13.1939,-59.5432,1/28/20,0,0,0
Curacao,Montenegro,42.5,19.3,1/28/20,0,0,0
Virgin Islands,Kyrgyzstan,41.2044,74.7661,1/28/20,0,0,0
Cayman Islands,Mauritius,-20.2,57.5,1/28/20,0,0,0
Reunion,Netherlands,12.5186,-70.0358,1/28/20,0,0,0
Aruba,Zambia,-15.4167,28.2833,1/28/20,0,0,0
Montserrat,Djibouti,11.8251,42.5903,1/28/20,0,0,0
Greenland,"Gambia, The",13.4432,-15.3101,1/28/20,0,0,0
New Caledonia,United Kingdom,16.7425,-62.1874,1/28/20,0,0,0
Bermuda,"Bahamas, The",25.0343,-77.3963,1/28/20,0,0,0
Sint Maarten,Denmark,71.7069,-42.6043,1/28/20,0,0,0
Isle of Man,France,-20.9043,165.618,1/28/20,0,0,0
Northwest Territories,United Kingdom,32.3078,-64.7505,1/28/20,0,0,0
British Columbia,Chad,15.4542,18.7322,1/28/20,0,0,0
New South Wales,El Salvador,13.7942,-88.8965,1/28/20,0,0,0
Victoria,Fiji,-17.7134,178.065,1/28/20,0,0,0
Queensland,Nicaragua,12.8654,-85.2072,1/28/20,0,0,0
South Australia,Madagascar,-18.7669,46.8691,1/28/20,0,0,0
From Diamond Princess,Haiti,18.9712,-72.2852,1/28/20,0,0,0
Western Australia,Angola,-11.2027,17.8739,1/28/20,0,0,0
Tasmania,Cabo Verde,16.5388,-23.0418,1/28/20,0,0,0
Northern Territory,Netherlands,18.0425,-63.0548,1/28/20,0,0,0
Ontario,Niger,17.6078,8.0817,1/28/20,0,0,0
Alberta,Papua New Guinea,-6.315,143.9555,1/28/20,0,0,0
Quebec,United Kingdom,54.2361,-4.5481,1/28/20,0,0,0
Washington,Zimbabwe,-20,30,1/28/20,0,0,0
New York,Canada,64.8255,-124.8457,1/28/20,0,0,0
California,Cape Verde,15.1111,-23.6167,1/28/20,0,0,0
Massachusetts,East Timor,-8.55,125.56,1/28/20,0,0,0
Diamond Princess,Eritrea,15.1794,39.7823,1/28/20,0,0,0
Grand Princess,Uganda,1,32,1/28/20,0,0,0
Georgia,Dominica,15.415,-61.371,1/28/20,0,0,0
Colorado,Grenada,12.1165,-61.679,1/28/20,0,0,0
Florida,Mozambique,-18.6657,35.5296,1/28/20,0,0,0
New Jersey,Syria,34.8021,38.9968,1/28/20,0,0,0
Oregon,Timor-Leste,-8.8742,125.7275,1/28/20,0,0,0
Texas,Thailand,15,101,1/29/20,14,0,5
Illinois,Japan,36,138,1/29/20,7,0,1
Pennsylvania,Singapore,1.2833,103.8333,1/29/20,7,0,0
Iowa,Nepal,28.1667,84.25,1/29/20,1,0,0
Maryland,Malaysia,2.5,112.5,1/29/20,7,0,0
North Carolina,Canada,49.2827,-123.1207,1/29/20,1,0,0
South Carolina,Australia,-33.8688,151.2093,1/29/20,4,0,0
Tennessee,Australia,-37.8136,144.9631,1/29/20,1,0,0
Virginia,Australia,-28.0167,153.4,1/29/20,1,0,0
Arizona,Cambodia,11.55,104.9167,1/29/20,1,0,0
Indiana,Sri Lanka,7,81,1/29/20,1,0,0
Kentucky,Germany,51,9,1/29/20,4,0,0
District of Columbia,Finland,64,26,1/29/20,1,0,0
Nevada,United Arab Emirates,24,54,1/29/20,4,0,0
New Hampshire,Philippines,13,122,1/29/20,0,0,0
Minnesota,India,21,78,1/29/20,0,0,0
Nebraska,Italy,43,12,1/29/20,0,0,0
Ohio,Sweden,63,16,1/29/20,0,0,0
Rhode Island,Spain,40,-4,1/29/20,0,0,0
Wisconsin,Australia,-34.9285,138.6007,1/29/20,0,0,0
Connecticut,Belgium,50.8333,4,1/29/20,0,0,0
Hawaii,Egypt,26,30,1/29/20,0,0,0
Oklahoma,Australia,35.4437,139.638,1/29/20,0,0,0
Utah,Lebanon,33.8547,35.8623,1/29/20,0,0,0
Kansas,Iraq,33,44,1/29/20,0,0,0
Louisiana,Oman,21,57,1/29/20,0,0,0
Missouri,Afghanistan,33,65,1/29/20,0,0,0
Vermont,Bahrain,26.0275,50.55,1/29/20,0,0,0
Alaska,Kuwait,29.5,47.75,1/29/20,0,0,0
Arkansas,Algeria,28.0339,1.6596,1/29/20,0,0,0
Delaware,Croatia,45.1,15.2,1/29/20,0,0,0
Idaho,Switzerland,46.8182,8.2275,1/29/20,0,0,0
Maine,Austria,47.5162,14.5501,1/29/20,0,0,0
Michigan,Israel,31,35,1/29/20,0,0,0
Mississippi,Pakistan,30.3753,69.3451,1/29/20,0,0,0
Montana,Brazil,-14.235,-51.9253,1/29/20,0,0,0
New Mexico,Georgia,42.3154,43.3569,1/29/20,0,0,0
North Dakota,Greece,39.0742,21.8243,1/29/20,0,0,0
South Dakota,North Macedonia,41.6086,21.7453,1/29/20,0,0,0
West Virginia,Norway,60.472,8.4689,1/29/20,0,0,0
Wyoming,Romania,45.9432,24.9668,1/29/20,0,0,0
France,Estonia,58.5953,25.0136,1/29/20,0,0,0
Diamond Princess,San Marino,43.9424,12.4578,1/29/20,0,0,0
Denmark,Belarus,53.7098,27.9534,1/29/20,0,0,0
Faroe Islands,Iceland,64.9631,-19.0208,1/29/20,0,0,0
St Martin,Lithuania,55.1694,23.8813,1/29/20,0,0,0
Channel Islands,Mexico,23.6345,-102.5528,1/29/20,0,0,0
New Brunswick,New Zealand,-40.9006,174.886,1/29/20,0,0,0
Saint Barthelemy,Nigeria,9.082,8.6753,1/29/20,0,0,0
Gibraltar,Australia,-31.9505,115.8605,1/29/20,0,0,0
Australian Capital Territory,Ireland,53.1424,-7.6921,1/29/20,0,0,0
United Kingdom,Luxembourg,49.8153,6.1296,1/29/20,0,0,0
French Polynesia,Monaco,43.7333,7.4167,1/29/20,0,0,0
Manitoba,Qatar,25.3548,51.1839,1/29/20,0,0,0
Saskatchewan,Ecuador,-1.8312,-78.1834,1/29/20,0,0,0
Grand Princess,Azerbaijan,40.1431,47.5769,1/29/20,0,0,0
Alabama,Armenia,40.0691,45.0382,1/29/20,0,0,0
Puerto Rico,Dominican Republic,18.7357,-70.1627,1/29/20,0,0,0
French Guiana,Indonesia,-0.7893,113.9213,1/29/20,0,0,0
Guam,Portugal,39.3999,-8.2245,1/29/20,0,0,0
Newfoundland and Labrador,Andorra,42.5063,1.5218,1/29/20,0,0,0
Prince Edward Island,Australia,-41.4545,145.9707,1/29/20,0,0,0
Mayotte,Latvia,56.8796,24.6032,1/29/20,0,0,0
Netherlands,Morocco,31.7917,-7.0926,1/29/20,0,0,0
Nova Scotia,Saudi Arabia,24,45,1/29/20,0,0,0
Guadeloupe,Senegal,14.4974,-14.4524,1/29/20,0,0,0
Curacao,Argentina,-38.4161,-63.6167,1/29/20,0,0,0
Virgin Islands,Chile,-35.6751,-71.543,1/29/20,0,0,0
Cayman Islands,Jordan,31.24,36.51,1/29/20,0,0,0
Reunion,Ukraine,48.3794,31.1656,1/29/20,0,0,0
Aruba,Hungary,47.1625,19.5033,1/29/20,0,0,0
Montserrat,Australia,-12.4634,130.8456,1/29/20,0,0,0
Greenland,Liechtenstein,47.14,9.55,1/29/20,0,0,0
New Caledonia,Poland,51.9194,19.1451,1/29/20,0,0,0
Bermuda,Tunisia,34,9,1/29/20,0,0,0
Sint Maarten,Bosnia and Herzegovina,43.9159,17.6791,1/29/20,0,0,0
Isle of Man,Slovenia,46.1512,14.9955,1/29/20,0,0,0
Northwest Territories,South Africa,-30.5595,22.9375,1/29/20,0,0,0
British Columbia,Bhutan,27.5142,90.4336,1/29/20,0,0,0
New South Wales,Cameroon,3.848,11.5021,1/29/20,0,0,0
Victoria,Colombia,4.5709,-74.2973,1/29/20,0,0,0
Queensland,Costa Rica,9.7489,-83.7534,1/29/20,0,0,0
South Australia,Peru,-9.19,-75.0152,1/29/20,0,0,0
From Diamond Princess,Serbia,44.0165,21.0059,1/29/20,0,0,0
Western Australia,Slovakia,48.669,19.699,1/29/20,0,0,0
Tasmania,Togo,8.6195,0.8248,1/29/20,0,0,0
Northern Territory,Malta,35.9375,14.3754,1/29/20,0,0,0
Ontario,Martinique,14.6415,-61.0242,1/29/20,0,0,0
Alberta,Bulgaria,42.7339,25.4858,1/29/20,0,0,0
Quebec,Maldives,3.2028,73.2207,1/29/20,0,0,0
Washington,Bangladesh,23.685,90.3563,1/29/20,0,0,0
New York,Paraguay,-23.4425,-58.4438,1/29/20,0,0,0
California,Canada,51.2538,-85.3232,1/29/20,1,0,0
Massachusetts,Canada,53.9333,-116.5765,1/29/20,0,0,0
Diamond Princess,Canada,52.9399,-73.5491,1/29/20,0,0,0
Grand Princess,Albania,41.1533,20.1683,1/29/20,0,0,0
Georgia,Cyprus,35.1264,33.4299,1/29/20,0,0,0
Colorado,Brunei,4.5353,114.7277,1/29/20,0,0,0
Florida,US,47.4009,-121.4905,1/29/20,0,0,0
New Jersey,US,42.1657,-74.9481,1/29/20,0,0,0
Oregon,US,36.1162,-119.6816,1/29/20,0,0,0
Texas,US,42.2302,-71.5301,1/29/20,0,0,0
Illinois,US,35.4437,139.638,1/29/20,0,0,0
Pennsylvania,US,37.6489,-122.6655,1/29/20,0,0,0
Iowa,US,33.0406,-83.6431,1/29/20,0,0,0
Maryland,US,39.0598,-105.3111,1/29/20,0,0,0
North Carolina,US,27.7663,-81.6868,1/29/20,0,0,0
South Carolina,US,40.2989,-74.521,1/29/20,0,0,0
Tennessee,US,44.572,-122.0709,1/29/20,0,0,0
Virginia,US,31.0545,-97.5635,1/29/20,0,0,0
Arizona,US,40.3495,-88.9861,1/29/20,0,0,0
Indiana,US,40.5908,-77.2098,1/29/20,0,0,0
Kentucky,US,42.0115,-93.2105,1/29/20,0,0,0
District of Columbia,US,39.0639,-76.8021,1/29/20,0,0,0
Nevada,US,35.6301,-79.8064,1/29/20,0,0,0
New Hampshire,US,33.8569,-80.945,1/29/20,0,0,0
Minnesota,US,35.7478,-86.6923,1/29/20,0,0,0
Nebraska,US,37.7693,-78.17,1/29/20,0,0,0
Ohio,US,33.7298,-111.4312,1/29/20,0,0,0
Rhode Island,US,39.8494,-86.2583,1/29/20,0,0,0
Wisconsin,US,37.6681,-84.6701,1/29/20,0,0,0
Connecticut,US,38.8974,-77.0268,1/29/20,0,0,0
Hawaii,US,38.3135,-117.0554,1/29/20,0,0,0
Oklahoma,US,43.4525,-71.5639,1/29/20,0,0,0
Utah,US,45.6945,-93.9002,1/29/20,0,0,0
Kansas,US,41.1254,-98.2681,1/29/20,0,0,0
Louisiana,US,40.3888,-82.7649,1/29/20,0,0,0
Missouri,US,41.6809,-71.5118,1/29/20,0,0,0
Vermont,US,44.2685,-89.6165,1/29/20,0,0,0
Alaska,US,41.5978,-72.7554,1/29/20,0,0,0
Arkansas,US,21.0943,-157.4983,1/29/20,0,0,0
Delaware,US,35.5653,-96.9289,1/29/20,0,0,0
Idaho,US,40.15,-111.8624,1/29/20,0,0,0
Maine,Burkina Faso,12.2383,-1.5616,1/29/20,0,0,0
Michigan,Holy See,41.9029,12.4534,1/29/20,0,0,0
Mississippi,Mongolia,46.8625,103.8467,1/29/20,0,0,0
Montana,Panama,8.538,-80.7821,1/29/20,0,0,0
New Mexico,US,38.5266,-96.7265,1/29/20,0,0,0
North Dakota,US,31.1695,-91.8678,1/29/20,0,0,0
South Dakota,US,38.4561,-92.2884,1/29/20,0,0,0
West Virginia,US,44.0459,-72.7107,1/29/20,0,0,0
Wyoming,US,61.3707,-152.4044,1/29/20,0,0,0
France,US,34.9697,-92.3731,1/29/20,0,0,0
Diamond Princess,US,39.3185,-75.5071,1/29/20,0,0,0
Denmark,US,44.2405,-114.4788,1/29/20,0,0,0
Faroe Islands,US,44.6939,-69.3819,1/29/20,0,0,0
St Martin,US,43.3266,-84.5361,1/29/20,0,0,0
Channel Islands,US,32.7416,-89.6787,1/29/20,0,0,0
New Brunswick,US,46.9219,-110.4544,1/29/20,0,0,0
Saint Barthelemy,US,34.8405,-106.2485,1/29/20,0,0,0
Gibraltar,US,47.5289,-99.784,1/29/20,0,0,0
Australian Capital Territory,US,44.2998,-99.4388,1/29/20,0,0,0
United Kingdom,US,38.4912,-80.9545,1/29/20,0,0,0
French Polynesia,US,42.756,-107.3025,1/29/20,0,0,0
Manitoba,Iran,32,53,1/29/20,0,0,0
Saskatchewan,South Korea,36,128,1/29/20,4,0,0
Grand Princess,France,46.2276,2.2137,1/29/20,5,0,0
Alabama,Cruise Ship,35.4437,139.638,1/29/20,0,0,0
Puerto Rico,Denmark,56.2639,9.5018,1/29/20,0,0,0
French Guiana,Czechia,49.8175,15.473,1/29/20,0,0,0
Guam,Taiwan*,23.7,121,1/29/20,8,0,0
Newfoundland and Labrador,Vietnam,16,108,1/29/20,2,0,0
Prince Edward Island,Russia,60,90,1/29/20,0,0,0
Mayotte,Moldova,47.4116,28.3699,1/29/20,0,0,0
Netherlands,Bolivia,-16.2902,-63.5887,1/29/20,0,0,0
Nova Scotia,Denmark,61.8926,-6.9118,1/29/20,0,0,0
Guadeloupe,France,18.0708,-63.0501,1/29/20,0,0,0
Curacao,Honduras,15.2,-86.2419,1/29/20,0,0,0
Virgin Islands,United Kingdom,49.3723,-2.3644,1/29/20,0,0,0
Cayman Islands,Canada,46.5653,-66.4619,1/29/20,0,0,0
Reunion,Congo (Kinshasa),-4.0383,21.7587,1/29/20,0,0,0
Aruba,Cote d'Ivoire,7.54,-5.5471,1/29/20,0,0,0
Montserrat,France,17.9,-62.8333,1/29/20,0,0,0
Greenland,Jamaica,18.1096,-77.2975,1/29/20,0,0,0
New Caledonia,Turkey,38.9637,35.2433,1/29/20,0,0,0
Bermuda,United Kingdom,36.1408,-5.3536,1/29/20,0,0,0
Sint Maarten,Cuba,22,-80,1/29/20,0,0,0
Isle of Man,Guyana,5,-58.75,1/29/20,0,0,0
Northwest Territories,Australia,-35.4735,149.0124,1/29/20,0,0,0
British Columbia,United Kingdom,55.3781,-3.436,1/29/20,0,0,0
New South Wales,Kazakhstan,48.0196,66.9237,1/29/20,0,0,0
Victoria,France,-17.6797,149.4068,1/29/20,0,0,0
Queensland,Canada,53.7609,-98.8139,1/29/20,0,0,0
South Australia,Canada,52.9399,-106.4509,1/29/20,0,0,0
From Diamond Princess,Ethiopia,9.145,40.4897,1/29/20,0,0,0
Western Australia,Sudan,12.8628,30.2176,1/29/20,0,0,0
Tasmania,Guinea,9.9456,-9.6966,1/29/20,0,0,0
Northern Territory,Canada,37.6489,-122.6655,1/29/20,0,0,0
Ontario,Kenya,-0.0236,37.9062,1/29/20,0,0,0
Alberta,Antigua and Barbuda,17.0608,-61.7964,1/29/20,0,0,0
Quebec,US,32.3182,-86.9023,1/29/20,0,0,0
Washington,Uruguay,-32.5228,-55.7658,1/29/20,0,0,0
New York,Ghana,7.9465,-1.0232,1/29/20,0,0,0
California,US,18.2208,-66.5901,1/29/20,0,0,0
Massachusetts,Namibia,-22.9576,18.4904,1/29/20,0,0,0
Diamond Princess,Seychelles,-4.6796,55.492,1/29/20,0,0,0
Grand Princess,Trinidad and Tobago,10.6918,-61.2225,1/29/20,0,0,0
Georgia,Venezuela,6.4238,-66.5897,1/29/20,0,0,0
Colorado,Eswatini,-26.5225,31.4659,1/29/20,0,0,0
Florida,Gabon,-0.8037,11.6094,1/29/20,0,0,0
New Jersey,Guatemala,15.7835,-90.2308,1/29/20,0,0,0
Oregon,Mauritania,21.0079,10.9408,1/29/20,0,0,0
Texas,Rwanda,-1.9403,29.8739,1/29/20,0,0,0
Illinois,Saint Lucia,13.9094,-60.9789,1/29/20,0,0,0
Pennsylvania,Saint Vincent and the Grenadines,12.9843,-61.2872,1/29/20,0,0,0
Iowa,Suriname,3.9193,-56.0278,1/29/20,0,0,0
Maryland,France,3.9339,-53.1258,1/29/20,0,0,0
North Carolina,US,13.4443,144.7937,1/29/20,0,0,0
South Carolina,Kosovo,42.6026,20.903,1/29/20,0,0,0
Tennessee,Canada,53.1355,-57.6604,1/29/20,0,0,0
Virginia,Canada,46.5107,-63.4168,1/29/20,0,0,0
Arizona,Central African Republic,6.6111,20.9394,1/29/20,0,0,0
Indiana,Congo (Brazzaville),-4.0383,21.7587,1/29/20,0,0,0
Kentucky,Equatorial Guinea,1.5,10,1/29/20,0,0,0
District of Columbia,France,-12.8275,45.1662,1/29/20,0,0,0
Nevada,Uzbekistan,41.3775,64.5853,1/29/20,0,0,0
New Hampshire,Netherlands,52.1326,5.2913,1/29/20,0,0,0
Minnesota,Canada,44.682,-63.7443,1/29/20,0,0,0
Nebraska,France,16.25,-61.5833,1/29/20,0,0,0
Ohio,Benin,9.3077,2.3158,1/29/20,0,0,0
Rhode Island,Liberia,6.4281,-9.4295,1/29/20,0,0,0
Wisconsin,Netherlands,12.1696,-68.99,1/29/20,0,0,0
Connecticut,Somalia,5.1521,46.1996,1/29/20,0,0,0
Hawaii,Tanzania,-6.369,34.8888,1/29/20,0,0,0
Oklahoma,US,18.3358,-64.8963,1/29/20,0,0,0
Utah,United Kingdom,19.3133,-81.2546,1/29/20,0,0,0
Kansas,France,-21.1351,55.2471,1/29/20,0,0,0
Louisiana,Barbados,13.1939,-59.5432,1/29/20,0,0,0
Missouri,Montenegro,42.5,19.3,1/29/20,0,0,0
Vermont,Kyrgyzstan,41.2044,74.7661,1/29/20,0,0,0
Alaska,Mauritius,-20.2,57.5,1/29/20,0,0,0
Arkansas,Netherlands,12.5186,-70.0358,1/29/20,0,0,0
Delaware,Zambia,-15.4167,28.2833,1/29/20,0,0,0
Idaho,Djibouti,11.8251,42.5903,1/29/20,0,0,0
Maine,"Gambia, The",13.4432,-15.3101,1/29/20,0,0,0
Michigan,United Kingdom,16.7425,-62.1874,1/29/20,0,0,0
Mississippi,"Bahamas, The",25.0343,-77.3963,1/29/20,0,0,0
Montana,Denmark,71.7069,-42.6043,1/29/20,0,0,0
New Mexico,France,-20.9043,165.618,1/29/20,0,0,0
North Dakota,United Kingdom,32.3078,-64.7505,1/29/20,0,0,0
South Dakota,Chad,15.4542,18.7322,1/29/20,0,0,0
West Virginia,El Salvador,13.7942,-88.8965,1/29/20,0,0,0
Wyoming,Fiji,-17.7134,178.065,1/29/20,0,0,0
France,Nicaragua,12.8654,-85.2072,1/29/20,0,0,0
Diamond Princess,Madagascar,-18.7669,46.8691,1/29/20,0,0,0
Denmark,Haiti,18.9712,-72.2852,1/29/20,0,0,0
Faroe Islands,Angola,-11.2027,17.8739,1/29/20,0,0,0
St Martin,Cabo Verde,16.5388,-23.0418,1/29/20,0,0,0
Channel Islands,Netherlands,18.0425,-63.0548,1/29/20,0,0,0
New Brunswick,Niger,17.6078,8.0817,1/29/20,0,0,0
Saint Barthelemy,Papua New Guinea,-6.315,143.9555,1/29/20,0,0,0
Gibraltar,United Kingdom,54.2361,-4.5481,1/29/20,0,0,0
Australian Capital Territory,Zimbabwe,-20,30,1/29/20,0,0,0
United Kingdom,Canada,64.8255,-124.8457,1/29/20,0,0,0
French Polynesia,Cape Verde,15.1111,-23.6167,1/29/20,0,0,0
Manitoba,East Timor,-8.55,125.56,1/29/20,0,0,0
Saskatchewan,Eritrea,15.1794,39.7823,1/29/20,0,0,0
Grand Princess,Uganda,1,32,1/29/20,0,0,0
Alabama,Dominica,15.415,-61.371,1/29/20,0,0,0
Puerto Rico,Grenada,12.1165,-61.679,1/29/20,0,0,0
French Guiana,Mozambique,-18.6657,35.5296,1/29/20,0,0,0
Guam,Syria,34.8021,38.9968,1/29/20,0,0,0
Newfoundland and Labrador,Timor-Leste,-8.8742,125.7275,1/29/20,0,0,0
Prince Edward Island,Thailand,15,101,1/30/20,14,0,5
Mayotte,Japan,36,138,1/30/20,11,0,1
Netherlands,Singapore,1.2833,103.8333,1/30/20,10,0,0
Nova Scotia,Nepal,28.1667,84.25,1/30/20,1,0,0
Guadeloupe,Malaysia,2.5,112.5,1/30/20,8,0,0
Curacao,Canada,49.2827,-123.1207,1/30/20,1,0,0
Virgin Islands,Australia,-33.8688,151.2093,1/30/20,4,0,2
Cayman Islands,Australia,-37.8136,144.9631,1/30/20,2,0,0
Reunion,Australia,-28.0167,153.4,1/30/20,3,0,0
Aruba,Cambodia,11.55,104.9167,1/30/20,1,0,0
Montserrat,Sri Lanka,7,81,1/30/20,1,0,0
Greenland,Germany,51,9,1/30/20,4,0,0
New Caledonia,Finland,64,26,1/30/20,1,0,0
Bermuda,United Arab Emirates,24,54,1/30/20,4,0,0
Sint Maarten,Philippines,13,122,1/30/20,1,0,0
Isle of Man,India,21,78,1/30/20,1,0,0
Northwest Territories,Italy,43,12,1/30/20,0,0,0
British Columbia,Sweden,63,16,1/30/20,0,0,0
New South Wales,Spain,40,-4,1/30/20,0,0,0
Victoria,Australia,-34.9285,138.6007,1/30/20,0,0,0
Queensland,Belgium,50.8333,4,1/30/20,0,0,0
South Australia,Egypt,26,30,1/30/20,0,0,0
From Diamond Princess,Australia,35.4437,139.638,1/30/20,0,0,0
Western Australia,Lebanon,33.8547,35.8623,1/30/20,0,0,0
Tasmania,Iraq,33,44,1/30/20,0,0,0
Northern Territory,Oman,21,57,1/30/20,0,0,0
Ontario,Afghanistan,33,65,1/30/20,0,0,0
Alberta,Bahrain,26.0275,50.55,1/30/20,0,0,0
Quebec,Kuwait,29.5,47.75,1/30/20,0,0,0
Washington,Algeria,28.0339,1.6596,1/30/20,0,0,0
New York,Croatia,45.1,15.2,1/30/20,0,0,0
California,Switzerland,46.8182,8.2275,1/30/20,0,0,0
Massachusetts,Austria,47.5162,14.5501,1/30/20,0,0,0
Diamond Princess,Israel,31,35,1/30/20,0,0,0
Grand Princess,Pakistan,30.3753,69.3451,1/30/20,0,0,0
Georgia,Brazil,-14.235,-51.9253,1/30/20,0,0,0
Colorado,Georgia,42.3154,43.3569,1/30/20,0,0,0
Florida,Greece,39.0742,21.8243,1/30/20,0,0,0
New Jersey,North Macedonia,41.6086,21.7453,1/30/20,0,0,0
Oregon,Norway,60.472,8.4689,1/30/20,0,0,0
Texas,Romania,45.9432,24.9668,1/30/20,0,0,0
Illinois,Estonia,58.5953,25.0136,1/30/20,0,0,0
Pennsylvania,San Marino,43.9424,12.4578,1/30/20,0,0,0
Iowa,Belarus,53.7098,27.9534,1/30/20,0,0,0
Maryland,Iceland,64.9631,-19.0208,1/30/20,0,0,0
North Carolina,Lithuania,55.1694,23.8813,1/30/20,0,0,0
South Carolina,Mexico,23.6345,-102.5528,1/30/20,0,0,0
Tennessee,New Zealand,-40.9006,174.886,1/30/20,0,0,0
Virginia,Nigeria,9.082,8.6753,1/30/20,0,0,0
Arizona,Australia,-31.9505,115.8605,1/30/20,0,0,0
Indiana,Ireland,53.1424,-7.6921,1/30/20,0,0,0
Kentucky,Luxembourg,49.8153,6.1296,1/30/20,0,0,0
District of Columbia,Monaco,43.7333,7.4167,1/30/20,0,0,0
Nevada,Qatar,25.3548,51.1839,1/30/20,0,0,0
New Hampshire,Ecuador,-1.8312,-78.1834,1/30/20,0,0,0
Minnesota,Azerbaijan,40.1431,47.5769,1/30/20,0,0,0
Nebraska,Armenia,40.0691,45.0382,1/30/20,0,0,0
Ohio,Dominican Republic,18.7357,-70.1627,1/30/20,0,0,0
Rhode Island,Indonesia,-0.7893,113.9213,1/30/20,0,0,0
Wisconsin,Portugal,39.3999,-8.2245,1/30/20,0,0,0
Connecticut,Andorra,42.5063,1.5218,1/30/20,0,0,0
Hawaii,Australia,-41.4545,145.9707,1/30/20,0,0,0
Oklahoma,Latvia,56.8796,24.6032,1/30/20,0,0,0
Utah,Morocco,31.7917,-7.0926,1/30/20,0,0,0
Kansas,Saudi Arabia,24,45,1/30/20,0,0,0
Louisiana,Senegal,14.4974,-14.4524,1/30/20,0,0,0
Missouri,Argentina,-38.4161,-63.6167,1/30/20,0,0,0
Vermont,Chile,-35.6751,-71.543,1/30/20,0,0,0
Alaska,Jordan,31.24,36.51,1/30/20,0,0,0
Arkansas,Ukraine,48.3794,31.1656,1/30/20,0,0,0
Delaware,Hungary,47.1625,19.5033,1/30/20,0,0,0
Idaho,Australia,-12.4634,130.8456,1/30/20,0,0,0
Maine,Liechtenstein,47.14,9.55,1/30/20,0,0,0
Michigan,Poland,51.9194,19.1451,1/30/20,0,0,0
Mississippi,Tunisia,34,9,1/30/20,0,0,0
Montana,Bosnia and Herzegovina,43.9159,17.6791,1/30/20,0,0,0
New Mexico,Slovenia,46.1512,14.9955,1/30/20,0,0,0
North Dakota,South Africa,-30.5595,22.9375,1/30/20,0,0,0
South Dakota,Bhutan,27.5142,90.4336,1/30/20,0,0,0
West Virginia,Cameroon,3.848,11.5021,1/30/20,0,0,0
Wyoming,Colombia,4.5709,-74.2973,1/30/20,0,0,0
France,Costa Rica,9.7489,-83.7534,1/30/20,0,0,0
Diamond Princess,Peru,-9.19,-75.0152,1/30/20,0,0,0
Denmark,Serbia,44.0165,21.0059,1/30/20,0,0,0
Faroe Islands,Slovakia,48.669,19.699,1/30/20,0,0,0
St Martin,Togo,8.6195,0.8248,1/30/20,0,0,0
Channel Islands,Malta,35.9375,14.3754,1/30/20,0,0,0
New Brunswick,Martinique,14.6415,-61.0242,1/30/20,0,0,0
Saint Barthelemy,Bulgaria,42.7339,25.4858,1/30/20,0,0,0
Gibraltar,Maldives,3.2028,73.2207,1/30/20,0,0,0
Australian Capital Territory,Bangladesh,23.685,90.3563,1/30/20,0,0,0
United Kingdom,Paraguay,-23.4425,-58.4438,1/30/20,0,0,0
French Polynesia,Canada,51.2538,-85.3232,1/30/20,1,0,0
Manitoba,Canada,53.9333,-116.5765,1/30/20,0,0,0
Saskatchewan,Canada,52.9399,-73.5491,1/30/20,0,0,0
Grand Princess,Albania,41.1533,20.1683,1/30/20,0,0,0
Alabama,Cyprus,35.1264,33.4299,1/30/20,0,0,0
Puerto Rico,Brunei,4.5353,114.7277,1/30/20,0,0,0
French Guiana,US,47.4009,-121.4905,1/30/20,0,0,0
Guam,US,42.1657,-74.9481,1/30/20,0,0,0
Newfoundland and Labrador,US,36.1162,-119.6816,1/30/20,0,0,0
Prince Edward Island,US,42.2302,-71.5301,1/30/20,0,0,0
Mayotte,US,35.4437,139.638,1/30/20,0,0,0
Netherlands,US,37.6489,-122.6655,1/30/20,0,0,0
Nova Scotia,US,33.0406,-83.6431,1/30/20,0,0,0
Guadeloupe,US,39.0598,-105.3111,1/30/20,0,0,0
Curacao,US,27.7663,-81.6868,1/30/20,0,0,0
Virgin Islands,US,40.2989,-74.521,1/30/20,0,0,0
Cayman Islands,US,44.572,-122.0709,1/30/20,0,0,0
Reunion,US,31.0545,-97.5635,1/30/20,0,0,0
Aruba,US,40.3495,-88.9861,1/30/20,0,0,0
Montserrat,US,40.5908,-77.2098,1/30/20,0,0,0
Greenland,US,42.0115,-93.2105,1/30/20,0,0,0
New Caledonia,US,39.0639,-76.8021,1/30/20,0,0,0
Bermuda,US,35.6301,-79.8064,1/30/20,0,0,0
Sint Maarten,US,33.8569,-80.945,1/30/20,0,0,0
Isle of Man,US,35.7478,-86.6923,1/30/20,0,0,0
Northwest Territories,US,37.7693,-78.17,1/30/20,0,0,0
British Columbia,US,33.7298,-111.4312,1/30/20,0,0,0
New South Wales,US,39.8494,-86.2583,1/30/20,0,0,0
Victoria,US,37.6681,-84.6701,1/30/20,0,0,0
Queensland,US,38.8974,-77.0268,1/30/20,0,0,0
South Australia,US,38.3135,-117.0554,1/30/20,0,0,0
From Diamond Princess,US,43.4525,-71.5639,1/30/20,0,0,0
Western Australia,US,45.6945,-93.9002,1/30/20,0,0,0
Tasmania,US,41.1254,-98.2681,1/30/20,0,0,0
Northern Territory,US,40.3888,-82.7649,1/30/20,0,0,0
Ontario,US,41.6809,-71.5118,1/30/20,0,0,0
Alberta,US,44.2685,-89.6165,1/30/20,0,0,0
Quebec,US,41.5978,-72.7554,1/30/20,0,0,0
Washington,US,21.0943,-157.4983,1/30/20,0,0,0
New York,US,35.5653,-96.9289,1/30/20,0,0,0
California,US,40.15,-111.8624,1/30/20,0,0,0
Massachusetts,Burkina Faso,12.2383,-1.5616,1/30/20,0,0,0
Diamond Princess,Holy See,41.9029,12.4534,1/30/20,0,0,0
Grand Princess,Mongolia,46.8625,103.8467,1/30/20,0,0,0
Georgia,Panama,8.538,-80.7821,1/30/20,0,0,0
Colorado,US,38.5266,-96.7265,1/30/20,0,0,0
Florida,US,31.1695,-91.8678,1/30/20,0,0,0
New Jersey,US,38.4561,-92.2884,1/30/20,0,0,0
Oregon,US,44.0459,-72.7107,1/30/20,0,0,0
Texas,US,61.3707,-152.4044,1/30/20,0,0,0
Illinois,US,34.9697,-92.3731,1/30/20,0,0,0
Pennsylvania,US,39.3185,-75.5071,1/30/20,0,0,0
Iowa,US,44.2405,-114.4788,1/30/20,0,0,0
Maryland,US,44.6939,-69.3819,1/30/20,0,0,0
North Carolina,US,43.3266,-84.5361,1/30/20,0,0,0
South Carolina,US,32.7416,-89.6787,1/30/20,0,0,0
Tennessee,US,46.9219,-110.4544,1/30/20,0,0,0
Virginia,US,34.8405,-106.2485,1/30/20,0,0,0
Arizona,US,47.5289,-99.784,1/30/20,0,0,0
Indiana,US,44.2998,-99.4388,1/30/20,0,0,0
Kentucky,US,38.4912,-80.9545,1/30/20,0,0,0
District of Columbia,US,42.756,-107.3025,1/30/20,0,0,0
Nevada,Iran,32,53,1/30/20,0,0,0
New Hampshire,South Korea,36,128,1/30/20,4,0,0
Minnesota,France,46.2276,2.2137,1/30/20,5,0,0
Nebraska,Cruise Ship,35.4437,139.638,1/30/20,0,0,0
Ohio,Denmark,56.2639,9.5018,1/30/20,0,0,0
Rhode Island,Czechia,49.8175,15.473,1/30/20,0,0,0
Wisconsin,Taiwan*,23.7,121,1/30/20,9,0,0
Connecticut,Vietnam,16,108,1/30/20,2,0,0
Hawaii,Russia,60,90,1/30/20,0,0,0
Oklahoma,Moldova,47.4116,28.3699,1/30/20,0,0,0
Utah,Bolivia,-16.2902,-63.5887,1/30/20,0,0,0
Kansas,Denmark,61.8926,-6.9118,1/30/20,0,0,0
Louisiana,France,18.0708,-63.0501,1/30/20,0,0,0
Missouri,Honduras,15.2,-86.2419,1/30/20,0,0,0
Vermont,United Kingdom,49.3723,-2.3644,1/30/20,0,0,0
Alaska,Canada,46.5653,-66.4619,1/30/20,0,0,0
Arkansas,Congo (Kinshasa),-4.0383,21.7587,1/30/20,0,0,0
Delaware,Cote d'Ivoire,7.54,-5.5471,1/30/20,0,0,0
Idaho,France,17.9,-62.8333,1/30/20,0,0,0
Maine,Jamaica,18.1096,-77.2975,1/30/20,0,0,0
Michigan,Turkey,38.9637,35.2433,1/30/20,0,0,0
Mississippi,United Kingdom,36.1408,-5.3536,1/30/20,0,0,0
Montana,Cuba,22,-80,1/30/20,0,0,0
New Mexico,Guyana,5,-58.75,1/30/20,0,0,0
North Dakota,Australia,-35.4735,149.0124,1/30/20,0,0,0
South Dakota,United Kingdom,55.3781,-3.436,1/30/20,0,0,0
West Virginia,Kazakhstan,48.0196,66.9237,1/30/20,0,0,0
Wyoming,France,-17.6797,149.4068,1/30/20,0,0,0
France,Canada,53.7609,-98.8139,1/30/20,0,0,0
Diamond Princess,Canada,52.9399,-106.4509,1/30/20,0,0,0
Denmark,Ethiopia,9.145,40.4897,1/30/20,0,0,0
Faroe Islands,Sudan,12.8628,30.2176,1/30/20,0,0,0
St Martin,Guinea,9.9456,-9.6966,1/30/20,0,0,0
Channel Islands,Canada,37.6489,-122.6655,1/30/20,0,0,0
New Brunswick,Kenya,-0.0236,37.9062,1/30/20,0,0,0
Saint Barthelemy,Antigua and Barbuda,17.0608,-61.7964,1/30/20,0,0,0
Gibraltar,US,32.3182,-86.9023,1/30/20,0,0,0
Australian Capital Territory,Uruguay,-32.5228,-55.7658,1/30/20,0,0,0
United Kingdom,Ghana,7.9465,-1.0232,1/30/20,0,0,0
French Polynesia,US,18.2208,-66.5901,1/30/20,0,0,0
Manitoba,Namibia,-22.9576,18.4904,1/30/20,0,0,0
Saskatchewan,Seychelles,-4.6796,55.492,1/30/20,0,0,0
Grand Princess,Trinidad and Tobago,10.6918,-61.2225,1/30/20,0,0,0
Alabama,Venezuela,6.4238,-66.5897,1/30/20,0,0,0
Puerto Rico,Eswatini,-26.5225,31.4659,1/30/20,0,0,0
French Guiana,Gabon,-0.8037,11.6094,1/30/20,0,0,0
Guam,Guatemala,15.7835,-90.2308,1/30/20,0,0,0
Newfoundland and Labrador,Mauritania,21.0079,10.9408,1/30/20,0,0,0
Prince Edward Island,Rwanda,-1.9403,29.8739,1/30/20,0,0,0
Mayotte,Saint Lucia,13.9094,-60.9789,1/30/20,0,0,0
Netherlands,Saint Vincent and the Grenadines,12.9843,-61.2872,1/30/20,0,0,0
Nova Scotia,Suriname,3.9193,-56.0278,1/30/20,0,0,0
Guadeloupe,France,3.9339,-53.1258,1/30/20,0,0,0
Curacao,US,13.4443,144.7937,1/30/20,0,0,0
Virgin Islands,Kosovo,42.6026,20.903,1/30/20,0,0,0
Cayman Islands,Canada,53.1355,-57.6604,1/30/20,0,0,0
Reunion,Canada,46.5107,-63.4168,1/30/20,0,0,0
Aruba,Central African Republic,6.6111,20.9394,1/30/20,0,0,0
Montserrat,Congo (Brazzaville),-4.0383,21.7587,1/30/20,0,0,0
Greenland,Equatorial Guinea,1.5,10,1/30/20,0,0,0
New Caledonia,France,-12.8275,45.1662,1/30/20,0,0,0
Bermuda,Uzbekistan,41.3775,64.5853,1/30/20,0,0,0
Sint Maarten,Netherlands,52.1326,5.2913,1/30/20,0,0,0
Isle of Man,Canada,44.682,-63.7443,1/30/20,0,0,0
Northwest Territories,France,16.25,-61.5833,1/30/20,0,0,0
British Columbia,Benin,9.3077,2.3158,1/30/20,0,0,0
New South Wales,Liberia,6.4281,-9.4295,1/30/20,0,0,0
Victoria,Netherlands,12.1696,-68.99,1/30/20,0,0,0
Queensland,Somalia,5.1521,46.1996,1/30/20,0,0,0
South Australia,Tanzania,-6.369,34.8888,1/30/20,0,0,0
From Diamond Princess,US,18.3358,-64.8963,1/30/20,0,0,0
Western Australia,United Kingdom,19.3133,-81.2546,1/30/20,0,0,0
Tasmania,France,-21.1351,55.2471,1/30/20,0,0,0
Northern Territory,Barbados,13.1939,-59.5432,1/30/20,0,0,0
Ontario,Montenegro,42.5,19.3,1/30/20,0,0,0
Alberta,Kyrgyzstan,41.2044,74.7661,1/30/20,0,0,0
Quebec,Mauritius,-20.2,57.5,1/30/20,0,0,0
Washington,Netherlands,12.5186,-70.0358,1/30/20,0,0,0
New York,Zambia,-15.4167,28.2833,1/30/20,0,0,0
California,Djibouti,11.8251,42.5903,1/30/20,0,0,0
Massachusetts,"Gambia, The",13.4432,-15.3101,1/30/20,0,0,0
Diamond Princess,United Kingdom,16.7425,-62.1874,1/30/20,0,0,0
Grand Princess,"Bahamas, The",25.0343,-77.3963,1/30/20,0,0,0
Georgia,Denmark,71.7069,-42.6043,1/30/20,0,0,0
Colorado,France,-20.9043,165.618,1/30/20,0,0,0
Florida,United Kingdom,32.3078,-64.7505,1/30/20,0,0,0
New Jersey,Chad,15.4542,18.7322,1/30/20,0,0,0
Oregon,El Salvador,13.7942,-88.8965,1/30/20,0,0,0
Texas,Fiji,-17.7134,178.065,1/30/20,0,0,0
Illinois,Nicaragua,12.8654,-85.2072,1/30/20,0,0,0
Pennsylvania,Madagascar,-18.7669,46.8691,1/30/20,0,0,0
Iowa,Haiti,18.9712,-72.2852,1/30/20,0,0,0
Maryland,Angola,-11.2027,17.8739,1/30/20,0,0,0
North Carolina,Cabo Verde,16.5388,-23.0418,1/30/20,0,0,0
South Carolina,Netherlands,18.0425,-63.0548,1/30/20,0,0,0
Tennessee,Niger,17.6078,8.0817,1/30/20,0,0,0
Virginia,Papua New Guinea,-6.315,143.9555,1/30/20,0,0,0
Arizona,United Kingdom,54.2361,-4.5481,1/30/20,0,0,0
Indiana,Zimbabwe,-20,30,1/30/20,0,0,0
Kentucky,Canada,64.8255,-124.8457,1/30/20,0,0,0
District of Columbia,Cape Verde,15.1111,-23.6167,1/30/20,0,0,0
Nevada,East Timor,-8.55,125.56,1/30/20,0,0,0
New Hampshire,Eritrea,15.1794,39.7823,1/30/20,0,0,0
Minnesota,Uganda,1,32,1/30/20,0,0,0
Nebraska,Dominica,15.415,-61.371,1/30/20,0,0,0
Ohio,Grenada,12.1165,-61.679,1/30/20,0,0,0
Rhode Island,Mozambique,-18.6657,35.5296,1/30/20,0,0,0
Wisconsin,Syria,34.8021,38.9968,1/30/20,0,0,0
Connecticut,Timor-Leste,-8.8742,125.7275,1/30/20,0,0,0
Hawaii,Thailand,15,101,1/31/20,19,0,5
Oklahoma,Japan,36,138,1/31/20,15,0,1
Utah,Singapore,1.2833,103.8333,1/31/20,13,0,0
Kansas,Nepal,28.1667,84.25,1/31/20,1,0,0
Louisiana,Malaysia,2.5,112.5,1/31/20,8,0,0
Missouri,Canada,49.2827,-123.1207,1/31/20,1,0,0
Vermont,Australia,-33.8688,151.2093,1/31/20,4,0,2
Alaska,Australia,-37.8136,144.9631,1/31/20,3,0,0
Arkansas,Australia,-28.0167,153.4,1/31/20,2,0,0
Delaware,Cambodia,11.55,104.9167,1/31/20,1,0,0
Idaho,Sri Lanka,7,81,1/31/20,1,0,0
Maine,Germany,51,9,1/31/20,5,0,0
Michigan,Finland,64,26,1/31/20,1,0,0
Mississippi,United Arab Emirates,24,54,1/31/20,4,0,0
Montana,Philippines,13,122,1/31/20,1,0,0
New Mexico,India,21,78,1/31/20,1,0,0
North Dakota,Italy,43,12,1/31/20,2,0,0
South Dakota,Sweden,63,16,1/31/20,1,0,0
West Virginia,Spain,40,-4,1/31/20,0,0,0
Wyoming,Australia,-34.9285,138.6007,1/31/20,0,0,0
France,Belgium,50.8333,4,1/31/20,0,0,0
Diamond Princess,Egypt,26,30,1/31/20,0,0,0
Denmark,Australia,35.4437,139.638,1/31/20,0,0,0
Faroe Islands,Lebanon,33.8547,35.8623,1/31/20,0,0,0
St Martin,Iraq,33,44,1/31/20,0,0,0
Channel Islands,Oman,21,57,1/31/20,0,0,0
New Brunswick,Afghanistan,33,65,1/31/20,0,0,0
Saint Barthelemy,Bahrain,26.0275,50.55,1/31/20,0,0,0
Gibraltar,Kuwait,29.5,47.75,1/31/20,0,0,0
Australian Capital Territory,Algeria,28.0339,1.6596,1/31/20,0,0,0
United Kingdom,Croatia,45.1,15.2,1/31/20,0,0,0
French Polynesia,Switzerland,46.8182,8.2275,1/31/20,0,0,0
Manitoba,Austria,47.5162,14.5501,1/31/20,0,0,0
Saskatchewan,Israel,31,35,1/31/20,0,0,0
Grand Princess,Pakistan,30.3753,69.3451,1/31/20,0,0,0
Alabama,Brazil,-14.235,-51.9253,1/31/20,0,0,0
Puerto Rico,Georgia,42.3154,43.3569,1/31/20,0,0,0
French Guiana,Greece,39.0742,21.8243,1/31/20,0,0,0
Guam,North Macedonia,41.6086,21.7453,1/31/20,0,0,0
Newfoundland and Labrador,Norway,60.472,8.4689,1/31/20,0,0,0
Prince Edward Island,Romania,45.9432,24.9668,1/31/20,0,0,0
Mayotte,Estonia,58.5953,25.0136,1/31/20,0,0,0
Netherlands,San Marino,43.9424,12.4578,1/31/20,0,0,0
Nova Scotia,Belarus,53.7098,27.9534,1/31/20,0,0,0
Guadeloupe,Iceland,64.9631,-19.0208,1/31/20,0,0,0
Curacao,Lithuania,55.1694,23.8813,1/31/20,0,0,0
Virgin Islands,Mexico,23.6345,-102.5528,1/31/20,0,0,0
Cayman Islands,New Zealand,-40.9006,174.886,1/31/20,0,0,0
Reunion,Nigeria,9.082,8.6753,1/31/20,0,0,0
Aruba,Australia,-31.9505,115.8605,1/31/20,0,0,0
Montserrat,Ireland,53.1424,-7.6921,1/31/20,0,0,0
Greenland,Luxembourg,49.8153,6.1296,1/31/20,0,0,0
New Caledonia,Monaco,43.7333,7.4167,1/31/20,0,0,0
Bermuda,Qatar,25.3548,51.1839,1/31/20,0,0,0
Sint Maarten,Ecuador,-1.8312,-78.1834,1/31/20,0,0,0
Isle of Man,Azerbaijan,40.1431,47.5769,1/31/20,0,0,0
Northwest Territories,Armenia,40.0691,45.0382,1/31/20,0,0,0
British Columbia,Dominican Republic,18.7357,-70.1627,1/31/20,0,0,0
New South Wales,Indonesia,-0.7893,113.9213,1/31/20,0,0,0
Victoria,Portugal,39.3999,-8.2245,1/31/20,0,0,0
Queensland,Andorra,42.5063,1.5218,1/31/20,0,0,0
South Australia,Australia,-41.4545,145.9707,1/31/20,0,0,0
From Diamond Princess,Latvia,56.8796,24.6032,1/31/20,0,0,0
Western Australia,Morocco,31.7917,-7.0926,1/31/20,0,0,0
Tasmania,Saudi Arabia,24,45,1/31/20,0,0,0
Northern Territory,Senegal,14.4974,-14.4524,1/31/20,0,0,0
Ontario,Argentina,-38.4161,-63.6167,1/31/20,0,0,0
Alberta,Chile,-35.6751,-71.543,1/31/20,0,0,0
Quebec,Jordan,31.24,36.51,1/31/20,0,0,0
Washington,Ukraine,48.3794,31.1656,1/31/20,0,0,0
New York,Hungary,47.1625,19.5033,1/31/20,0,0,0
California,Australia,-12.4634,130.8456,1/31/20,0,0,0
Massachusetts,Liechtenstein,47.14,9.55,1/31/20,0,0,0
Diamond Princess,Poland,51.9194,19.1451,1/31/20,0,0,0
Grand Princess,Tunisia,34,9,1/31/20,0,0,0
Georgia,Bosnia and Herzegovina,43.9159,17.6791,1/31/20,0,0,0
Colorado,Slovenia,46.1512,14.9955,1/31/20,0,0,0
Florida,South Africa,-30.5595,22.9375,1/31/20,0,0,0
New Jersey,Bhutan,27.5142,90.4336,1/31/20,0,0,0
Oregon,Cameroon,3.848,11.5021,1/31/20,0,0,0
Texas,Colombia,4.5709,-74.2973,1/31/20,0,0,0
Illinois,Costa Rica,9.7489,-83.7534,1/31/20,0,0,0
Pennsylvania,Peru,-9.19,-75.0152,1/31/20,0,0,0
Iowa,Serbia,44.0165,21.0059,1/31/20,0,0,0
Maryland,Slovakia,48.669,19.699,1/31/20,0,0,0
North Carolina,Togo,8.6195,0.8248,1/31/20,0,0,0
South Carolina,Malta,35.9375,14.3754,1/31/20,0,0,0
Tennessee,Martinique,14.6415,-61.0242,1/31/20,0,0,0
Virginia,Bulgaria,42.7339,25.4858,1/31/20,0,0,0
Arizona,Maldives,3.2028,73.2207,1/31/20,0,0,0
Indiana,Bangladesh,23.685,90.3563,1/31/20,0,0,0
Kentucky,Paraguay,-23.4425,-58.4438,1/31/20,0,0,0
District of Columbia,Canada,51.2538,-85.3232,1/31/20,3,0,0
Nevada,Canada,53.9333,-116.5765,1/31/20,0,0,0
New Hampshire,Canada,52.9399,-73.5491,1/31/20,0,0,0
Minnesota,Albania,41.1533,20.1683,1/31/20,0,0,0
Nebraska,Cyprus,35.1264,33.4299,1/31/20,0,0,0
Ohio,Brunei,4.5353,114.7277,1/31/20,0,0,0
Rhode Island,US,47.4009,-121.4905,1/31/20,0,0,0
Wisconsin,US,42.1657,-74.9481,1/31/20,0,0,0
Connecticut,US,36.1162,-119.6816,1/31/20,0,0,0
Hawaii,US,42.2302,-71.5301,1/31/20,0,0,0
Oklahoma,US,35.4437,139.638,1/31/20,0,0,0
Utah,US,37.6489,-122.6655,1/31/20,0,0,0
Kansas,US,33.0406,-83.6431,1/31/20,0,0,0
Louisiana,US,39.0598,-105.3111,1/31/20,0,0,0
Missouri,US,27.7663,-81.6868,1/31/20,0,0,0
Vermont,US,40.2989,-74.521,1/31/20,0,0,0
Alaska,US,44.572,-122.0709,1/31/20,0,0,0
Arkansas,US,31.0545,-97.5635,1/31/20,0,0,0
Delaware,US,40.3495,-88.9861,1/31/20,0,0,0
Idaho,US,40.5908,-77.2098,1/31/20,0,0,0
Maine,US,42.0115,-93.2105,1/31/20,0,0,0
Michigan,US,39.0639,-76.8021,1/31/20,0,0,0
Mississippi,US,35.6301,-79.8064,1/31/20,0,0,0
Montana,US,33.8569,-80.945,1/31/20,0,0,0
New Mexico,US,35.7478,-86.6923,1/31/20,0,0,0
North Dakota,US,37.7693,-78.17,1/31/20,0,0,0
South Dakota,US,33.7298,-111.4312,1/31/20,0,0,0
West Virginia,US,39.8494,-86.2583,1/31/20,0,0,0
Wyoming,US,37.6681,-84.6701,1/31/20,0,0,0
France,US,38.8974,-77.0268,1/31/20,0,0,0
Diamond Princess,US,38.3135,-117.0554,1/31/20,0,0,0
Denmark,US,43.4525,-71.5639,1/31/20,0,0,0
Faroe Islands,US,45.6945,-93.9002,1/31/20,0,0,0
St Martin,US,41.1254,-98.2681,1/31/20,0,0,0
Channel Islands,US,40.3888,-82.7649,1/31/20,0,0,0
New Brunswick,US,41.6809,-71.5118,1/31/20,0,0,0
Saint Barthelemy,US,44.2685,-89.6165,1/31/20,0,0,0
Gibraltar,US,41.5978,-72.7554,1/31/20,0,0,0
Australian Capital Territory,US,21.0943,-157.4983,1/31/20,0,0,0
United Kingdom,US,35.5653,-96.9289,1/31/20,0,0,0
French Polynesia,US,40.15,-111.8624,1/31/20,0,0,0
Manitoba,Burkina Faso,12.2383,-1.5616,1/31/20,0,0,0
Saskatchewan,Holy See,41.9029,12.4534,1/31/20,0,0,0
Grand Princess,Mongolia,46.8625,103.8467,1/31/20,0,0,0
Alabama,Panama,8.538,-80.7821,1/31/20,0,0,0
Puerto Rico,US,38.5266,-96.7265,1/31/20,0,0,0
French Guiana,US,31.1695,-91.8678,1/31/20,0,0,0
Guam,US,38.4561,-92.2884,1/31/20,0,0,0
Newfoundland and Labrador,US,44.0459,-72.7107,1/31/20,0,0,0
Prince Edward Island,US,61.3707,-152.4044,1/31/20,0,0,0
Mayotte,US,34.9697,-92.3731,1/31/20,0,0,0
Netherlands,US,39.3185,-75.5071,1/31/20,0,0,0
Nova Scotia,US,44.2405,-114.4788,1/31/20,0,0,0
Guadeloupe,US,44.6939,-69.3819,1/31/20,0,0,0
Curacao,US,43.3266,-84.5361,1/31/20,0,0,0
Virgin Islands,US,32.7416,-89.6787,1/31/20,0,0,0
Cayman Islands,US,46.9219,-110.4544,1/31/20,0,0,0
Reunion,US,34.8405,-106.2485,1/31/20,0,0,0
Aruba,US,47.5289,-99.784,1/31/20,0,0,0
Montserrat,US,44.2998,-99.4388,1/31/20,0,0,0
Greenland,US,38.4912,-80.9545,1/31/20,0,0,0
New Caledonia,US,42.756,-107.3025,1/31/20,0,0,0
Bermuda,Iran,32,53,1/31/20,0,0,0
Sint Maarten,South Korea,36,128,1/31/20,11,0,0
Isle of Man,France,46.2276,2.2137,1/31/20,5,0,0
Northwest Territories,Cruise Ship,35.4437,139.638,1/31/20,0,0,0
British Columbia,Denmark,56.2639,9.5018,1/31/20,0,0,0
New South Wales,Czechia,49.8175,15.473,1/31/20,0,0,0
Victoria,Taiwan*,23.7,121,1/31/20,10,0,0
Queensland,Vietnam,16,108,1/31/20,2,0,0
South Australia,Russia,60,90,1/31/20,2,0,0
From Diamond Princess,Moldova,47.4116,28.3699,1/31/20,0,0,0
Western Australia,Bolivia,-16.2902,-63.5887,1/31/20,0,0,0
Tasmania,Denmark,61.8926,-6.9118,1/31/20,0,0,0
Northern Territory,France,18.0708,-63.0501,1/31/20,0,0,0
Ontario,Honduras,15.2,-86.2419,1/31/20,0,0,0
Alberta,United Kingdom,49.3723,-2.3644,1/31/20,0,0,0
Quebec,Canada,46.5653,-66.4619,1/31/20,0,0,0
Washington,Congo (Kinshasa),-4.0383,21.7587,1/31/20,0,0,0
New York,Cote d'Ivoire,7.54,-5.5471,1/31/20,0,0,0
California,France,17.9,-62.8333,1/31/20,0,0,0
Massachusetts,Jamaica,18.1096,-77.2975,1/31/20,0,0,0
Diamond Princess,Turkey,38.9637,35.2433,1/31/20,0,0,0
Grand Princess,United Kingdom,36.1408,-5.3536,1/31/20,0,0,0
Georgia,Cuba,22,-80,1/31/20,0,0,0
Colorado,Guyana,5,-58.75,1/31/20,0,0,0
Florida,Australia,-35.4735,149.0124,1/31/20,0,0,0
New Jersey,United Kingdom,55.3781,-3.436,1/31/20,2,0,0
Oregon,Kazakhstan,48.0196,66.9237,1/31/20,0,0,0
Texas,France,-17.6797,149.4068,1/31/20,0,0,0
Illinois,Canada,53.7609,-98.8139,1/31/20,0,0,0
Pennsylvania,Canada,52.9399,-106.4509,1/31/20,0,0,0
Iowa,Ethiopia,9.145,40.4897,1/31/20,0,0,0
Maryland,Sudan,12.8628,30.2176,1/31/20,0,0,0
North Carolina,Guinea,9.9456,-9.6966,1/31/20,0,0,0
South Carolina,Canada,37.6489,-122.6655,1/31/20,0,0,0
Tennessee,Kenya,-0.0236,37.9062,1/31/20,0,0,0
Virginia,Antigua and Barbuda,17.0608,-61.7964,1/31/20,0,0,0
Arizona,US,32.3182,-86.9023,1/31/20,0,0,0
Indiana,Uruguay,-32.5228,-55.7658,1/31/20,0,0,0
Kentucky,Ghana,7.9465,-1.0232,1/31/20,0,0,0
District of Columbia,US,18.2208,-66.5901,1/31/20,0,0,0
Nevada,Namibia,-22.9576,18.4904,1/31/20,0,0,0
New Hampshire,Seychelles,-4.6796,55.492,1/31/20,0,0,0
Minnesota,Trinidad and Tobago,10.6918,-61.2225,1/31/20,0,0,0
Nebraska,Venezuela,6.4238,-66.5897,1/31/20,0,0,0
Ohio,Eswatini,-26.5225,31.4659,1/31/20,0,0,0
Rhode Island,Gabon,-0.8037,11.6094,1/31/20,0,0,0
Wisconsin,Guatemala,15.7835,-90.2308,1/31/20,0,0,0
Connecticut,Mauritania,21.0079,10.9408,1/31/20,0,0,0
Hawaii,Rwanda,-1.9403,29.8739,1/31/20,0,0,0
Oklahoma,Saint Lucia,13.9094,-60.9789,1/31/20,0,0,0
Utah,Saint Vincent and the Grenadines,12.9843,-61.2872,1/31/20,0,0,0
Kansas,Suriname,3.9193,-56.0278,1/31/20,0,0,0
Louisiana,France,3.9339,-53.1258,1/31/20,0,0,0
Missouri,US,13.4443,144.7937,1/31/20,0,0,0
Vermont,Kosovo,42.6026,20.903,1/31/20,0,0,0
Alaska,Canada,53.1355,-57.6604,1/31/20,0,0,0
Arkansas,Canada,46.5107,-63.4168,1/31/20,0,0,0
Delaware,Central African Republic,6.6111,20.9394,1/31/20,0,0,0
Idaho,Congo (Brazzaville),-4.0383,21.7587,1/31/20,0,0,0
Maine,Equatorial Guinea,1.5,10,1/31/20,0,0,0
Michigan,France,-12.8275,45.1662,1/31/20,0,0,0
Mississippi,Uzbekistan,41.3775,64.5853,1/31/20,0,0,0
Montana,Netherlands,52.1326,5.2913,1/31/20,0,0,0
New Mexico,Canada,44.682,-63.7443,1/31/20,0,0,0
North Dakota,France,16.25,-61.5833,1/31/20,0,0,0
South Dakota,Benin,9.3077,2.3158,1/31/20,0,0,0
West Virginia,Liberia,6.4281,-9.4295,1/31/20,0,0,0
Wyoming,Netherlands,12.1696,-68.99,1/31/20,0,0,0
France,Somalia,5.1521,46.1996,1/31/20,0,0,0
Diamond Princess,Tanzania,-6.369,34.8888,1/31/20,0,0,0
Denmark,US,18.3358,-64.8963,1/31/20,0,0,0
Faroe Islands,United Kingdom,19.3133,-81.2546,1/31/20,0,0,0
St Martin,France,-21.1351,55.2471,1/31/20,0,0,0
Channel Islands,Barbados,13.1939,-59.5432,1/31/20,0,0,0
New Brunswick,Montenegro,42.5,19.3,1/31/20,0,0,0
Saint Barthelemy,Kyrgyzstan,41.2044,74.7661,1/31/20,0,0,0
Gibraltar,Mauritius,-20.2,57.5,1/31/20,0,0,0
Australian Capital Territory,Netherlands,12.5186,-70.0358,1/31/20,0,0,0
United Kingdom,Zambia,-15.4167,28.2833,1/31/20,0,0,0
French Polynesia,Djibouti,11.8251,42.5903,1/31/20,0,0,0
Manitoba,"Gambia, The",13.4432,-15.3101,1/31/20,0,0,0
Saskatchewan,United Kingdom,16.7425,-62.1874,1/31/20,0,0,0
Grand Princess,"Bahamas, The",25.0343,-77.3963,1/31/20,0,0,0
Alabama,Denmark,71.7069,-42.6043,1/31/20,0,0,0
Puerto Rico,France,-20.9043,165.618,1/31/20,0,0,0
French Guiana,United Kingdom,32.3078,-64.7505,1/31/20,0,0,0
Guam,Chad,15.4542,18.7322,1/31/20,0,0,0
Newfoundland and Labrador,El Salvador,13.7942,-88.8965,1/31/20,0,0,0
Prince Edward Island,Fiji,-17.7134,178.065,1/31/20,0,0,0
Mayotte,Nicaragua,12.8654,-85.2072,1/31/20,0,0,0
Netherlands,Madagascar,-18.7669,46.8691,1/31/20,0,0,0
Nova Scotia,Haiti,18.9712,-72.2852,1/31/20,0,0,0
Guadeloupe,Angola,-11.2027,17.8739,1/31/20,0,0,0
Curacao,Cabo Verde,16.5388,-23.0418,1/31/20,0,0,0
Virgin Islands,Netherlands,18.0425,-63.0548,1/31/20,0,0,0
Cayman Islands,Niger,17.6078,8.0817,1/31/20,0,0,0
Reunion,Papua New Guinea,-6.315,143.9555,1/31/20,0,0,0
Aruba,United Kingdom,54.2361,-4.5481,1/31/20,0,0,0
Montserrat,Zimbabwe,-20,30,1/31/20,0,0,0
Greenland,Canada,64.8255,-124.8457,1/31/20,0,0,0
New Caledonia,Cape Verde,15.1111,-23.6167,1/31/20,0,0,0
Bermuda,East Timor,-8.55,125.56,1/31/20,0,0,0
Sint Maarten,Eritrea,15.1794,39.7823,1/31/20,0,0,0
Isle of Man,Uganda,1,32,1/31/20,0,0,0
Northwest Territories,Dominica,15.415,-61.371,1/31/20,0,0,0
British Columbia,Grenada,12.1165,-61.679,1/31/20,0,0,0
New South Wales,Mozambique,-18.6657,35.5296,1/31/20,0,0,0
Victoria,Syria,34.8021,38.9968,1/31/20,0,0,0
Queensland,Timor-Leste,-8.8742,125.7275,1/31/20,0,0,0
South Australia,Thailand,15,101,2002/1/20,19,0,5
From Diamond Princess,Japan,36,138,2002/1/20,20,0,1
Western Australia,Singapore,1.2833,103.8333,2002/1/20,16,0,0
Tasmania,Nepal,28.1667,84.25,2002/1/20,1,0,0
Northern Territory,Malaysia,2.5,112.5,2002/1/20,8,0,0
Ontario,Canada,49.2827,-123.1207,2002/1/20,1,0,0
Alberta,Australia,-33.8688,151.2093,2002/1/20,4,0,2
Quebec,Australia,-37.8136,144.9631,2002/1/20,4,0,0
Washington,Australia,-28.0167,153.4,2002/1/20,3,0,0
New York,Cambodia,11.55,104.9167,2002/1/20,1,0,0
California,Sri Lanka,7,81,2002/1/20,1,0,0
Massachusetts,Germany,51,9,2002/1/20,8,0,0
Diamond Princess,Finland,64,26,2002/1/20,1,0,0
Grand Princess,United Arab Emirates,24,54,2002/1/20,4,0,0
Georgia,Philippines,13,122,2002/1/20,1,0,0
Colorado,India,21,78,2002/1/20,1,0,0
Florida,Italy,43,12,2002/1/20,2,0,0
New Jersey,Sweden,63,16,2002/1/20,1,0,0
Oregon,Spain,40,-4,2002/1/20,1,0,0
Texas,Australia,-34.9285,138.6007,2002/1/20,1,0,0
Illinois,Belgium,50.8333,4,2002/1/20,0,0,0
Pennsylvania,Egypt,26,30,2002/1/20,0,0,0
Iowa,Australia,35.4437,139.638,2002/1/20,0,0,0
Maryland,Lebanon,33.8547,35.8623,2002/1/20,0,0,0
North Carolina,Iraq,33,44,2002/1/20,0,0,0
South Carolina,Oman,21,57,2002/1/20,0,0,0
Tennessee,Afghanistan,33,65,2002/1/20,0,0,0
Virginia,Bahrain,26.0275,50.55,2002/1/20,0,0,0
Arizona,Kuwait,29.5,47.75,2002/1/20,0,0,0
Indiana,Algeria,28.0339,1.6596,2002/1/20,0,0,0
Kentucky,Croatia,45.1,15.2,2002/1/20,0,0,0
District of Columbia,Switzerland,46.8182,8.2275,2002/1/20,0,0,0
Nevada,Austria,47.5162,14.5501,2002/1/20,0,0,0
New Hampshire,Israel,31,35,2002/1/20,0,0,0
Minnesota,Pakistan,30.3753,69.3451,2002/1/20,0,0,0
Nebraska,Brazil,-14.235,-51.9253,2002/1/20,0,0,0
Ohio,Georgia,42.3154,43.3569,2002/1/20,0,0,0
Rhode Island,Greece,39.0742,21.8243,2002/1/20,0,0,0
Wisconsin,North Macedonia,41.6086,21.7453,2002/1/20,0,0,0
Connecticut,Norway,60.472,8.4689,2002/1/20,0,0,0
Hawaii,Romania,45.9432,24.9668,2002/1/20,0,0,0
Oklahoma,Estonia,58.5953,25.0136,2002/1/20,0,0,0
Utah,San Marino,43.9424,12.4578,2002/1/20,0,0,0
Kansas,Belarus,53.7098,27.9534,2002/1/20,0,0,0
Louisiana,Iceland,64.9631,-19.0208,2002/1/20,0,0,0
Missouri,Lithuania,55.1694,23.8813,2002/1/20,0,0,0
Vermont,Mexico,23.6345,-102.5528,2002/1/20,0,0,0
Alaska,New Zealand,-40.9006,174.886,2002/1/20,0,0,0
Arkansas,Nigeria,9.082,8.6753,2002/1/20,0,0,0
Delaware,Australia,-31.9505,115.8605,2002/1/20,0,0,0
Idaho,Ireland,53.1424,-7.6921,2002/1/20,0,0,0
Maine,Luxembourg,49.8153,6.1296,2002/1/20,0,0,0
Michigan,Monaco,43.7333,7.4167,2002/1/20,0,0,0
Mississippi,Qatar,25.3548,51.1839,2002/1/20,0,0,0
Montana,Ecuador,-1.8312,-78.1834,2002/1/20,0,0,0
New Mexico,Azerbaijan,40.1431,47.5769,2002/1/20,0,0,0
North Dakota,Armenia,40.0691,45.0382,2002/1/20,0,0,0
South Dakota,Dominican Republic,18.7357,-70.1627,2002/1/20,0,0,0
West Virginia,Indonesia,-0.7893,113.9213,2002/1/20,0,0,0
Wyoming,Portugal,39.3999,-8.2245,2002/1/20,0,0,0
France,Andorra,42.5063,1.5218,2002/1/20,0,0,0
Diamond Princess,Australia,-41.4545,145.9707,2002/1/20,0,0,0
Denmark,Latvia,56.8796,24.6032,2002/1/20,0,0,0
Faroe Islands,Morocco,31.7917,-7.0926,2002/1/20,0,0,0
St Martin,Saudi Arabia,24,45,2002/1/20,0,0,0
Channel Islands,Senegal,14.4974,-14.4524,2002/1/20,0,0,0
New Brunswick,Argentina,-38.4161,-63.6167,2002/1/20,0,0,0
Saint Barthelemy,Chile,-35.6751,-71.543,2002/1/20,0,0,0
Gibraltar,Jordan,31.24,36.51,2002/1/20,0,0,0
Australian Capital Territory,Ukraine,48.3794,31.1656,2002/1/20,0,0,0
United Kingdom,Hungary,47.1625,19.5033,2002/1/20,0,0,0
French Polynesia,Australia,-12.4634,130.8456,2002/1/20,0,0,0
Manitoba,Liechtenstein,47.14,9.55,2002/1/20,0,0,0
Saskatchewan,Poland,51.9194,19.1451,2002/1/20,0,0,0
Grand Princess,Tunisia,34,9,2002/1/20,0,0,0
Alabama,Bosnia and Herzegovina,43.9159,17.6791,2002/1/20,0,0,0
Puerto Rico,Slovenia,46.1512,14.9955,2002/1/20,0,0,0
French Guiana,South Africa,-30.5595,22.9375,2002/1/20,0,0,0
Guam,Bhutan,27.5142,90.4336,2002/1/20,0,0,0
Newfoundland and Labrador,Cameroon,3.848,11.5021,2002/1/20,0,0,0
Prince Edward Island,Colombia,4.5709,-74.2973,2002/1/20,0,0,0
Mayotte,Costa Rica,9.7489,-83.7534,2002/1/20,0,0,0
Netherlands,Peru,-9.19,-75.0152,2002/1/20,0,0,0
Nova Scotia,Serbia,44.0165,21.0059,2002/1/20,0,0,0
Guadeloupe,Slovakia,48.669,19.699,2002/1/20,0,0,0
Curacao,Togo,8.6195,0.8248,2002/1/20,0,0,0
Virgin Islands,Malta,35.9375,14.3754,2002/1/20,0,0,0
Cayman Islands,Martinique,14.6415,-61.0242,2002/1/20,0,0,0
Reunion,Bulgaria,42.7339,25.4858,2002/1/20,0,0,0
Aruba,Maldives,3.2028,73.2207,2002/1/20,0,0,0
Montserrat,Bangladesh,23.685,90.3563,2002/1/20,0,0,0
Greenland,Paraguay,-23.4425,-58.4438,2002/1/20,0,0,0
New Caledonia,Canada,51.2538,-85.3232,2002/1/20,3,0,0
Bermuda,Canada,53.9333,-116.5765,2002/1/20,0,0,0
Sint Maarten,Canada,52.9399,-73.5491,2002/1/20,0,0,0
Isle of Man,Albania,41.1533,20.1683,2002/1/20,0,0,0
Northwest Territories,Cyprus,35.1264,33.4299,2002/1/20,0,0,0
British Columbia,Brunei,4.5353,114.7277,2002/1/20,0,0,0
New South Wales,US,47.4009,-121.4905,2002/1/20,0,0,0
Victoria,US,42.1657,-74.9481,2002/1/20,0,0,0
Queensland,US,36.1162,-119.6816,2002/1/20,0,0,0
South Australia,US,42.2302,-71.5301,2002/1/20,0,0,0
From Diamond Princess,US,35.4437,139.638,2002/1/20,0,0,0
Western Australia,US,37.6489,-122.6655,2002/1/20,0,0,0
Tasmania,US,33.0406,-83.6431,2002/1/20,0,0,0
Northern Territory,US,39.0598,-105.3111,2002/1/20,0,0,0
Ontario,US,27.7663,-81.6868,2002/1/20,0,0,0
Alberta,US,40.2989,-74.521,2002/1/20,0,0,0
Quebec,US,44.572,-122.0709,2002/1/20,0,0,0
Washington,US,31.0545,-97.5635,2002/1/20,0,0,0
New York,US,40.3495,-88.9861,2002/1/20,0,0,0
California,US,40.5908,-77.2098,2002/1/20,0,0,0
Massachusetts,US,42.0115,-93.2105,2002/1/20,0,0,0
Diamond Princess,US,39.0639,-76.8021,2002/1/20,0,0,0
Grand Princess,US,35.6301,-79.8064,2002/1/20,0,0,0
Georgia,US,33.8569,-80.945,2002/1/20,0,0,0
Colorado,US,35.7478,-86.6923,2002/1/20,0,0,0
Florida,US,37.7693,-78.17,2002/1/20,0,0,0
New Jersey,US,33.7298,-111.4312,2002/1/20,0,0,0
Oregon,US,39.8494,-86.2583,2002/1/20,0,0,0
Texas,US,37.6681,-84.6701,2002/1/20,0,0,0
Illinois,US,38.8974,-77.0268,2002/1/20,0,0,0
Pennsylvania,US,38.3135,-117.0554,2002/1/20,0,0,0
Iowa,US,43.4525,-71.5639,2002/1/20,0,0,0
Maryland,US,45.6945,-93.9002,2002/1/20,0,0,0
North Carolina,US,41.1254,-98.2681,2002/1/20,0,0,0
South Carolina,US,40.3888,-82.7649,2002/1/20,0,0,0
Tennessee,US,41.6809,-71.5118,2002/1/20,0,0,0
Virginia,US,44.2685,-89.6165,2002/1/20,0,0,0
Arizona,US,41.5978,-72.7554,2002/1/20,0,0,0
Indiana,US,21.0943,-157.4983,2002/1/20,0,0,0
Kentucky,US,35.5653,-96.9289,2002/1/20,0,0,0
District of Columbia,US,40.15,-111.8624,2002/1/20,0,0,0
Nevada,Burkina Faso,12.2383,-1.5616,2002/1/20,0,0,0
New Hampshire,Holy See,41.9029,12.4534,2002/1/20,0,0,0
Minnesota,Mongolia,46.8625,103.8467,2002/1/20,0,0,0
Nebraska,Panama,8.538,-80.7821,2002/1/20,0,0,0
Ohio,US,38.5266,-96.7265,2002/1/20,0,0,0
Rhode Island,US,31.1695,-91.8678,2002/1/20,0,0,0
Wisconsin,US,38.4561,-92.2884,2002/1/20,0,0,0
Connecticut,US,44.0459,-72.7107,2002/1/20,0,0,0
Hawaii,US,61.3707,-152.4044,2002/1/20,0,0,0
Oklahoma,US,34.9697,-92.3731,2002/1/20,0,0,0
Utah,US,39.3185,-75.5071,2002/1/20,0,0,0
Kansas,US,44.2405,-114.4788,2002/1/20,0,0,0
Louisiana,US,44.6939,-69.3819,2002/1/20,0,0,0
Missouri,US,43.3266,-84.5361,2002/1/20,0,0,0
Vermont,US,32.7416,-89.6787,2002/1/20,0,0,0
Alaska,US,46.9219,-110.4544,2002/1/20,0,0,0
Arkansas,US,34.8405,-106.2485,2002/1/20,0,0,0
Delaware,US,47.5289,-99.784,2002/1/20,0,0,0
Idaho,US,44.2998,-99.4388,2002/1/20,0,0,0
Maine,US,38.4912,-80.9545,2002/1/20,0,0,0
Michigan,US,42.756,-107.3025,2002/1/20,0,0,0
Mississippi,Iran,32,53,2002/1/20,0,0,0
Montana,South Korea,36,128,2002/1/20,12,0,0
New Mexico,France,46.2276,2.2137,2002/1/20,6,0,0
North Dakota,Cruise Ship,35.4437,139.638,2002/1/20,0,0,0
South Dakota,Denmark,56.2639,9.5018,2002/1/20,0,0,0
West Virginia,Czechia,49.8175,15.473,2002/1/20,0,0,0
Wyoming,Taiwan*,23.7,121,2002/1/20,10,0,0
France,Vietnam,16,108,2002/1/20,6,0,1
Diamond Princess,Russia,60,90,2002/1/20,2,0,0
Denmark,Moldova,47.4116,28.3699,2002/1/20,0,0,0
Faroe Islands,Bolivia,-16.2902,-63.5887,2002/1/20,0,0,0
St Martin,Denmark,61.8926,-6.9118,2002/1/20,0,0,0
Channel Islands,France,18.0708,-63.0501,2002/1/20,0,0,0
New Brunswick,Honduras,15.2,-86.2419,2002/1/20,0,0,0
Saint Barthelemy,United Kingdom,49.3723,-2.3644,2002/1/20,0,0,0
Gibraltar,Canada,46.5653,-66.4619,2002/1/20,0,0,0
Australian Capital Territory,Congo (Kinshasa),-4.0383,21.7587,2002/1/20,0,0,0
United Kingdom,Cote d'Ivoire,7.54,-5.5471,2002/1/20,0,0,0
French Polynesia,France,17.9,-62.8333,2002/1/20,0,0,0
Manitoba,Jamaica,18.1096,-77.2975,2002/1/20,0,0,0
Saskatchewan,Turkey,38.9637,35.2433,2002/1/20,0,0,0
Grand Princess,United Kingdom,36.1408,-5.3536,2002/1/20,0,0,0
Alabama,Cuba,22,-80,2002/1/20,0,0,0
Puerto Rico,Guyana,5,-58.75,2002/1/20,0,0,0
French Guiana,Australia,-35.4735,149.0124,2002/1/20,0,0,0
Guam,United Kingdom,55.3781,-3.436,2002/1/20,2,0,0
Newfoundland and Labrador,Kazakhstan,48.0196,66.9237,2002/1/20,0,0,0
Prince Edward Island,France,-17.6797,149.4068,2002/1/20,0,0,0
Mayotte,Canada,53.7609,-98.8139,2002/1/20,0,0,0
Netherlands,Canada,52.9399,-106.4509,2002/1/20,0,0,0
Nova Scotia,Ethiopia,9.145,40.4897,2002/1/20,0,0,0
Guadeloupe,Sudan,12.8628,30.2176,2002/1/20,0,0,0
Curacao,Guinea,9.9456,-9.6966,2002/1/20,0,0,0
Virgin Islands,Canada,37.6489,-122.6655,2002/1/20,0,0,0
Cayman Islands,Kenya,-0.0236,37.9062,2002/1/20,0,0,0
Reunion,Antigua and Barbuda,17.0608,-61.7964,2002/1/20,0,0,0
Aruba,US,32.3182,-86.9023,2002/1/20,0,0,0
Montserrat,Uruguay,-32.5228,-55.7658,2002/1/20,0,0,0
Greenland,Ghana,7.9465,-1.0232,2002/1/20,0,0,0
New Caledonia,US,18.2208,-66.5901,2002/1/20,0,0,0
Bermuda,Namibia,-22.9576,18.4904,2002/1/20,0,0,0
Sint Maarten,Seychelles,-4.6796,55.492,2002/1/20,0,0,0
Isle of Man,Trinidad and Tobago,10.6918,-61.2225,2002/1/20,0,0,0
Northwest Territories,Venezuela,6.4238,-66.5897,2002/1/20,0,0,0
British Columbia,Eswatini,-26.5225,31.4659,2002/1/20,0,0,0
New South Wales,Gabon,-0.8037,11.6094,2002/1/20,0,0,0
Victoria,Guatemala,15.7835,-90.2308,2002/1/20,0,0,0
Queensland,Mauritania,21.0079,10.9408,2002/1/20,0,0,0
South Australia,Rwanda,-1.9403,29.8739,2002/1/20,0,0,0
From Diamond Princess,Saint Lucia,13.9094,-60.9789,2002/1/20,0,0,0
Western Australia,Saint Vincent and the Grenadines,12.9843,-61.2872,2002/1/20,0,0,0
Tasmania,Suriname,3.9193,-56.0278,2002/1/20,0,0,0
Northern Territory,France,3.9339,-53.1258,2002/1/20,0,0,0
Ontario,US,13.4443,144.7937,2002/1/20,0,0,0
Alberta,Kosovo,42.6026,20.903,2002/1/20,0,0,0
Quebec,Canada,53.1355,-57.6604,2002/1/20,0,0,0
Washington,Canada,46.5107,-63.4168,2002/1/20,0,0,0
New York,Central African Republic,6.6111,20.9394,2002/1/20,0,0,0
California,Congo (Brazzaville),-4.0383,21.7587,2002/1/20,0,0,0
Massachusetts,Equatorial Guinea,1.5,10,2002/1/20,0,0,0
Diamond Princess,France,-12.8275,45.1662,2002/1/20,0,0,0
Grand Princess,Uzbekistan,41.3775,64.5853,2002/1/20,0,0,0
Georgia,Netherlands,52.1326,5.2913,2002/1/20,0,0,0
Colorado,Canada,44.682,-63.7443,2002/1/20,0,0,0
Florida,France,16.25,-61.5833,2002/1/20,0,0,0
New Jersey,Benin,9.3077,2.3158,2002/1/20,0,0,0
Oregon,Liberia,6.4281,-9.4295,2002/1/20,0,0,0
Texas,Netherlands,12.1696,-68.99,2002/1/20,0,0,0
Illinois,Somalia,5.1521,46.1996,2002/1/20,0,0,0
Pennsylvania,Tanzania,-6.369,34.8888,2002/1/20,0,0,0
Iowa,US,18.3358,-64.8963,2002/1/20,0,0,0
Maryland,United Kingdom,19.3133,-81.2546,2002/1/20,0,0,0
North Carolina,France,-21.1351,55.2471,2002/1/20,0,0,0
South Carolina,Barbados,13.1939,-59.5432,2002/1/20,0,0,0
Tennessee,Montenegro,42.5,19.3,2002/1/20,0,0,0
Virginia,Kyrgyzstan,41.2044,74.7661,2002/1/20,0,0,0
Arizona,Mauritius,-20.2,57.5,2002/1/20,0,0,0
Indiana,Netherlands,12.5186,-70.0358,2002/1/20,0,0,0
Kentucky,Zambia,-15.4167,28.2833,2002/1/20,0,0,0
District of Columbia,Djibouti,11.8251,42.5903,2002/1/20,0,0,0
Nevada,"Gambia, The",13.4432,-15.3101,2002/1/20,0,0,0
New Hampshire,United Kingdom,16.7425,-62.1874,2002/1/20,0,0,0
Minnesota,"Bahamas, The",25.0343,-77.3963,2002/1/20,0,0,0
Nebraska,Denmark,71.7069,-42.6043,2002/1/20,0,0,0
Ohio,France,-20.9043,165.618,2002/1/20,0,0,0
Rhode Island,United Kingdom,32.3078,-64.7505,2002/1/20,0,0,0
Wisconsin,Chad,15.4542,18.7322,2002/1/20,0,0,0
Connecticut,El Salvador,13.7942,-88.8965,2002/1/20,0,0,0
Hawaii,Fiji,-17.7134,178.065,2002/1/20,0,0,0
Oklahoma,Nicaragua,12.8654,-85.2072,2002/1/20,0,0,0
Utah,Madagascar,-18.7669,46.8691,2002/1/20,0,0,0
Kansas,Haiti,18.9712,-72.2852,2002/1/20,0,0,0
Louisiana,Angola,-11.2027,17.8739,2002/1/20,0,0,0
Missouri,Cabo Verde,16.5388,-23.0418,2002/1/20,0,0,0
Vermont,Netherlands,18.0425,-63.0548,2002/1/20,0,0,0
Alaska,Niger,17.6078,8.0817,2002/1/20,0,0,0
Arkansas,Papua New Guinea,-6.315,143.9555,2002/1/20,0,0,0
Delaware,United Kingdom,54.2361,-4.5481,2002/1/20,0,0,0
Idaho,Zimbabwe,-20,30,2002/1/20,0,0,0
Maine,Canada,64.8255,-124.8457,2002/1/20,0,0,0
Michigan,Cape Verde,15.1111,-23.6167,2002/1/20,0,0,0
Mississippi,East Timor,-8.55,125.56,2002/1/20,0,0,0
Montana,Eritrea,15.1794,39.7823,2002/1/20,0,0,0
New Mexico,Uganda,1,32,2002/1/20,0,0,0
North Dakota,Dominica,15.415,-61.371,2002/1/20,0,0,0
South Dakota,Grenada,12.1165,-61.679,2002/1/20,0,0,0
West Virginia,Mozambique,-18.6657,35.5296,2002/1/20,0,0,0
Wyoming,Syria,34.8021,38.9968,2002/1/20,0,0,0
France,Timor-Leste,-8.8742,125.7275,2002/1/20,0,0,0
Diamond Princess,Thailand,15,101,2002/2/20,19,0,5
Denmark,Japan,36,138,2002/2/20,20,0,1
Faroe Islands,Singapore,1.2833,103.8333,2002/2/20,18,0,0
St Martin,Nepal,28.1667,84.25,2002/2/20,1,0,0
Channel Islands,Malaysia,2.5,112.5,2002/2/20,8,0,0
New Brunswick,Canada,49.2827,-123.1207,2002/2/20,1,0,0
Saint Barthelemy,Australia,-33.8688,151.2093,2002/2/20,4,0,2
Gibraltar,Australia,-37.8136,144.9631,2002/2/20,4,0,0
Australian Capital Territory,Australia,-28.0167,153.4,2002/2/20,2,0,0
United Kingdom,Cambodia,11.55,104.9167,2002/2/20,1,0,0
French Polynesia,Sri Lanka,7,81,2002/2/20,1,0,0
Manitoba,Germany,51,9,2002/2/20,10,0,0
Saskatchewan,Finland,64,26,2002/2/20,1,0,0
Grand Princess,United Arab Emirates,24,54,2002/2/20,5,0,0
Alabama,Philippines,13,122,2002/2/20,2,1,0
Puerto Rico,India,21,78,2002/2/20,2,0,0
French Guiana,Italy,43,12,2002/2/20,2,0,0
Guam,Sweden,63,16,2002/2/20,1,0,0
Newfoundland and Labrador,Spain,40,-4,2002/2/20,1,0,0
Prince Edward Island,Australia,-34.9285,138.6007,2002/2/20,2,0,0
Mayotte,Belgium,50.8333,4,2002/2/20,0,0,0
Netherlands,Egypt,26,30,2002/2/20,0,0,0
Nova Scotia,Australia,35.4437,139.638,2002/2/20,0,0,0
Guadeloupe,Lebanon,33.8547,35.8623,2002/2/20,0,0,0
Curacao,Iraq,33,44,2002/2/20,0,0,0
Virgin Islands,Oman,21,57,2002/2/20,0,0,0
Cayman Islands,Afghanistan,33,65,2002/2/20,0,0,0
Reunion,Bahrain,26.0275,50.55,2002/2/20,0,0,0
Aruba,Kuwait,29.5,47.75,2002/2/20,0,0,0
Montserrat,Algeria,28.0339,1.6596,2002/2/20,0,0,0
Greenland,Croatia,45.1,15.2,2002/2/20,0,0,0
New Caledonia,Switzerland,46.8182,8.2275,2002/2/20,0,0,0
Bermuda,Austria,47.5162,14.5501,2002/2/20,0,0,0
Sint Maarten,Israel,31,35,2002/2/20,0,0,0
Isle of Man,Pakistan,30.3753,69.3451,2002/2/20,0,0,0
Northwest Territories,Brazil,-14.235,-51.9253,2002/2/20,0,0,0
British Columbia,Georgia,42.3154,43.3569,2002/2/20,0,0,0
New South Wales,Greece,39.0742,21.8243,2002/2/20,0,0,0
Victoria,North Macedonia,41.6086,21.7453,2002/2/20,0,0,0
Queensland,Norway,60.472,8.4689,2002/2/20,0,0,0
South Australia,Romania,45.9432,24.9668,2002/2/20,0,0,0
From Diamond Princess,Estonia,58.5953,25.0136,2002/2/20,0,0,0
Western Australia,San Marino,43.9424,12.4578,2002/2/20,0,0,0
Tasmania,Belarus,53.7098,27.9534,2002/2/20,0,0,0
Northern Territory,Iceland,64.9631,-19.0208,2002/2/20,0,0,0
Ontario,Lithuania,55.1694,23.8813,2002/2/20,0,0,0
Alberta,Mexico,23.6345,-102.5528,2002/2/20,0,0,0
Quebec,New Zealand,-40.9006,174.886,2002/2/20,0,0,0
Washington,Nigeria,9.082,8.6753,2002/2/20,0,0,0
New York,Australia,-31.9505,115.8605,2002/2/20,0,0,0
California,Ireland,53.1424,-7.6921,2002/2/20,0,0,0
Massachusetts,Luxembourg,49.8153,6.1296,2002/2/20,0,0,0
Diamond Princess,Monaco,43.7333,7.4167,2002/2/20,0,0,0
Grand Princess,Qatar,25.3548,51.1839,2002/2/20,0,0,0
Georgia,Ecuador,-1.8312,-78.1834,2002/2/20,0,0,0
Colorado,Azerbaijan,40.1431,47.5769,2002/2/20,0,0,0
Florida,Armenia,40.0691,45.0382,2002/2/20,0,0,0
New Jersey,Dominican Republic,18.7357,-70.1627,2002/2/20,0,0,0
Oregon,Indonesia,-0.7893,113.9213,2002/2/20,0,0,0
Texas,Portugal,39.3999,-8.2245,2002/2/20,0,0,0
Illinois,Andorra,42.5063,1.5218,2002/2/20,0,0,0
Pennsylvania,Australia,-41.4545,145.9707,2002/2/20,0,0,0
Iowa,Latvia,56.8796,24.6032,2002/2/20,0,0,0
Maryland,Morocco,31.7917,-7.0926,2002/2/20,0,0,0
North Carolina,Saudi Arabia,24,45,2002/2/20,0,0,0
South Carolina,Senegal,14.4974,-14.4524,2002/2/20,0,0,0
Tennessee,Argentina,-38.4161,-63.6167,2002/2/20,0,0,0
Virginia,Chile,-35.6751,-71.543,2002/2/20,0,0,0
Arizona,Jordan,31.24,36.51,2002/2/20,0,0,0
Indiana,Ukraine,48.3794,31.1656,2002/2/20,0,0,0
Kentucky,Hungary,47.1625,19.5033,2002/2/20,0,0,0
District of Columbia,Australia,-12.4634,130.8456,2002/2/20,0,0,0
Nevada,Liechtenstein,47.14,9.55,2002/2/20,0,0,0
New Hampshire,Poland,51.9194,19.1451,2002/2/20,0,0,0
Minnesota,Tunisia,34,9,2002/2/20,0,0,0
Nebraska,Bosnia and Herzegovina,43.9159,17.6791,2002/2/20,0,0,0
Ohio,Slovenia,46.1512,14.9955,2002/2/20,0,0,0
Rhode Island,South Africa,-30.5595,22.9375,2002/2/20,0,0,0
Wisconsin,Bhutan,27.5142,90.4336,2002/2/20,0,0,0
Connecticut,Cameroon,3.848,11.5021,2002/2/20,0,0,0
Hawaii,Colombia,4.5709,-74.2973,2002/2/20,0,0,0
Oklahoma,Costa Rica,9.7489,-83.7534,2002/2/20,0,0,0
Utah,Peru,-9.19,-75.0152,2002/2/20,0,0,0
Kansas,Serbia,44.0165,21.0059,2002/2/20,0,0,0
Louisiana,Slovakia,48.669,19.699,2002/2/20,0,0,0
Missouri,Togo,8.6195,0.8248,2002/2/20,0,0,0
Vermont,Malta,35.9375,14.3754,2002/2/20,0,0,0
Alaska,Martinique,14.6415,-61.0242,2002/2/20,0,0,0
Arkansas,Bulgaria,42.7339,25.4858,2002/2/20,0,0,0
Delaware,Maldives,3.2028,73.2207,2002/2/20,0,0,0
Idaho,Bangladesh,23.685,90.3563,2002/2/20,0,0,0
Maine,Paraguay,-23.4425,-58.4438,2002/2/20,0,0,0
Michigan,Canada,51.2538,-85.3232,2002/2/20,3,0,0
Mississippi,Canada,53.9333,-116.5765,2002/2/20,0,0,0
Montana,Canada,52.9399,-73.5491,2002/2/20,0,0,0
New Mexico,Albania,41.1533,20.1683,2002/2/20,0,0,0
North Dakota,Cyprus,35.1264,33.4299,2002/2/20,0,0,0
South Dakota,Brunei,4.5353,114.7277,2002/2/20,0,0,0
West Virginia,US,47.4009,-121.4905,2002/2/20,0,0,0
Wyoming,US,42.1657,-74.9481,2002/2/20,0,0,0
France,US,36.1162,-119.6816,2002/2/20,0,0,0
Diamond Princess,US,42.2302,-71.5301,2002/2/20,0,0,0
Denmark,US,35.4437,139.638,2002/2/20,0,0,0
Faroe Islands,US,37.6489,-122.6655,2002/2/20,0,0,0
St Martin,US,33.0406,-83.6431,2002/2/20,0,0,0
Channel Islands,US,39.0598,-105.3111,2002/2/20,0,0,0
New Brunswick,US,27.7663,-81.6868,2002/2/20,0,0,0
Saint Barthelemy,US,40.2989,-74.521,2002/2/20,0,0,0
Gibraltar,US,44.572,-122.0709,2002/2/20,0,0,0
Australian Capital Territory,US,31.0545,-97.5635,2002/2/20,0,0,0
United Kingdom,US,40.3495,-88.9861,2002/2/20,0,0,0
French Polynesia,US,40.5908,-77.2098,2002/2/20,0,0,0
Manitoba,US,42.0115,-93.2105,2002/2/20,0,0,0
Saskatchewan,US,39.0639,-76.8021,2002/2/20,0,0,0
Grand Princess,US,35.6301,-79.8064,2002/2/20,0,0,0
Alabama,US,33.8569,-80.945,2002/2/20,0,0,0
Puerto Rico,US,35.7478,-86.6923,2002/2/20,0,0,0
French Guiana,US,37.7693,-78.17,2002/2/20,0,0,0
Guam,US,33.7298,-111.4312,2002/2/20,0,0,0
Newfoundland and Labrador,US,39.8494,-86.2583,2002/2/20,0,0,0
Prince Edward Island,US,37.6681,-84.6701,2002/2/20,0,0,0
Mayotte,US,38.8974,-77.0268,2002/2/20,0,0,0
Netherlands,US,38.3135,-117.0554,2002/2/20,0,0,0
Nova Scotia,US,43.4525,-71.5639,2002/2/20,0,0,0
Guadeloupe,US,45.6945,-93.9002,2002/2/20,0,0,0
Curacao,US,41.1254,-98.2681,2002/2/20,0,0,0
Virgin Islands,US,40.3888,-82.7649,2002/2/20,0,0,0
Cayman Islands,US,41.6809,-71.5118,2002/2/20,0,0,0
Reunion,US,44.2685,-89.6165,2002/2/20,0,0,0
Aruba,US,41.5978,-72.7554,2002/2/20,0,0,0
Montserrat,US,21.0943,-157.4983,2002/2/20,0,0,0
Greenland,US,35.5653,-96.9289,2002/2/20,0,0,0
New Caledonia,US,40.15,-111.8624,2002/2/20,0,0,0
Bermuda,Burkina Faso,12.2383,-1.5616,2002/2/20,0,0,0
Sint Maarten,Holy See,41.9029,12.4534,2002/2/20,0,0,0
Isle of Man,Mongolia,46.8625,103.8467,2002/2/20,0,0,0
Northwest Territories,Panama,8.538,-80.7821,2002/2/20,0,0,0
British Columbia,US,38.5266,-96.7265,2002/2/20,0,0,0
New South Wales,US,31.1695,-91.8678,2002/2/20,0,0,0
Victoria,US,38.4561,-92.2884,2002/2/20,0,0,0
Queensland,US,44.0459,-72.7107,2002/2/20,0,0,0
South Australia,US,61.3707,-152.4044,2002/2/20,0,0,0
From Diamond Princess,US,34.9697,-92.3731,2002/2/20,0,0,0
Western Australia,US,39.3185,-75.5071,2002/2/20,0,0,0
Tasmania,US,44.2405,-114.4788,2002/2/20,0,0,0
Northern Territory,US,44.6939,-69.3819,2002/2/20,0,0,0
Ontario,US,43.3266,-84.5361,2002/2/20,0,0,0
Alberta,US,32.7416,-89.6787,2002/2/20,0,0,0
Quebec,US,46.9219,-110.4544,2002/2/20,0,0,0
Washington,US,34.8405,-106.2485,2002/2/20,0,0,0
New York,US,47.5289,-99.784,2002/2/20,0,0,0
California,US,44.2998,-99.4388,2002/2/20,0,0,0
Massachusetts,US,38.4912,-80.9545,2002/2/20,0,0,0
Diamond Princess,US,42.756,-107.3025,2002/2/20,0,0,0
Grand Princess,Iran,32,53,2002/2/20,0,0,0
Georgia,South Korea,36,128,2002/2/20,15,0,0
Colorado,France,46.2276,2.2137,2002/2/20,6,0,0
Florida,Cruise Ship,35.4437,139.638,2002/2/20,0,0,0
New Jersey,Denmark,56.2639,9.5018,2002/2/20,0,0,0
Oregon,Czechia,49.8175,15.473,2002/2/20,0,0,0
Texas,Taiwan*,23.7,121,2002/2/20,10,0,0
Illinois,Vietnam,16,108,2002/2/20,6,0,1
Pennsylvania,Russia,60,90,2002/2/20,2,0,0
Iowa,Moldova,47.4116,28.3699,2002/2/20,0,0,0
Maryland,Bolivia,-16.2902,-63.5887,2002/2/20,0,0,0
North Carolina,Denmark,61.8926,-6.9118,2002/2/20,0,0,0
South Carolina,France,18.0708,-63.0501,2002/2/20,0,0,0
Tennessee,Honduras,15.2,-86.2419,2002/2/20,0,0,0
Virginia,United Kingdom,49.3723,-2.3644,2002/2/20,0,0,0
Arizona,Canada,46.5653,-66.4619,2002/2/20,0,0,0
Indiana,Congo (Kinshasa),-4.0383,21.7587,2002/2/20,0,0,0
Kentucky,Cote d'Ivoire,7.54,-5.5471,2002/2/20,0,0,0
District of Columbia,France,17.9,-62.8333,2002/2/20,0,0,0
Nevada,Jamaica,18.1096,-77.2975,2002/2/20,0,0,0
New Hampshire,Turkey,38.9637,35.2433,2002/2/20,0,0,0
Minnesota,United Kingdom,36.1408,-5.3536,2002/2/20,0,0,0
Nebraska,Cuba,22,-80,2002/2/20,0,0,0
Ohio,Guyana,5,-58.75,2002/2/20,0,0,0
Rhode Island,Australia,-35.4735,149.0124,2002/2/20,0,0,0
Wisconsin,United Kingdom,55.3781,-3.436,2002/2/20,2,0,0
Connecticut,Kazakhstan,48.0196,66.9237,2002/2/20,0,0,0
Hawaii,France,-17.6797,149.4068,2002/2/20,0,0,0
Oklahoma,Canada,53.7609,-98.8139,2002/2/20,0,0,0
Utah,Canada,52.9399,-106.4509,2002/2/20,0,0,0
Kansas,Ethiopia,9.145,40.4897,2002/2/20,0,0,0
Louisiana,Sudan,12.8628,30.2176,2002/2/20,0,0,0
Missouri,Guinea,9.9456,-9.6966,2002/2/20,0,0,0
Vermont,Canada,37.6489,-122.6655,2002/2/20,0,0,0
Alaska,Kenya,-0.0236,37.9062,2002/2/20,0,0,0
Arkansas,Antigua and Barbuda,17.0608,-61.7964,2002/2/20,0,0,0
Delaware,US,32.3182,-86.9023,2002/2/20,0,0,0
Idaho,Uruguay,-32.5228,-55.7658,2002/2/20,0,0,0
Maine,Ghana,7.9465,-1.0232,2002/2/20,0,0,0
Michigan,US,18.2208,-66.5901,2002/2/20,0,0,0
Mississippi,Namibia,-22.9576,18.4904,2002/2/20,0,0,0
Montana,Seychelles,-4.6796,55.492,2002/2/20,0,0,0
New Mexico,Trinidad and Tobago,10.6918,-61.2225,2002/2/20,0,0,0
North Dakota,Venezuela,6.4238,-66.5897,2002/2/20,0,0,0
South Dakota,Eswatini,-26.5225,31.4659,2002/2/20,0,0,0
West Virginia,Gabon,-0.8037,11.6094,2002/2/20,0,0,0
Wyoming,Guatemala,15.7835,-90.2308,2002/2/20,0,0,0
France,Mauritania,21.0079,10.9408,2002/2/20,0,0,0
Diamond Princess,Rwanda,-1.9403,29.8739,2002/2/20,0,0,0
Denmark,Saint Lucia,13.9094,-60.9789,2002/2/20,0,0,0
Faroe Islands,Saint Vincent and the Grenadines,12.9843,-61.2872,2002/2/20,0,0,0
St Martin,Suriname,3.9193,-56.0278,2002/2/20,0,0,0
Channel Islands,France,3.9339,-53.1258,2002/2/20,0,0,0
New Brunswick,US,13.4443,144.7937,2002/2/20,0,0,0
Saint Barthelemy,Kosovo,42.6026,20.903,2002/2/20,0,0,0
Gibraltar,Canada,53.1355,-57.6604,2002/2/20,0,0,0
Australian Capital Territory,Canada,46.5107,-63.4168,2002/2/20,0,0,0
United Kingdom,Central African Republic,6.6111,20.9394,2002/2/20,0,0,0
French Polynesia,Congo (Brazzaville),-4.0383,21.7587,2002/2/20,0,0,0
Manitoba,Equatorial Guinea,1.5,10,2002/2/20,0,0,0
Saskatchewan,France,-12.8275,45.1662,2002/2/20,0,0,0
Grand Princess,Uzbekistan,41.3775,64.5853,2002/2/20,0,0,0
Alabama,Netherlands,52.1326,5.2913,2002/2/20,0,0,0
Puerto Rico,Canada,44.682,-63.7443,2002/2/20,0,0,0
French Guiana,France,16.25,-61.5833,2002/2/20,0,0,0
Guam,Benin,9.3077,2.3158,2002/2/20,0,0,0
Newfoundland and Labrador,Liberia,6.4281,-9.4295,2002/2/20,0,0,0
Prince Edward Island,Netherlands,12.1696,-68.99,2002/2/20,0,0,0
Mayotte,Somalia,5.1521,46.1996,2002/2/20,0,0,0
Netherlands,Tanzania,-6.369,34.8888,2002/2/20,0,0,0
Nova Scotia,US,18.3358,-64.8963,2002/2/20,0,0,0
Guadeloupe,United Kingdom,19.3133,-81.2546,2002/2/20,0,0,0
Curacao,France,-21.1351,55.2471,2002/2/20,0,0,0
Virgin Islands,Barbados,13.1939,-59.5432,2002/2/20,0,0,0
Cayman Islands,Montenegro,42.5,19.3,2002/2/20,0,0,0
Reunion,Kyrgyzstan,41.2044,74.7661,2002/2/20,0,0,0
Aruba,Mauritius,-20.2,57.5,2002/2/20,0,0,0
Montserrat,Netherlands,12.5186,-70.0358,2002/2/20,0,0,0
Greenland,Zambia,-15.4167,28.2833,2002/2/20,0,0,0
New Caledonia,Djibouti,11.8251,42.5903,2002/2/20,0,0,0
Bermuda,"Gambia, The",13.4432,-15.3101,2002/2/20,0,0,0
Sint Maarten,United Kingdom,16.7425,-62.1874,2002/2/20,0,0,0
Isle of Man,"Bahamas, The",25.0343,-77.3963,2002/2/20,0,0,0
Northwest Territories,Denmark,71.7069,-42.6043,2002/2/20,0,0,0
British Columbia,France,-20.9043,165.618,2002/2/20,0,0,0
New South Wales,United Kingdom,32.3078,-64.7505,2002/2/20,0,0,0
Victoria,Chad,15.4542,18.7322,2002/2/20,0,0,0
Queensland,El Salvador,13.7942,-88.8965,2002/2/20,0,0,0
South Australia,Fiji,-17.7134,178.065,2002/2/20,0,0,0
From Diamond Princess,Nicaragua,12.8654,-85.2072,2002/2/20,0,0,0
Western Australia,Madagascar,-18.7669,46.8691,2002/2/20,0,0,0
Tasmania,Haiti,18.9712,-72.2852,2002/2/20,0,0,0
Northern Territory,Angola,-11.2027,17.8739,2002/2/20,0,0,0
Ontario,Cabo Verde,16.5388,-23.0418,2002/2/20,0,0,0
Alberta,Netherlands,18.0425,-63.0548,2002/2/20,0,0,0
Quebec,Niger,17.6078,8.0817,2002/2/20,0,0,0
Washington,Papua New Guinea,-6.315,143.9555,2002/2/20,0,0,0
New York,United Kingdom,54.2361,-4.5481,2002/2/20,0,0,0
California,Zimbabwe,-20,30,2002/2/20,0,0,0
Massachusetts,Canada,64.8255,-124.8457,2002/2/20,0,0,0
Diamond Princess,Cape Verde,15.1111,-23.6167,2002/2/20,0,0,0
Grand Princess,East Timor,-8.55,125.56,2002/2/20,0,0,0
Georgia,Eritrea,15.1794,39.7823,2002/2/20,0,0,0
Colorado,Uganda,1,32,2002/2/20,0,0,0
Florida,Dominica,15.415,-61.371,2002/2/20,0,0,0
New Jersey,Grenada,12.1165,-61.679,2002/2/20,0,0,0
Oregon,Mozambique,-18.6657,35.5296,2002/2/20,0,0,0
Texas,Syria,34.8021,38.9968,2002/2/20,0,0,0
Illinois,Timor-Leste,-8.8742,125.7275,2002/2/20,0,0,0
Pennsylvania,Thailand,15,101,2002/3/20,19,0,5
Iowa,Japan,36,138,2002/3/20,20,0,1
Maryland,Singapore,1.2833,103.8333,2002/3/20,18,0,0
North Carolina,Nepal,28.1667,84.25,2002/3/20,1,0,0
South Carolina,Malaysia,2.5,112.5,2002/3/20,8,0,0
Tennessee,Canada,49.2827,-123.1207,2002/3/20,1,0,0
Virginia,Australia,-33.8688,151.2093,2002/3/20,4,0,2
Arizona,Australia,-37.8136,144.9631,2002/3/20,4,0,0
Indiana,Australia,-28.0167,153.4,2002/3/20,2,0,0
Kentucky,Cambodia,11.55,104.9167,2002/3/20,1,0,0
District of Columbia,Sri Lanka,7,81,2002/3/20,1,0,0
Nevada,Germany,51,9,2002/3/20,12,0,0
New Hampshire,Finland,64,26,2002/3/20,1,0,0
Minnesota,United Arab Emirates,24,54,2002/3/20,5,0,0
Nebraska,Philippines,13,122,2002/3/20,2,1,0
Ohio,India,21,78,2002/3/20,3,0,0
Rhode Island,Italy,43,12,2002/3/20,2,0,0
Wisconsin,Sweden,63,16,2002/3/20,1,0,0
Connecticut,Spain,40,-4,2002/3/20,1,0,0
Hawaii,Australia,-34.9285,138.6007,2002/3/20,2,0,0
Oklahoma,Belgium,50.8333,4,2002/3/20,0,0,0
Utah,Egypt,26,30,2002/3/20,0,0,0
Kansas,Australia,35.4437,139.638,2002/3/20,0,0,0
Louisiana,Lebanon,33.8547,35.8623,2002/3/20,0,0,0
Missouri,Iraq,33,44,2002/3/20,0,0,0
Vermont,Oman,21,57,2002/3/20,0,0,0
Alaska,Afghanistan,33,65,2002/3/20,0,0,0
Arkansas,Bahrain,26.0275,50.55,2002/3/20,0,0,0
Delaware,Kuwait,29.5,47.75,2002/3/20,0,0,0
Idaho,Algeria,28.0339,1.6596,2002/3/20,0,0,0
Maine,Croatia,45.1,15.2,2002/3/20,0,0,0
Michigan,Switzerland,46.8182,8.2275,2002/3/20,0,0,0
Mississippi,Austria,47.5162,14.5501,2002/3/20,0,0,0
Montana,Israel,31,35,2002/3/20,0,0,0
New Mexico,Pakistan,30.3753,69.3451,2002/3/20,0,0,0
North Dakota,Brazil,-14.235,-51.9253,2002/3/20,0,0,0
South Dakota,Georgia,42.3154,43.3569,2002/3/20,0,0,0
West Virginia,Greece,39.0742,21.8243,2002/3/20,0,0,0
Wyoming,North Macedonia,41.6086,21.7453,2002/3/20,0,0,0
France,Norway,60.472,8.4689,2002/3/20,0,0,0
Diamond Princess,Romania,45.9432,24.9668,2002/3/20,0,0,0
Denmark,Estonia,58.5953,25.0136,2002/3/20,0,0,0
Faroe Islands,San Marino,43.9424,12.4578,2002/3/20,0,0,0
St Martin,Belarus,53.7098,27.9534,2002/3/20,0,0,0
Channel Islands,Iceland,64.9631,-19.0208,2002/3/20,0,0,0
New Brunswick,Lithuania,55.1694,23.8813,2002/3/20,0,0,0
Saint Barthelemy,Mexico,23.6345,-102.5528,2002/3/20,0,0,0
Gibraltar,New Zealand,-40.9006,174.886,2002/3/20,0,0,0
Australian Capital Territory,Nigeria,9.082,8.6753,2002/3/20,0,0,0
United Kingdom,Australia,-31.9505,115.8605,2002/3/20,0,0,0
French Polynesia,Ireland,53.1424,-7.6921,2002/3/20,0,0,0
Manitoba,Luxembourg,49.8153,6.1296,2002/3/20,0,0,0
Saskatchewan,Monaco,43.7333,7.4167,2002/3/20,0,0,0
Grand Princess,Qatar,25.3548,51.1839,2002/3/20,0,0,0
Alabama,Ecuador,-1.8312,-78.1834,2002/3/20,0,0,0
Puerto Rico,Azerbaijan,40.1431,47.5769,2002/3/20,0,0,0
French Guiana,Armenia,40.0691,45.0382,2002/3/20,0,0,0
Guam,Dominican Republic,18.7357,-70.1627,2002/3/20,0,0,0
Newfoundland and Labrador,Indonesia,-0.7893,113.9213,2002/3/20,0,0,0
Prince Edward Island,Portugal,39.3999,-8.2245,2002/3/20,0,0,0
Mayotte,Andorra,42.5063,1.5218,2002/3/20,0,0,0
Netherlands,Australia,-41.4545,145.9707,2002/3/20,0,0,0
Nova Scotia,Latvia,56.8796,24.6032,2002/3/20,0,0,0
Guadeloupe,Morocco,31.7917,-7.0926,2002/3/20,0,0,0
Curacao,Saudi Arabia,24,45,2002/3/20,0,0,0
Virgin Islands,Senegal,14.4974,-14.4524,2002/3/20,0,0,0
Cayman Islands,Argentina,-38.4161,-63.6167,2002/3/20,0,0,0
Reunion,Chile,-35.6751,-71.543,2002/3/20,0,0,0
Aruba,Jordan,31.24,36.51,2002/3/20,0,0,0
Montserrat,Ukraine,48.3794,31.1656,2002/3/20,0,0,0
Greenland,Hungary,47.1625,19.5033,2002/3/20,0,0,0
New Caledonia,Australia,-12.4634,130.8456,2002/3/20,0,0,0
Bermuda,Liechtenstein,47.14,9.55,2002/3/20,0,0,0
Sint Maarten,Poland,51.9194,19.1451,2002/3/20,0,0,0
Isle of Man,Tunisia,34,9,2002/3/20,0,0,0
Northwest Territories,Bosnia and Herzegovina,43.9159,17.6791,2002/3/20,0,0,0
British Columbia,Slovenia,46.1512,14.9955,2002/3/20,0,0,0
New South Wales,South Africa,-30.5595,22.9375,2002/3/20,0,0,0
Victoria,Bhutan,27.5142,90.4336,2002/3/20,0,0,0
Queensland,Cameroon,3.848,11.5021,2002/3/20,0,0,0
South Australia,Colombia,4.5709,-74.2973,2002/3/20,0,0,0
From Diamond Princess,Costa Rica,9.7489,-83.7534,2002/3/20,0,0,0
Western Australia,Peru,-9.19,-75.0152,2002/3/20,0,0,0
Tasmania,Serbia,44.0165,21.0059,2002/3/20,0,0,0
Northern Territory,Slovakia,48.669,19.699,2002/3/20,0,0,0
Ontario,Togo,8.6195,0.8248,2002/3/20,0,0,0
Alberta,Malta,35.9375,14.3754,2002/3/20,0,0,0
Quebec,Martinique,14.6415,-61.0242,2002/3/20,0,0,0
Washington,Bulgaria,42.7339,25.4858,2002/3/20,0,0,0
New York,Maldives,3.2028,73.2207,2002/3/20,0,0,0
California,Bangladesh,23.685,90.3563,2002/3/20,0,0,0
Massachusetts,Paraguay,-23.4425,-58.4438,2002/3/20,0,0,0
Diamond Princess,Canada,51.2538,-85.3232,2002/3/20,3,0,0
Grand Princess,Canada,53.9333,-116.5765,2002/3/20,0,0,0
Georgia,Canada,52.9399,-73.5491,2002/3/20,0,0,0
Colorado,Albania,41.1533,20.1683,2002/3/20,0,0,0
Florida,Cyprus,35.1264,33.4299,2002/3/20,0,0,0
New Jersey,Brunei,4.5353,114.7277,2002/3/20,0,0,0
Oregon,US,47.4009,-121.4905,2002/3/20,0,0,0
Texas,US,42.1657,-74.9481,2002/3/20,0,0,0
Illinois,US,36.1162,-119.6816,2002/3/20,0,0,0
Pennsylvania,US,42.2302,-71.5301,2002/3/20,0,0,0
Iowa,US,35.4437,139.638,2002/3/20,0,0,0
Maryland,US,37.6489,-122.6655,2002/3/20,0,0,0
North Carolina,US,33.0406,-83.6431,2002/3/20,0,0,0
South Carolina,US,39.0598,-105.3111,2002/3/20,0,0,0
Tennessee,US,27.7663,-81.6868,2002/3/20,0,0,0
Virginia,US,40.2989,-74.521,2002/3/20,0,0,0
Arizona,US,44.572,-122.0709,2002/3/20,0,0,0
Indiana,US,31.0545,-97.5635,2002/3/20,0,0,0
Kentucky,US,40.3495,-88.9861,2002/3/20,0,0,0
District of Columbia,US,40.5908,-77.2098,2002/3/20,0,0,0
Nevada,US,42.0115,-93.2105,2002/3/20,0,0,0
New Hampshire,US,39.0639,-76.8021,2002/3/20,0,0,0
Minnesota,US,35.6301,-79.8064,2002/3/20,0,0,0
Nebraska,US,33.8569,-80.945,2002/3/20,0,0,0
Ohio,US,35.7478,-86.6923,2002/3/20,0,0,0
Rhode Island,US,37.7693,-78.17,2002/3/20,0,0,0
Wisconsin,US,33.7298,-111.4312,2002/3/20,0,0,0
Connecticut,US,39.8494,-86.2583,2002/3/20,0,0,0
Hawaii,US,37.6681,-84.6701,2002/3/20,0,0,0
Oklahoma,US,38.8974,-77.0268,2002/3/20,0,0,0
Utah,US,38.3135,-117.0554,2002/3/20,0,0,0
Kansas,US,43.4525,-71.5639,2002/3/20,0,0,0
Louisiana,US,45.6945,-93.9002,2002/3/20,0,0,0
Missouri,US,41.1254,-98.2681,2002/3/20,0,0,0
Vermont,US,40.3888,-82.7649,2002/3/20,0,0,0
Alaska,US,41.6809,-71.5118,2002/3/20,0,0,0
Arkansas,US,44.2685,-89.6165,2002/3/20,0,0,0
Delaware,US,41.5978,-72.7554,2002/3/20,0,0,0
Idaho,US,21.0943,-157.4983,2002/3/20,0,0,0
Maine,US,35.5653,-96.9289,2002/3/20,0,0,0
Michigan,US,40.15,-111.8624,2002/3/20,0,0,0
Mississippi,Burkina Faso,12.2383,-1.5616,2002/3/20,0,0,0
Montana,Holy See,41.9029,12.4534,2002/3/20,0,0,0
New Mexico,Mongolia,46.8625,103.8467,2002/3/20,0,0,0
North Dakota,Panama,8.538,-80.7821,2002/3/20,0,0,0
South Dakota,US,38.5266,-96.7265,2002/3/20,0,0,0
West Virginia,US,31.1695,-91.8678,2002/3/20,0,0,0
Wyoming,US,38.4561,-92.2884,2002/3/20,0,0,0
France,US,44.0459,-72.7107,2002/3/20,0,0,0
Diamond Princess,US,61.3707,-152.4044,2002/3/20,0,0,0
Denmark,US,34.9697,-92.3731,2002/3/20,0,0,0
Faroe Islands,US,39.3185,-75.5071,2002/3/20,0,0,0
St Martin,US,44.2405,-114.4788,2002/3/20,0,0,0
Channel Islands,US,44.6939,-69.3819,2002/3/20,0,0,0
New Brunswick,US,43.3266,-84.5361,2002/3/20,0,0,0
Saint Barthelemy,US,32.7416,-89.6787,2002/3/20,0,0,0
Gibraltar,US,46.9219,-110.4544,2002/3/20,0,0,0
Australian Capital Territory,US,34.8405,-106.2485,2002/3/20,0,0,0
United Kingdom,US,47.5289,-99.784,2002/3/20,0,0,0
French Polynesia,US,44.2998,-99.4388,2002/3/20,0,0,0
Manitoba,US,38.4912,-80.9545,2002/3/20,0,0,0
Saskatchewan,US,42.756,-107.3025,2002/3/20,0,0,0
Grand Princess,Iran,32,53,2002/3/20,0,0,0
Alabama,South Korea,36,128,2002/3/20,15,0,0
Puerto Rico,France,46.2276,2.2137,2002/3/20,6,0,0
French Guiana,Cruise Ship,35.4437,139.638,2002/3/20,0,0,0
Guam,Denmark,56.2639,9.5018,2002/3/20,0,0,0
Newfoundland and Labrador,Czechia,49.8175,15.473,2002/3/20,0,0,0
Prince Edward Island,Taiwan*,23.7,121,2002/3/20,10,0,0
Mayotte,Vietnam,16,108,2002/3/20,8,0,1
Netherlands,Russia,60,90,2002/3/20,2,0,0
Nova Scotia,Moldova,47.4116,28.3699,2002/3/20,0,0,0
Guadeloupe,Bolivia,-16.2902,-63.5887,2002/3/20,0,0,0
Curacao,Denmark,61.8926,-6.9118,2002/3/20,0,0,0
Virgin Islands,France,18.0708,-63.0501,2002/3/20,0,0,0
Cayman Islands,Honduras,15.2,-86.2419,2002/3/20,0,0,0
Reunion,United Kingdom,49.3723,-2.3644,2002/3/20,0,0,0
Aruba,Canada,46.5653,-66.4619,2002/3/20,0,0,0
Montserrat,Congo (Kinshasa),-4.0383,21.7587,2002/3/20,0,0,0
Greenland,Cote d'Ivoire,7.54,-5.5471,2002/3/20,0,0,0
New Caledonia,France,17.9,-62.8333,2002/3/20,0,0,0
Bermuda,Jamaica,18.1096,-77.2975,2002/3/20,0,0,0
Sint Maarten,Turkey,38.9637,35.2433,2002/3/20,0,0,0
Isle of Man,United Kingdom,36.1408,-5.3536,2002/3/20,0,0,0
Northwest Territories,Cuba,22,-80,2002/3/20,0,0,0
British Columbia,Guyana,5,-58.75,2002/3/20,0,0,0
New South Wales,Australia,-35.4735,149.0124,2002/3/20,0,0,0
Victoria,United Kingdom,55.3781,-3.436,2002/3/20,2,0,0
Queensland,Kazakhstan,48.0196,66.9237,2002/3/20,0,0,0
South Australia,France,-17.6797,149.4068,2002/3/20,0,0,0
From Diamond Princess,Canada,53.7609,-98.8139,2002/3/20,0,0,0
Western Australia,Canada,52.9399,-106.4509,2002/3/20,0,0,0
Tasmania,Ethiopia,9.145,40.4897,2002/3/20,0,0,0
Northern Territory,Sudan,12.8628,30.2176,2002/3/20,0,0,0
Ontario,Guinea,9.9456,-9.6966,2002/3/20,0,0,0
Alberta,Canada,37.6489,-122.6655,2002/3/20,0,0,0
Quebec,Kenya,-0.0236,37.9062,2002/3/20,0,0,0
Washington,Antigua and Barbuda,17.0608,-61.7964,2002/3/20,0,0,0
New York,US,32.3182,-86.9023,2002/3/20,0,0,0
California,Uruguay,-32.5228,-55.7658,2002/3/20,0,0,0
Massachusetts,Ghana,7.9465,-1.0232,2002/3/20,0,0,0
Diamond Princess,US,18.2208,-66.5901,2002/3/20,0,0,0
Grand Princess,Namibia,-22.9576,18.4904,2002/3/20,0,0,0
Georgia,Seychelles,-4.6796,55.492,2002/3/20,0,0,0
Colorado,Trinidad and Tobago,10.6918,-61.2225,2002/3/20,0,0,0
Florida,Venezuela,6.4238,-66.5897,2002/3/20,0,0,0
New Jersey,Eswatini,-26.5225,31.4659,2002/3/20,0,0,0
Oregon,Gabon,-0.8037,11.6094,2002/3/20,0,0,0
Texas,Guatemala,15.7835,-90.2308,2002/3/20,0,0,0
Illinois,Mauritania,21.0079,10.9408,2002/3/20,0,0,0
Pennsylvania,Rwanda,-1.9403,29.8739,2002/3/20,0,0,0
Iowa,Saint Lucia,13.9094,-60.9789,2002/3/20,0,0,0
Maryland,Saint Vincent and the Grenadines,12.9843,-61.2872,2002/3/20,0,0,0
North Carolina,Suriname,3.9193,-56.0278,2002/3/20,0,0,0
South Carolina,France,3.9339,-53.1258,2002/3/20,0,0,0
Tennessee,US,13.4443,144.7937,2002/3/20,0,0,0
Virginia,Kosovo,42.6026,20.903,2002/3/20,0,0,0
Arizona,Canada,53.1355,-57.6604,2002/3/20,0,0,0
Indiana,Canada,46.5107,-63.4168,2002/3/20,0,0,0
Kentucky,Central African Republic,6.6111,20.9394,2002/3/20,0,0,0
District of Columbia,Congo (Brazzaville),-4.0383,21.7587,2002/3/20,0,0,0
Nevada,Equatorial Guinea,1.5,10,2002/3/20,0,0,0
New Hampshire,France,-12.8275,45.1662,2002/3/20,0,0,0
Minnesota,Uzbekistan,41.3775,64.5853,2002/3/20,0,0,0
Nebraska,Netherlands,52.1326,5.2913,2002/3/20,0,0,0
Ohio,Canada,44.682,-63.7443,2002/3/20,0,0,0
Rhode Island,France,16.25,-61.5833,2002/3/20,0,0,0
Wisconsin,Benin,9.3077,2.3158,2002/3/20,0,0,0
Connecticut,Liberia,6.4281,-9.4295,2002/3/20,0,0,0
Hawaii,Netherlands,12.1696,-68.99,2002/3/20,0,0,0
Oklahoma,Somalia,5.1521,46.1996,2002/3/20,0,0,0
Utah,Tanzania,-6.369,34.8888,2002/3/20,0,0,0
Kansas,US,18.3358,-64.8963,2002/3/20,0,0,0
Louisiana,United Kingdom,19.3133,-81.2546,2002/3/20,0,0,0
Missouri,France,-21.1351,55.2471,2002/3/20,0,0,0
Vermont,Barbados,13.1939,-59.5432,2002/3/20,0,0,0
Alaska,Montenegro,42.5,19.3,2002/3/20,0,0,0
Arkansas,Kyrgyzstan,41.2044,74.7661,2002/3/20,0,0,0
Delaware,Mauritius,-20.2,57.5,2002/3/20,0,0,0
Idaho,Netherlands,12.5186,-70.0358,2002/3/20,0,0,0
Maine,Zambia,-15.4167,28.2833,2002/3/20,0,0,0
Michigan,Djibouti,11.8251,42.5903,2002/3/20,0,0,0
Mississippi,"Gambia, The",13.4432,-15.3101,2002/3/20,0,0,0
Montana,United Kingdom,16.7425,-62.1874,2002/3/20,0,0,0
New Mexico,"Bahamas, The",25.0343,-77.3963,2002/3/20,0,0,0
North Dakota,Denmark,71.7069,-42.6043,2002/3/20,0,0,0
South Dakota,France,-20.9043,165.618,2002/3/20,0,0,0
West Virginia,United Kingdom,32.3078,-64.7505,2002/3/20,0,0,0
Wyoming,Chad,15.4542,18.7322,2002/3/20,0,0,0
France,El Salvador,13.7942,-88.8965,2002/3/20,0,0,0
Diamond Princess,Fiji,-17.7134,178.065,2002/3/20,0,0,0
Denmark,Nicaragua,12.8654,-85.2072,2002/3/20,0,0,0
Faroe Islands,Madagascar,-18.7669,46.8691,2002/3/20,0,0,0
St Martin,Haiti,18.9712,-72.2852,2002/3/20,0,0,0
Channel Islands,Angola,-11.2027,17.8739,2002/3/20,0,0,0
New Brunswick,Cabo Verde,16.5388,-23.0418,2002/3/20,0,0,0
Saint Barthelemy,Netherlands,18.0425,-63.0548,2002/3/20,0,0,0
Gibraltar,Niger,17.6078,8.0817,2002/3/20,0,0,0
Australian Capital Territory,Papua New Guinea,-6.315,143.9555,2002/3/20,0,0,0
United Kingdom,United Kingdom,54.2361,-4.5481,2002/3/20,0,0,0
French Polynesia,Zimbabwe,-20,30,2002/3/20,0,0,0
Manitoba,Canada,64.8255,-124.8457,2002/3/20,0,0,0
Saskatchewan,Cape Verde,15.1111,-23.6167,2002/3/20,0,0,0
Grand Princess,East Timor,-8.55,125.56,2002/3/20,0,0,0
Alabama,Eritrea,15.1794,39.7823,2002/3/20,0,0,0
Puerto Rico,Uganda,1,32,2002/3/20,0,0,0
French Guiana,Dominica,15.415,-61.371,2002/3/20,0,0,0
Guam,Grenada,12.1165,-61.679,2002/3/20,0,0,0
Newfoundland and Labrador,Mozambique,-18.6657,35.5296,2002/3/20,0,0,0
Prince Edward Island,Syria,34.8021,38.9968,2002/3/20,0,0,0
Mayotte,Timor-Leste,-8.8742,125.7275,2002/3/20,0,0,0
Netherlands,Thailand,15,101,2002/4/20,25,0,5
Nova Scotia,Japan,36,138,2002/4/20,22,0,1
Guadeloupe,Singapore,1.2833,103.8333,2002/4/20,24,0,0
Curacao,Nepal,28.1667,84.25,2002/4/20,1,0,0
Virgin Islands,Malaysia,2.5,112.5,2002/4/20,10,0,0
Cayman Islands,Canada,49.2827,-123.1207,2002/4/20,1,0,0
Reunion,Australia,-33.8688,151.2093,2002/4/20,4,0,2
Aruba,Australia,-37.8136,144.9631,2002/4/20,4,0,0
Montserrat,Australia,-28.0167,153.4,2002/4/20,3,0,0
Greenland,Cambodia,11.55,104.9167,2002/4/20,1,0,0
New Caledonia,Sri Lanka,7,81,2002/4/20,1,0,0
Bermuda,Germany,51,9,2002/4/20,12,0,0
Sint Maarten,Finland,64,26,2002/4/20,1,0,0
Isle of Man,United Arab Emirates,24,54,2002/4/20,5,0,0
Northwest Territories,Philippines,13,122,2002/4/20,2,1,0
British Columbia,India,21,78,2002/4/20,3,0,0
New South Wales,Italy,43,12,2002/4/20,2,0,0
Victoria,Sweden,63,16,2002/4/20,1,0,0
Queensland,Spain,40,-4,2002/4/20,1,0,0
South Australia,Australia,-34.9285,138.6007,2002/4/20,2,0,0
From Diamond Princess,Belgium,50.8333,4,2002/4/20,1,0,0
Western Australia,Egypt,26,30,2002/4/20,0,0,0
Tasmania,Australia,35.4437,139.638,2002/4/20,0,0,0
Northern Territory,Lebanon,33.8547,35.8623,2002/4/20,0,0,0
Ontario,Iraq,33,44,2002/4/20,0,0,0
Alberta,Oman,21,57,2002/4/20,0,0,0
Quebec,Afghanistan,33,65,2002/4/20,0,0,0
Washington,Bahrain,26.0275,50.55,2002/4/20,0,0,0
New York,Kuwait,29.5,47.75,2002/4/20,0,0,0
California,Algeria,28.0339,1.6596,2002/4/20,0,0,0
Massachusetts,Croatia,45.1,15.2,2002/4/20,0,0,0
Diamond Princess,Switzerland,46.8182,8.2275,2002/4/20,0,0,0
Grand Princess,Austria,47.5162,14.5501,2002/4/20,0,0,0
Georgia,Israel,31,35,2002/4/20,0,0,0
Colorado,Pakistan,30.3753,69.3451,2002/4/20,0,0,0
Florida,Brazil,-14.235,-51.9253,2002/4/20,0,0,0
New Jersey,Georgia,42.3154,43.3569,2002/4/20,0,0,0
Oregon,Greece,39.0742,21.8243,2002/4/20,0,0,0
Texas,North Macedonia,41.6086,21.7453,2002/4/20,0,0,0
Illinois,Norway,60.472,8.4689,2002/4/20,0,0,0
Pennsylvania,Romania,45.9432,24.9668,2002/4/20,0,0,0
Iowa,Estonia,58.5953,25.0136,2002/4/20,0,0,0
Maryland,San Marino,43.9424,12.4578,2002/4/20,0,0,0
North Carolina,Belarus,53.7098,27.9534,2002/4/20,0,0,0
South Carolina,Iceland,64.9631,-19.0208,2002/4/20,0,0,0
Tennessee,Lithuania,55.1694,23.8813,2002/4/20,0,0,0
Virginia,Mexico,23.6345,-102.5528,2002/4/20,0,0,0
Arizona,New Zealand,-40.9006,174.886,2002/4/20,0,0,0
Indiana,Nigeria,9.082,8.6753,2002/4/20,0,0,0
Kentucky,Australia,-31.9505,115.8605,2002/4/20,0,0,0
District of Columbia,Ireland,53.1424,-7.6921,2002/4/20,0,0,0
Nevada,Luxembourg,49.8153,6.1296,2002/4/20,0,0,0
New Hampshire,Monaco,43.7333,7.4167,2002/4/20,0,0,0
Minnesota,Qatar,25.3548,51.1839,2002/4/20,0,0,0
Nebraska,Ecuador,-1.8312,-78.1834,2002/4/20,0,0,0
Ohio,Azerbaijan,40.1431,47.5769,2002/4/20,0,0,0
Rhode Island,Armenia,40.0691,45.0382,2002/4/20,0,0,0
Wisconsin,Dominican Republic,18.7357,-70.1627,2002/4/20,0,0,0
Connecticut,Indonesia,-0.7893,113.9213,2002/4/20,0,0,0
Hawaii,Portugal,39.3999,-8.2245,2002/4/20,0,0,0
Oklahoma,Andorra,42.5063,1.5218,2002/4/20,0,0,0
Utah,Australia,-41.4545,145.9707,2002/4/20,0,0,0
Kansas,Latvia,56.8796,24.6032,2002/4/20,0,0,0
Louisiana,Morocco,31.7917,-7.0926,2002/4/20,0,0,0
Missouri,Saudi Arabia,24,45,2002/4/20,0,0,0
Vermont,Senegal,14.4974,-14.4524,2002/4/20,0,0,0
Alaska,Argentina,-38.4161,-63.6167,2002/4/20,0,0,0
Arkansas,Chile,-35.6751,-71.543,2002/4/20,0,0,0
Delaware,Jordan,31.24,36.51,2002/4/20,0,0,0
Idaho,Ukraine,48.3794,31.1656,2002/4/20,0,0,0
Maine,Hungary,47.1625,19.5033,2002/4/20,0,0,0
Michigan,Australia,-12.4634,130.8456,2002/4/20,0,0,0
Mississippi,Liechtenstein,47.14,9.55,2002/4/20,0,0,0
Montana,Poland,51.9194,19.1451,2002/4/20,0,0,0
New Mexico,Tunisia,34,9,2002/4/20,0,0,0
North Dakota,Bosnia and Herzegovina,43.9159,17.6791,2002/4/20,0,0,0
South Dakota,Slovenia,46.1512,14.9955,2002/4/20,0,0,0
West Virginia,South Africa,-30.5595,22.9375,2002/4/20,0,0,0
Wyoming,Bhutan,27.5142,90.4336,2002/4/20,0,0,0
France,Cameroon,3.848,11.5021,2002/4/20,0,0,0
Diamond Princess,Colombia,4.5709,-74.2973,2002/4/20,0,0,0
Denmark,Costa Rica,9.7489,-83.7534,2002/4/20,0,0,0
Faroe Islands,Peru,-9.19,-75.0152,2002/4/20,0,0,0
St Martin,Serbia,44.0165,21.0059,2002/4/20,0,0,0
Channel Islands,Slovakia,48.669,19.699,2002/4/20,0,0,0
New Brunswick,Togo,8.6195,0.8248,2002/4/20,0,0,0
Saint Barthelemy,Malta,35.9375,14.3754,2002/4/20,0,0,0
Gibraltar,Martinique,14.6415,-61.0242,2002/4/20,0,0,0
Australian Capital Territory,Bulgaria,42.7339,25.4858,2002/4/20,0,0,0
United Kingdom,Maldives,3.2028,73.2207,2002/4/20,0,0,0
French Polynesia,Bangladesh,23.685,90.3563,2002/4/20,0,0,0
Manitoba,Paraguay,-23.4425,-58.4438,2002/4/20,0,0,0
Saskatchewan,Canada,51.2538,-85.3232,2002/4/20,3,0,0
Grand Princess,Canada,53.9333,-116.5765,2002/4/20,0,0,0
Alabama,Canada,52.9399,-73.5491,2002/4/20,0,0,0
Puerto Rico,Albania,41.1533,20.1683,2002/4/20,0,0,0
French Guiana,Cyprus,35.1264,33.4299,2002/4/20,0,0,0
Guam,Brunei,4.5353,114.7277,2002/4/20,0,0,0
Newfoundland and Labrador,US,47.4009,-121.4905,2002/4/20,0,0,0
Prince Edward Island,US,42.1657,-74.9481,2002/4/20,0,0,0
Mayotte,US,36.1162,-119.6816,2002/4/20,0,0,0
Netherlands,US,42.2302,-71.5301,2002/4/20,0,0,0
Nova Scotia,US,35.4437,139.638,2002/4/20,0,0,0
Guadeloupe,US,37.6489,-122.6655,2002/4/20,0,0,0
Curacao,US,33.0406,-83.6431,2002/4/20,0,0,0
Virgin Islands,US,39.0598,-105.3111,2002/4/20,0,0,0
Cayman Islands,US,27.7663,-81.6868,2002/4/20,0,0,0
Reunion,US,40.2989,-74.521,2002/4/20,0,0,0
Aruba,US,44.572,-122.0709,2002/4/20,0,0,0
Montserrat,US,31.0545,-97.5635,2002/4/20,0,0,0
Greenland,US,40.3495,-88.9861,2002/4/20,0,0,0
New Caledonia,US,40.5908,-77.2098,2002/4/20,0,0,0
Bermuda,US,42.0115,-93.2105,2002/4/20,0,0,0
Sint Maarten,US,39.0639,-76.8021,2002/4/20,0,0,0
Isle of Man,US,35.6301,-79.8064,2002/4/20,0,0,0
Northwest Territories,US,33.8569,-80.945,2002/4/20,0,0,0
British Columbia,US,35.7478,-86.6923,2002/4/20,0,0,0
New South Wales,US,37.7693,-78.17,2002/4/20,0,0,0
Victoria,US,33.7298,-111.4312,2002/4/20,0,0,0
Queensland,US,39.8494,-86.2583,2002/4/20,0,0,0
South Australia,US,37.6681,-84.6701,2002/4/20,0,0,0
From Diamond Princess,US,38.8974,-77.0268,2002/4/20,0,0,0
Western Australia,US,38.3135,-117.0554,2002/4/20,0,0,0
Tasmania,US,43.4525,-71.5639,2002/4/20,0,0,0
Northern Territory,US,45.6945,-93.9002,2002/4/20,0,0,0
Ontario,US,41.1254,-98.2681,2002/4/20,0,0,0
Alberta,US,40.3888,-82.7649,2002/4/20,0,0,0
Quebec,US,41.6809,-71.5118,2002/4/20,0,0,0
Washington,US,44.2685,-89.6165,2002/4/20,0,0,0
New York,US,41.5978,-72.7554,2002/4/20,0,0,0
California,US,21.0943,-157.4983,2002/4/20,0,0,0
Massachusetts,US,35.5653,-96.9289,2002/4/20,0,0,0
Diamond Princess,US,40.15,-111.8624,2002/4/20,0,0,0
Grand Princess,Burkina Faso,12.2383,-1.5616,2002/4/20,0,0,0
Georgia,Holy See,41.9029,12.4534,2002/4/20,0,0,0
Colorado,Mongolia,46.8625,103.8467,2002/4/20,0,0,0
Florida,Panama,8.538,-80.7821,2002/4/20,0,0,0
New Jersey,US,38.5266,-96.7265,2002/4/20,0,0,0
Oregon,US,31.1695,-91.8678,2002/4/20,0,0,0
Texas,US,38.4561,-92.2884,2002/4/20,0,0,0
Illinois,US,44.0459,-72.7107,2002/4/20,0,0,0
Pennsylvania,US,61.3707,-152.4044,2002/4/20,0,0,0
Iowa,US,34.9697,-92.3731,2002/4/20,0,0,0
Maryland,US,39.3185,-75.5071,2002/4/20,0,0,0
North Carolina,US,44.2405,-114.4788,2002/4/20,0,0,0
South Carolina,US,44.6939,-69.3819,2002/4/20,0,0,0
Tennessee,US,43.3266,-84.5361,2002/4/20,0,0,0
Virginia,US,32.7416,-89.6787,2002/4/20,0,0,0
Arizona,US,46.9219,-110.4544,2002/4/20,0,0,0
Indiana,US,34.8405,-106.2485,2002/4/20,0,0,0
Kentucky,US,47.5289,-99.784,2002/4/20,0,0,0
District of Columbia,US,44.2998,-99.4388,2002/4/20,0,0,0
Nevada,US,38.4912,-80.9545,2002/4/20,0,0,0
New Hampshire,US,42.756,-107.3025,2002/4/20,0,0,0
Minnesota,Iran,32,53,2002/4/20,0,0,0
Nebraska,South Korea,36,128,2002/4/20,16,0,0
Ohio,France,46.2276,2.2137,2002/4/20,6,0,0
Rhode Island,Cruise Ship,35.4437,139.638,2002/4/20,0,0,0
Wisconsin,Denmark,56.2639,9.5018,2002/4/20,0,0,0
Connecticut,Czechia,49.8175,15.473,2002/4/20,0,0,0
Hawaii,Taiwan*,23.7,121,2002/4/20,11,0,0
Oklahoma,Vietnam,16,108,2002/4/20,8,0,1
Utah,Russia,60,90,2002/4/20,2,0,0
Kansas,Moldova,47.4116,28.3699,2002/4/20,0,0,0
Louisiana,Bolivia,-16.2902,-63.5887,2002/4/20,0,0,0
Missouri,Denmark,61.8926,-6.9118,2002/4/20,0,0,0
Vermont,France,18.0708,-63.0501,2002/4/20,0,0,0
Alaska,Honduras,15.2,-86.2419,2002/4/20,0,0,0
Arkansas,United Kingdom,49.3723,-2.3644,2002/4/20,0,0,0
Delaware,Canada,46.5653,-66.4619,2002/4/20,0,0,0
Idaho,Congo (Kinshasa),-4.0383,21.7587,2002/4/20,0,0,0
Maine,Cote d'Ivoire,7.54,-5.5471,2002/4/20,0,0,0
Michigan,France,17.9,-62.8333,2002/4/20,0,0,0
Mississippi,Jamaica,18.1096,-77.2975,2002/4/20,0,0,0
Montana,Turkey,38.9637,35.2433,2002/4/20,0,0,0
New Mexico,United Kingdom,36.1408,-5.3536,2002/4/20,0,0,0
North Dakota,Cuba,22,-80,2002/4/20,0,0,0
South Dakota,Guyana,5,-58.75,2002/4/20,0,0,0
West Virginia,Australia,-35.4735,149.0124,2002/4/20,0,0,0
Wyoming,United Kingdom,55.3781,-3.436,2002/4/20,2,0,0
France,Kazakhstan,48.0196,66.9237,2002/4/20,0,0,0
Diamond Princess,France,-17.6797,149.4068,2002/4/20,0,0,0
Denmark,Canada,53.7609,-98.8139,2002/4/20,0,0,0
Faroe Islands,Canada,52.9399,-106.4509,2002/4/20,0,0,0
St Martin,Ethiopia,9.145,40.4897,2002/4/20,0,0,0
Channel Islands,Sudan,12.8628,30.2176,2002/4/20,0,0,0
New Brunswick,Guinea,9.9456,-9.6966,2002/4/20,0,0,0
Saint Barthelemy,Canada,37.6489,-122.6655,2002/4/20,0,0,0
Gibraltar,Kenya,-0.0236,37.9062,2002/4/20,0,0,0
Australian Capital Territory,Antigua and Barbuda,17.0608,-61.7964,2002/4/20,0,0,0
United Kingdom,US,32.3182,-86.9023,2002/4/20,0,0,0
French Polynesia,Uruguay,-32.5228,-55.7658,2002/4/20,0,0,0
Manitoba,Ghana,7.9465,-1.0232,2002/4/20,0,0,0
Saskatchewan,US,18.2208,-66.5901,2002/4/20,0,0,0
Grand Princess,Namibia,-22.9576,18.4904,2002/4/20,0,0,0
Alabama,Seychelles,-4.6796,55.492,2002/4/20,0,0,0
Puerto Rico,Trinidad and Tobago,10.6918,-61.2225,2002/4/20,0,0,0
French Guiana,Venezuela,6.4238,-66.5897,2002/4/20,0,0,0
Guam,Eswatini,-26.5225,31.4659,2002/4/20,0,0,0
Newfoundland and Labrador,Gabon,-0.8037,11.6094,2002/4/20,0,0,0
Prince Edward Island,Guatemala,15.7835,-90.2308,2002/4/20,0,0,0
Mayotte,Mauritania,21.0079,10.9408,2002/4/20,0,0,0
Netherlands,Rwanda,-1.9403,29.8739,2002/4/20,0,0,0
Nova Scotia,Saint Lucia,13.9094,-60.9789,2002/4/20,0,0,0
Guadeloupe,Saint Vincent and the Grenadines,12.9843,-61.2872,2002/4/20,0,0,0
Curacao,Suriname,3.9193,-56.0278,2002/4/20,0,0,0
Virgin Islands,France,3.9339,-53.1258,2002/4/20,0,0,0
Cayman Islands,US,13.4443,144.7937,2002/4/20,0,0,0
Reunion,Kosovo,42.6026,20.903,2002/4/20,0,0,0
Aruba,Canada,53.1355,-57.6604,2002/4/20,0,0,0
Montserrat,Canada,46.5107,-63.4168,2002/4/20,0,0,0
Greenland,Central African Republic,6.6111,20.9394,2002/4/20,0,0,0
New Caledonia,Congo (Brazzaville),-4.0383,21.7587,2002/4/20,0,0,0
Bermuda,Equatorial Guinea,1.5,10,2002/4/20,0,0,0
Sint Maarten,France,-12.8275,45.1662,2002/4/20,0,0,0
Isle of Man,Uzbekistan,41.3775,64.5853,2002/4/20,0,0,0
Northwest Territories,Netherlands,52.1326,5.2913,2002/4/20,0,0,0
British Columbia,Canada,44.682,-63.7443,2002/4/20,0,0,0
New South Wales,France,16.25,-61.5833,2002/4/20,0,0,0
Victoria,Benin,9.3077,2.3158,2002/4/20,0,0,0
Queensland,Liberia,6.4281,-9.4295,2002/4/20,0,0,0
South Australia,Netherlands,12.1696,-68.99,2002/4/20,0,0,0
From Diamond Princess,Somalia,5.1521,46.1996,2002/4/20,0,0,0
Western Australia,Tanzania,-6.369,34.8888,2002/4/20,0,0,0
Tasmania,US,18.3358,-64.8963,2002/4/20,0,0,0
Northern Territory,United Kingdom,19.3133,-81.2546,2002/4/20,0,0,0
Ontario,France,-21.1351,55.2471,2002/4/20,0,0,0
Alberta,Barbados,13.1939,-59.5432,2002/4/20,0,0,0
Quebec,Montenegro,42.5,19.3,2002/4/20,0,0,0
Washington,Kyrgyzstan,41.2044,74.7661,2002/4/20,0,0,0
New York,Mauritius,-20.2,57.5,2002/4/20,0,0,0
California,Netherlands,12.5186,-70.0358,2002/4/20,0,0,0
Massachusetts,Zambia,-15.4167,28.2833,2002/4/20,0,0,0
Diamond Princess,Djibouti,11.8251,42.5903,2002/4/20,0,0,0
Grand Princess,"Gambia, The",13.4432,-15.3101,2002/4/20,0,0,0
Georgia,United Kingdom,16.7425,-62.1874,2002/4/20,0,0,0
Colorado,"Bahamas, The",25.0343,-77.3963,2002/4/20,0,0,0
Florida,Denmark,71.7069,-42.6043,2002/4/20,0,0,0
New Jersey,France,-20.9043,165.618,2002/4/20,0,0,0
Oregon,United Kingdom,32.3078,-64.7505,2002/4/20,0,0,0
Texas,Chad,15.4542,18.7322,2002/4/20,0,0,0
Illinois,El Salvador,13.7942,-88.8965,2002/4/20,0,0,0
Pennsylvania,Fiji,-17.7134,178.065,2002/4/20,0,0,0
Iowa,Nicaragua,12.8654,-85.2072,2002/4/20,0,0,0
Maryland,Madagascar,-18.7669,46.8691,2002/4/20,0,0,0
North Carolina,Haiti,18.9712,-72.2852,2002/4/20,0,0,0
South Carolina,Angola,-11.2027,17.8739,2002/4/20,0,0,0
Tennessee,Cabo Verde,16.5388,-23.0418,2002/4/20,0,0,0
Virginia,Netherlands,18.0425,-63.0548,2002/4/20,0,0,0
Arizona,Niger,17.6078,8.0817,2002/4/20,0,0,0
Indiana,Papua New Guinea,-6.315,143.9555,2002/4/20,0,0,0
Kentucky,United Kingdom,54.2361,-4.5481,2002/4/20,0,0,0
District of Columbia,Zimbabwe,-20,30,2002/4/20,0,0,0
Nevada,Canada,64.8255,-124.8457,2002/4/20,0,0,0
New Hampshire,Cape Verde,15.1111,-23.6167,2002/4/20,0,0,0
Minnesota,East Timor,-8.55,125.56,2002/4/20,0,0,0
Nebraska,Eritrea,15.1794,39.7823,2002/4/20,0,0,0
Ohio,Uganda,1,32,2002/4/20,0,0,0
Rhode Island,Dominica,15.415,-61.371,2002/4/20,0,0,0
Wisconsin,Grenada,12.1165,-61.679,2002/4/20,0,0,0
Connecticut,Mozambique,-18.6657,35.5296,2002/4/20,0,0,0
Hawaii,Syria,34.8021,38.9968,2002/4/20,0,0,0
Oklahoma,Timor-Leste,-8.8742,125.7275,2002/4/20,0,0,0
Utah,Thailand,15,101,2002/5/20,25,0,5
Kansas,Japan,36,138,2002/5/20,22,0,1
Louisiana,Singapore,1.2833,103.8333,2002/5/20,28,0,0
Missouri,Nepal,28.1667,84.25,2002/5/20,1,0,0
Vermont,Malaysia,2.5,112.5,2002/5/20,12,0,0
Alaska,Canada,49.2827,-123.1207,2002/5/20,2,0,0
Arkansas,Australia,-33.8688,151.2093,2002/5/20,4,0,2
Delaware,Australia,-37.8136,144.9631,2002/5/20,4,0,0
Idaho,Australia,-28.0167,153.4,2002/5/20,3,0,0
Maine,Cambodia,11.55,104.9167,2002/5/20,1,0,0
Michigan,Sri Lanka,7,81,2002/5/20,1,0,0
Mississippi,Germany,51,9,2002/5/20,12,0,0
Montana,Finland,64,26,2002/5/20,1,0,0
New Mexico,United Arab Emirates,24,54,2002/5/20,5,0,0
North Dakota,Philippines,13,122,2002/5/20,2,1,0
South Dakota,India,21,78,2002/5/20,3,0,0
West Virginia,Italy,43,12,2002/5/20,2,0,0
Wyoming,Sweden,63,16,2002/5/20,1,0,0
France,Spain,40,-4,2002/5/20,1,0,0
Diamond Princess,Australia,-34.9285,138.6007,2002/5/20,2,0,0
Denmark,Belgium,50.8333,4,2002/5/20,1,0,0
Faroe Islands,Egypt,26,30,2002/5/20,0,0,0
St Martin,Australia,35.4437,139.638,2002/5/20,0,0,0
Channel Islands,Lebanon,33.8547,35.8623,2002/5/20,0,0,0
New Brunswick,Iraq,33,44,2002/5/20,0,0,0
Saint Barthelemy,Oman,21,57,2002/5/20,0,0,0
Gibraltar,Afghanistan,33,65,2002/5/20,0,0,0
Australian Capital Territory,Bahrain,26.0275,50.55,2002/5/20,0,0,0
United Kingdom,Kuwait,29.5,47.75,2002/5/20,0,0,0
French Polynesia,Algeria,28.0339,1.6596,2002/5/20,0,0,0
Manitoba,Croatia,45.1,15.2,2002/5/20,0,0,0
Saskatchewan,Switzerland,46.8182,8.2275,2002/5/20,0,0,0
Grand Princess,Austria,47.5162,14.5501,2002/5/20,0,0,0
Alabama,Israel,31,35,2002/5/20,0,0,0
Puerto Rico,Pakistan,30.3753,69.3451,2002/5/20,0,0,0
French Guiana,Brazil,-14.235,-51.9253,2002/5/20,0,0,0
Guam,Georgia,42.3154,43.3569,2002/5/20,0,0,0
Newfoundland and Labrador,Greece,39.0742,21.8243,2002/5/20,0,0,0
Prince Edward Island,North Macedonia,41.6086,21.7453,2002/5/20,0,0,0
Mayotte,Norway,60.472,8.4689,2002/5/20,0,0,0
Netherlands,Romania,45.9432,24.9668,2002/5/20,0,0,0
Nova Scotia,Estonia,58.5953,25.0136,2002/5/20,0,0,0
Guadeloupe,San Marino,43.9424,12.4578,2002/5/20,0,0,0
Curacao,Belarus,53.7098,27.9534,2002/5/20,0,0,0
Virgin Islands,Iceland,64.9631,-19.0208,2002/5/20,0,0,0
Cayman Islands,Lithuania,55.1694,23.8813,2002/5/20,0,0,0
Reunion,Mexico,23.6345,-102.5528,2002/5/20,0,0,0
Aruba,New Zealand,-40.9006,174.886,2002/5/20,0,0,0
Montserrat,Nigeria,9.082,8.6753,2002/5/20,0,0,0
Greenland,Australia,-31.9505,115.8605,2002/5/20,0,0,0
New Caledonia,Ireland,53.1424,-7.6921,2002/5/20,0,0,0
Bermuda,Luxembourg,49.8153,6.1296,2002/5/20,0,0,0
Sint Maarten,Monaco,43.7333,7.4167,2002/5/20,0,0,0
Isle of Man,Qatar,25.3548,51.1839,2002/5/20,0,0,0
Northwest Territories,Ecuador,-1.8312,-78.1834,2002/5/20,0,0,0
British Columbia,Azerbaijan,40.1431,47.5769,2002/5/20,0,0,0
New South Wales,Armenia,40.0691,45.0382,2002/5/20,0,0,0
Victoria,Dominican Republic,18.7357,-70.1627,2002/5/20,0,0,0
Queensland,Indonesia,-0.7893,113.9213,2002/5/20,0,0,0
South Australia,Portugal,39.3999,-8.2245,2002/5/20,0,0,0
From Diamond Princess,Andorra,42.5063,1.5218,2002/5/20,0,0,0
Western Australia,Australia,-41.4545,145.9707,2002/5/20,0,0,0
Tasmania,Latvia,56.8796,24.6032,2002/5/20,0,0,0
Northern Territory,Morocco,31.7917,-7.0926,2002/5/20,0,0,0
Ontario,Saudi Arabia,24,45,2002/5/20,0,0,0
Alberta,Senegal,14.4974,-14.4524,2002/5/20,0,0,0
Quebec,Argentina,-38.4161,-63.6167,2002/5/20,0,0,0
Washington,Chile,-35.6751,-71.543,2002/5/20,0,0,0
New York,Jordan,31.24,36.51,2002/5/20,0,0,0
California,Ukraine,48.3794,31.1656,2002/5/20,0,0,0
Massachusetts,Hungary,47.1625,19.5033,2002/5/20,0,0,0
Diamond Princess,Australia,-12.4634,130.8456,2002/5/20,0,0,0
Grand Princess,Liechtenstein,47.14,9.55,2002/5/20,0,0,0
Georgia,Poland,51.9194,19.1451,2002/5/20,0,0,0
Colorado,Tunisia,34,9,2002/5/20,0,0,0
Florida,Bosnia and Herzegovina,43.9159,17.6791,2002/5/20,0,0,0
New Jersey,Slovenia,46.1512,14.9955,2002/5/20,0,0,0
Oregon,South Africa,-30.5595,22.9375,2002/5/20,0,0,0
Texas,Bhutan,27.5142,90.4336,2002/5/20,0,0,0
Illinois,Cameroon,3.848,11.5021,2002/5/20,0,0,0
Pennsylvania,Colombia,4.5709,-74.2973,2002/5/20,0,0,0
Iowa,Costa Rica,9.7489,-83.7534,2002/5/20,0,0,0
Maryland,Peru,-9.19,-75.0152,2002/5/20,0,0,0
North Carolina,Serbia,44.0165,21.0059,2002/5/20,0,0,0
South Carolina,Slovakia,48.669,19.699,2002/5/20,0,0,0
Tennessee,Togo,8.6195,0.8248,2002/5/20,0,0,0
Virginia,Malta,35.9375,14.3754,2002/5/20,0,0,0
Arizona,Martinique,14.6415,-61.0242,2002/5/20,0,0,0
Indiana,Bulgaria,42.7339,25.4858,2002/5/20,0,0,0
Kentucky,Maldives,3.2028,73.2207,2002/5/20,0,0,0
District of Columbia,Bangladesh,23.685,90.3563,2002/5/20,0,0,0
Nevada,Paraguay,-23.4425,-58.4438,2002/5/20,0,0,0
New Hampshire,Canada,51.2538,-85.3232,2002/5/20,3,0,0
Minnesota,Canada,53.9333,-116.5765,2002/5/20,0,0,0
Nebraska,Canada,52.9399,-73.5491,2002/5/20,0,0,0
Ohio,Albania,41.1533,20.1683,2002/5/20,0,0,0
Rhode Island,Cyprus,35.1264,33.4299,2002/5/20,0,0,0
Wisconsin,Brunei,4.5353,114.7277,2002/5/20,0,0,0
Connecticut,US,47.4009,-121.4905,2002/5/20,0,0,0
Hawaii,US,42.1657,-74.9481,2002/5/20,0,0,0
Oklahoma,US,36.1162,-119.6816,2002/5/20,0,0,0
Utah,US,42.2302,-71.5301,2002/5/20,0,0,0
Kansas,US,35.4437,139.638,2002/5/20,0,0,0
Louisiana,US,37.6489,-122.6655,2002/5/20,0,0,0
Missouri,US,33.0406,-83.6431,2002/5/20,0,0,0
Vermont,US,39.0598,-105.3111,2002/5/20,0,0,0
Alaska,US,27.7663,-81.6868,2002/5/20,0,0,0
Arkansas,US,40.2989,-74.521,2002/5/20,0,0,0
Delaware,US,44.572,-122.0709,2002/5/20,0,0,0
Idaho,US,31.0545,-97.5635,2002/5/20,0,0,0
Maine,US,40.3495,-88.9861,2002/5/20,0,0,0
Michigan,US,40.5908,-77.2098,2002/5/20,0,0,0
Mississippi,US,42.0115,-93.2105,2002/5/20,0,0,0
Montana,US,39.0639,-76.8021,2002/5/20,0,0,0
New Mexico,US,35.6301,-79.8064,2002/5/20,0,0,0
North Dakota,US,33.8569,-80.945,2002/5/20,0,0,0
South Dakota,US,35.7478,-86.6923,2002/5/20,0,0,0
West Virginia,US,37.7693,-78.17,2002/5/20,0,0,0
Wyoming,US,33.7298,-111.4312,2002/5/20,0,0,0
France,US,39.8494,-86.2583,2002/5/20,0,0,0
Diamond Princess,US,37.6681,-84.6701,2002/5/20,0,0,0
Denmark,US,38.8974,-77.0268,2002/5/20,0,0,0
Faroe Islands,US,38.3135,-117.0554,2002/5/20,0,0,0
St Martin,US,43.4525,-71.5639,2002/5/20,0,0,0
Channel Islands,US,45.6945,-93.9002,2002/5/20,0,0,0
New Brunswick,US,41.1254,-98.2681,2002/5/20,0,0,0
Saint Barthelemy,US,40.3888,-82.7649,2002/5/20,0,0,0
Gibraltar,US,41.6809,-71.5118,2002/5/20,0,0,0
Australian Capital Territory,US,44.2685,-89.6165,2002/5/20,0,0,0
United Kingdom,US,41.5978,-72.7554,2002/5/20,0,0,0
French Polynesia,US,21.0943,-157.4983,2002/5/20,0,0,0
Manitoba,US,35.5653,-96.9289,2002/5/20,0,0,0
Saskatchewan,US,40.15,-111.8624,2002/5/20,0,0,0
Grand Princess,Burkina Faso,12.2383,-1.5616,2002/5/20,0,0,0
Alabama,Holy See,41.9029,12.4534,2002/5/20,0,0,0
Puerto Rico,Mongolia,46.8625,103.8467,2002/5/20,0,0,0
French Guiana,Panama,8.538,-80.7821,2002/5/20,0,0,0
Guam,US,38.5266,-96.7265,2002/5/20,0,0,0
Newfoundland and Labrador,US,31.1695,-91.8678,2002/5/20,0,0,0
Prince Edward Island,US,38.4561,-92.2884,2002/5/20,0,0,0
Mayotte,US,44.0459,-72.7107,2002/5/20,0,0,0
Netherlands,US,61.3707,-152.4044,2002/5/20,0,0,0
Nova Scotia,US,34.9697,-92.3731,2002/5/20,0,0,0
Guadeloupe,US,39.3185,-75.5071,2002/5/20,0,0,0
Curacao,US,44.2405,-114.4788,2002/5/20,0,0,0
Virgin Islands,US,44.6939,-69.3819,2002/5/20,0,0,0
Cayman Islands,US,43.3266,-84.5361,2002/5/20,0,0,0
Reunion,US,32.7416,-89.6787,2002/5/20,0,0,0
Aruba,US,46.9219,-110.4544,2002/5/20,0,0,0
Montserrat,US,34.8405,-106.2485,2002/5/20,0,0,0
Greenland,US,47.5289,-99.784,2002/5/20,0,0,0
New Caledonia,US,44.2998,-99.4388,2002/5/20,0,0,0
Bermuda,US,38.4912,-80.9545,2002/5/20,0,0,0
Sint Maarten,US,42.756,-107.3025,2002/5/20,0,0,0
Isle of Man,Iran,32,53,2002/5/20,0,0,0
Northwest Territories,South Korea,36,128,2002/5/20,19,0,0
British Columbia,France,46.2276,2.2137,2002/5/20,6,0,0
New South Wales,Cruise Ship,35.4437,139.638,2002/5/20,0,0,0
Victoria,Denmark,56.2639,9.5018,2002/5/20,0,0,0
Queensland,Czechia,49.8175,15.473,2002/5/20,0,0,0
South Australia,Taiwan*,23.7,121,2002/5/20,11,0,0
From Diamond Princess,Vietnam,16,108,2002/5/20,8,0,1
Western Australia,Russia,60,90,2002/5/20,2,0,0
Tasmania,Moldova,47.4116,28.3699,2002/5/20,0,0,0
Northern Territory,Bolivia,-16.2902,-63.5887,2002/5/20,0,0,0
Ontario,Denmark,61.8926,-6.9118,2002/5/20,0,0,0
Alberta,France,18.0708,-63.0501,2002/5/20,0,0,0
Quebec,Honduras,15.2,-86.2419,2002/5/20,0,0,0
Washington,United Kingdom,49.3723,-2.3644,2002/5/20,0,0,0
New York,Canada,46.5653,-66.4619,2002/5/20,0,0,0
California,Congo (Kinshasa),-4.0383,21.7587,2002/5/20,0,0,0
Massachusetts,Cote d'Ivoire,7.54,-5.5471,2002/5/20,0,0,0
Diamond Princess,France,17.9,-62.8333,2002/5/20,0,0,0
Grand Princess,Jamaica,18.1096,-77.2975,2002/5/20,0,0,0
Georgia,Turkey,38.9637,35.2433,2002/5/20,0,0,0
Colorado,United Kingdom,36.1408,-5.3536,2002/5/20,0,0,0
Florida,Cuba,22,-80,2002/5/20,0,0,0
New Jersey,Guyana,5,-58.75,2002/5/20,0,0,0
Oregon,Australia,-35.4735,149.0124,2002/5/20,0,0,0
Texas,United Kingdom,55.3781,-3.436,2002/5/20,2,0,0
Illinois,Kazakhstan,48.0196,66.9237,2002/5/20,0,0,0
Pennsylvania,France,-17.6797,149.4068,2002/5/20,0,0,0
Iowa,Canada,53.7609,-98.8139,2002/5/20,0,0,0
Maryland,Canada,52.9399,-106.4509,2002/5/20,0,0,0
North Carolina,Ethiopia,9.145,40.4897,2002/5/20,0,0,0
South Carolina,Sudan,12.8628,30.2176,2002/5/20,0,0,0
Tennessee,Guinea,9.9456,-9.6966,2002/5/20,0,0,0
Virginia,Canada,37.6489,-122.6655,2002/5/20,0,0,0
Arizona,Kenya,-0.0236,37.9062,2002/5/20,0,0,0
Indiana,Antigua and Barbuda,17.0608,-61.7964,2002/5/20,0,0,0
Kentucky,US,32.3182,-86.9023,2002/5/20,0,0,0
District of Columbia,Uruguay,-32.5228,-55.7658,2002/5/20,0,0,0
Nevada,Ghana,7.9465,-1.0232,2002/5/20,0,0,0
New Hampshire,US,18.2208,-66.5901,2002/5/20,0,0,0
Minnesota,Namibia,-22.9576,18.4904,2002/5/20,0,0,0
Nebraska,Seychelles,-4.6796,55.492,2002/5/20,0,0,0
Ohio,Trinidad and Tobago,10.6918,-61.2225,2002/5/20,0,0,0
Rhode Island,Venezuela,6.4238,-66.5897,2002/5/20,0,0,0
Wisconsin,Eswatini,-26.5225,31.4659,2002/5/20,0,0,0
Connecticut,Gabon,-0.8037,11.6094,2002/5/20,0,0,0
Hawaii,Guatemala,15.7835,-90.2308,2002/5/20,0,0,0
Oklahoma,Mauritania,21.0079,10.9408,2002/5/20,0,0,0
Utah,Rwanda,-1.9403,29.8739,2002/5/20,0,0,0
Kansas,Saint Lucia,13.9094,-60.9789,2002/5/20,0,0,0
Louisiana,Saint Vincent and the Grenadines,12.9843,-61.2872,2002/5/20,0,0,0
Missouri,Suriname,3.9193,-56.0278,2002/5/20,0,0,0
Vermont,France,3.9339,-53.1258,2002/5/20,0,0,0
Alaska,US,13.4443,144.7937,2002/5/20,0,0,0
Arkansas,Kosovo,42.6026,20.903,2002/5/20,0,0,0
Delaware,Canada,53.1355,-57.6604,2002/5/20,0,0,0
Idaho,Canada,46.5107,-63.4168,2002/5/20,0,0,0
Maine,Central African Republic,6.6111,20.9394,2002/5/20,0,0,0
Michigan,Congo (Brazzaville),-4.0383,21.7587,2002/5/20,0,0,0
Mississippi,Equatorial Guinea,1.5,10,2002/5/20,0,0,0
Montana,France,-12.8275,45.1662,2002/5/20,0,0,0
New Mexico,Uzbekistan,41.3775,64.5853,2002/5/20,0,0,0
North Dakota,Netherlands,52.1326,5.2913,2002/5/20,0,0,0
South Dakota,Canada,44.682,-63.7443,2002/5/20,0,0,0
West Virginia,France,16.25,-61.5833,2002/5/20,0,0,0
Wyoming,Benin,9.3077,2.3158,2002/5/20,0,0,0
France,Liberia,6.4281,-9.4295,2002/5/20,0,0,0
Diamond Princess,Netherlands,12.1696,-68.99,2002/5/20,0,0,0
Denmark,Somalia,5.1521,46.1996,2002/5/20,0,0,0
Faroe Islands,Tanzania,-6.369,34.8888,2002/5/20,0,0,0
St Martin,US,18.3358,-64.8963,2002/5/20,0,0,0
Channel Islands,United Kingdom,19.3133,-81.2546,2002/5/20,0,0,0
New Brunswick,France,-21.1351,55.2471,2002/5/20,0,0,0
Saint Barthelemy,Barbados,13.1939,-59.5432,2002/5/20,0,0,0
Gibraltar,Montenegro,42.5,19.3,2002/5/20,0,0,0
Australian Capital Territory,Kyrgyzstan,41.2044,74.7661,2002/5/20,0,0,0
United Kingdom,Mauritius,-20.2,57.5,2002/5/20,0,0,0
French Polynesia,Netherlands,12.5186,-70.0358,2002/5/20,0,0,0
Manitoba,Zambia,-15.4167,28.2833,2002/5/20,0,0,0
Saskatchewan,Djibouti,11.8251,42.5903,2002/5/20,0,0,0
Grand Princess,"Gambia, The",13.4432,-15.3101,2002/5/20,0,0,0
Alabama,United Kingdom,16.7425,-62.1874,2002/5/20,0,0,0
Puerto Rico,"Bahamas, The",25.0343,-77.3963,2002/5/20,0,0,0
French Guiana,Denmark,71.7069,-42.6043,2002/5/20,0,0,0
Guam,France,-20.9043,165.618,2002/5/20,0,0,0
Newfoundland and Labrador,United Kingdom,32.3078,-64.7505,2002/5/20,0,0,0
Prince Edward Island,Chad,15.4542,18.7322,2002/5/20,0,0,0
Mayotte,El Salvador,13.7942,-88.8965,2002/5/20,0,0,0
Netherlands,Fiji,-17.7134,178.065,2002/5/20,0,0,0
Nova Scotia,Nicaragua,12.8654,-85.2072,2002/5/20,0,0,0
Guadeloupe,Madagascar,-18.7669,46.8691,2002/5/20,0,0,0
Curacao,Haiti,18.9712,-72.2852,2002/5/20,0,0,0
Virgin Islands,Angola,-11.2027,17.8739,2002/5/20,0,0,0
Cayman Islands,Cabo Verde,16.5388,-23.0418,2002/5/20,0,0,0
Reunion,Netherlands,18.0425,-63.0548,2002/5/20,0,0,0
Aruba,Niger,17.6078,8.0817,2002/5/20,0,0,0
Montserrat,Papua New Guinea,-6.315,143.9555,2002/5/20,0,0,0
Greenland,United Kingdom,54.2361,-4.5481,2002/5/20,0,0,0
New Caledonia,Zimbabwe,-20,30,2002/5/20,0,0,0
Bermuda,Canada,64.8255,-124.8457,2002/5/20,0,0,0
Sint Maarten,Cape Verde,15.1111,-23.6167,2002/5/20,0,0,0
Isle of Man,East Timor,-8.55,125.56,2002/5/20,0,0,0
Northwest Territories,Eritrea,15.1794,39.7823,2002/5/20,0,0,0
British Columbia,Uganda,1,32,2002/5/20,0,0,0
New South Wales,Dominica,15.415,-61.371,2002/5/20,0,0,0
Victoria,Grenada,12.1165,-61.679,2002/5/20,0,0,0
Queensland,Mozambique,-18.6657,35.5296,2002/5/20,0,0,0
South Australia,Syria,34.8021,38.9968,2002/5/20,0,0,0
From Diamond Princess,Timor-Leste,-8.8742,125.7275,2002/5/20,0,0,0
Western Australia,Thailand,15,101,2002/6/20,25,0,5
Tasmania,Japan,36,138,2002/6/20,45,0,1
Northern Territory,Singapore,1.2833,103.8333,2002/6/20,28,0,0
Ontario,Nepal,28.1667,84.25,2002/6/20,1,0,0
Alberta,Malaysia,2.5,112.5,2002/6/20,12,0,0
Quebec,Canada,49.2827,-123.1207,2002/6/20,2,0,0
Washington,Australia,-33.8688,151.2093,2002/6/20,4,0,2
New York,Australia,-37.8136,144.9631,2002/6/20,4,0,0
California,Australia,-28.0167,153.4,2002/6/20,4,0,0
Massachusetts,Cambodia,11.55,104.9167,2002/6/20,1,0,0
Diamond Princess,Sri Lanka,7,81,2002/6/20,1,0,0
Grand Princess,Germany,51,9,2002/6/20,12,0,0
Georgia,Finland,64,26,2002/6/20,1,0,0
Colorado,United Arab Emirates,24,54,2002/6/20,5,0,0
Florida,Philippines,13,122,2002/6/20,2,1,0
New Jersey,India,21,78,2002/6/20,3,0,0
Oregon,Italy,43,12,2002/6/20,2,0,0
Texas,Sweden,63,16,2002/6/20,1,0,0
Illinois,Spain,40,-4,2002/6/20,1,0,0
Pennsylvania,Australia,-34.9285,138.6007,2002/6/20,2,0,0
Iowa,Belgium,50.8333,4,2002/6/20,1,0,0
Maryland,Egypt,26,30,2002/6/20,0,0,0
North Carolina,Australia,35.4437,139.638,2002/6/20,0,0,0
South Carolina,Lebanon,33.8547,35.8623,2002/6/20,0,0,0
Tennessee,Iraq,33,44,2002/6/20,0,0,0
Virginia,Oman,21,57,2002/6/20,0,0,0
Arizona,Afghanistan,33,65,2002/6/20,0,0,0
Indiana,Bahrain,26.0275,50.55,2002/6/20,0,0,0
Kentucky,Kuwait,29.5,47.75,2002/6/20,0,0,0
District of Columbia,Algeria,28.0339,1.6596,2002/6/20,0,0,0
Nevada,Croatia,45.1,15.2,2002/6/20,0,0,0
New Hampshire,Switzerland,46.8182,8.2275,2002/6/20,0,0,0
Minnesota,Austria,47.5162,14.5501,2002/6/20,0,0,0
Nebraska,Israel,31,35,2002/6/20,0,0,0
Ohio,Pakistan,30.3753,69.3451,2002/6/20,0,0,0
Rhode Island,Brazil,-14.235,-51.9253,2002/6/20,0,0,0
Wisconsin,Georgia,42.3154,43.3569,2002/6/20,0,0,0
Connecticut,Greece,39.0742,21.8243,2002/6/20,0,0,0
Hawaii,North Macedonia,41.6086,21.7453,2002/6/20,0,0,0
Oklahoma,Norway,60.472,8.4689,2002/6/20,0,0,0
Utah,Romania,45.9432,24.9668,2002/6/20,0,0,0
Kansas,Estonia,58.5953,25.0136,2002/6/20,0,0,0
Louisiana,San Marino,43.9424,12.4578,2002/6/20,0,0,0
Missouri,Belarus,53.7098,27.9534,2002/6/20,0,0,0
Vermont,Iceland,64.9631,-19.0208,2002/6/20,0,0,0
Alaska,Lithuania,55.1694,23.8813,2002/6/20,0,0,0
Arkansas,Mexico,23.6345,-102.5528,2002/6/20,0,0,0
Delaware,New Zealand,-40.9006,174.886,2002/6/20,0,0,0
Idaho,Nigeria,9.082,8.6753,2002/6/20,0,0,0
Maine,Australia,-31.9505,115.8605,2002/6/20,0,0,0
Michigan,Ireland,53.1424,-7.6921,2002/6/20,0,0,0
Mississippi,Luxembourg,49.8153,6.1296,2002/6/20,0,0,0
Montana,Monaco,43.7333,7.4167,2002/6/20,0,0,0
New Mexico,Qatar,25.3548,51.1839,2002/6/20,0,0,0
North Dakota,Ecuador,-1.8312,-78.1834,2002/6/20,0,0,0
South Dakota,Azerbaijan,40.1431,47.5769,2002/6/20,0,0,0
West Virginia,Armenia,40.0691,45.0382,2002/6/20,0,0,0
Wyoming,Dominican Republic,18.7357,-70.1627,2002/6/20,0,0,0
France,Indonesia,-0.7893,113.9213,2002/6/20,0,0,0
Diamond Princess,Portugal,39.3999,-8.2245,2002/6/20,0,0,0
Denmark,Andorra,42.5063,1.5218,2002/6/20,0,0,0
Faroe Islands,Australia,-41.4545,145.9707,2002/6/20,0,0,0
St Martin,Latvia,56.8796,24.6032,2002/6/20,0,0,0
Channel Islands,Morocco,31.7917,-7.0926,2002/6/20,0,0,0
New Brunswick,Saudi Arabia,24,45,2002/6/20,0,0,0
Saint Barthelemy,Senegal,14.4974,-14.4524,2002/6/20,0,0,0
Gibraltar,Argentina,-38.4161,-63.6167,2002/6/20,0,0,0
Australian Capital Territory,Chile,-35.6751,-71.543,2002/6/20,0,0,0
United Kingdom,Jordan,31.24,36.51,2002/6/20,0,0,0
French Polynesia,Ukraine,48.3794,31.1656,2002/6/20,0,0,0
Manitoba,Hungary,47.1625,19.5033,2002/6/20,0,0,0
Saskatchewan,Australia,-12.4634,130.8456,2002/6/20,0,0,0
Grand Princess,Liechtenstein,47.14,9.55,2002/6/20,0,0,0
Alabama,Poland,51.9194,19.1451,2002/6/20,0,0,0
Puerto Rico,Tunisia,34,9,2002/6/20,0,0,0
French Guiana,Bosnia and Herzegovina,43.9159,17.6791,2002/6/20,0,0,0
Guam,Slovenia,46.1512,14.9955,2002/6/20,0,0,0
Newfoundland and Labrador,South Africa,-30.5595,22.9375,2002/6/20,0,0,0
Prince Edward Island,Bhutan,27.5142,90.4336,2002/6/20,0,0,0
Mayotte,Cameroon,3.848,11.5021,2002/6/20,0,0,0
Netherlands,Colombia,4.5709,-74.2973,2002/6/20,0,0,0
Nova Scotia,Costa Rica,9.7489,-83.7534,2002/6/20,0,0,0
Guadeloupe,Peru,-9.19,-75.0152,2002/6/20,0,0,0
Curacao,Serbia,44.0165,21.0059,2002/6/20,0,0,0
Virgin Islands,Slovakia,48.669,19.699,2002/6/20,0,0,0
Cayman Islands,Togo,8.6195,0.8248,2002/6/20,0,0,0
Reunion,Malta,35.9375,14.3754,2002/6/20,0,0,0
Aruba,Martinique,14.6415,-61.0242,2002/6/20,0,0,0
Montserrat,Bulgaria,42.7339,25.4858,2002/6/20,0,0,0
Greenland,Maldives,3.2028,73.2207,2002/6/20,0,0,0
New Caledonia,Bangladesh,23.685,90.3563,2002/6/20,0,0,0
Bermuda,Paraguay,-23.4425,-58.4438,2002/6/20,0,0,0
Sint Maarten,Canada,51.2538,-85.3232,2002/6/20,3,0,0
Isle of Man,Canada,53.9333,-116.5765,2002/6/20,0,0,0
Northwest Territories,Canada,52.9399,-73.5491,2002/6/20,0,0,0
British Columbia,Albania,41.1533,20.1683,2002/6/20,0,0,0
New South Wales,Cyprus,35.1264,33.4299,2002/6/20,0,0,0
Victoria,Brunei,4.5353,114.7277,2002/6/20,0,0,0
Queensland,US,47.4009,-121.4905,2002/6/20,0,0,0
South Australia,US,42.1657,-74.9481,2002/6/20,0,0,0
From Diamond Princess,US,36.1162,-119.6816,2002/6/20,0,0,0
Western Australia,US,42.2302,-71.5301,2002/6/20,0,0,0
Tasmania,US,35.4437,139.638,2002/6/20,0,0,0
Northern Territory,US,37.6489,-122.6655,2002/6/20,0,0,0
Ontario,US,33.0406,-83.6431,2002/6/20,0,0,0
Alberta,US,39.0598,-105.3111,2002/6/20,0,0,0
Quebec,US,27.7663,-81.6868,2002/6/20,0,0,0
Washington,US,40.2989,-74.521,2002/6/20,0,0,0
New York,US,44.572,-122.0709,2002/6/20,0,0,0
California,US,31.0545,-97.5635,2002/6/20,0,0,0
Massachusetts,US,40.3495,-88.9861,2002/6/20,0,0,0
Diamond Princess,US,40.5908,-77.2098,2002/6/20,0,0,0
Grand Princess,US,42.0115,-93.2105,2002/6/20,0,0,0
Georgia,US,39.0639,-76.8021,2002/6/20,0,0,0
Colorado,US,35.6301,-79.8064,2002/6/20,0,0,0
Florida,US,33.8569,-80.945,2002/6/20,0,0,0
New Jersey,US,35.7478,-86.6923,2002/6/20,0,0,0
Oregon,US,37.7693,-78.17,2002/6/20,0,0,0
Texas,US,33.7298,-111.4312,2002/6/20,0,0,0
Illinois,US,39.8494,-86.2583,2002/6/20,0,0,0
Pennsylvania,US,37.6681,-84.6701,2002/6/20,0,0,0
Iowa,US,38.8974,-77.0268,2002/6/20,0,0,0
Maryland,US,38.3135,-117.0554,2002/6/20,0,0,0
North Carolina,US,43.4525,-71.5639,2002/6/20,0,0,0
South Carolina,US,45.6945,-93.9002,2002/6/20,0,0,0
Tennessee,US,41.1254,-98.2681,2002/6/20,0,0,0
Virginia,US,40.3888,-82.7649,2002/6/20,0,0,0
Arizona,US,41.6809,-71.5118,2002/6/20,0,0,0
Indiana,US,44.2685,-89.6165,2002/6/20,0,0,0
Kentucky,US,41.5978,-72.7554,2002/6/20,0,0,0
District of Columbia,US,21.0943,-157.4983,2002/6/20,0,0,0
Nevada,US,35.5653,-96.9289,2002/6/20,0,0,0
New Hampshire,US,40.15,-111.8624,2002/6/20,0,0,0
Minnesota,Burkina Faso,12.2383,-1.5616,2002/6/20,0,0,0
Nebraska,Holy See,41.9029,12.4534,2002/6/20,0,0,0
Ohio,Mongolia,46.8625,103.8467,2002/6/20,0,0,0
Rhode Island,Panama,8.538,-80.7821,2002/6/20,0,0,0
Wisconsin,US,38.5266,-96.7265,2002/6/20,0,0,0
Connecticut,US,31.1695,-91.8678,2002/6/20,0,0,0
Hawaii,US,38.4561,-92.2884,2002/6/20,0,0,0
Oklahoma,US,44.0459,-72.7107,2002/6/20,0,0,0
Utah,US,61.3707,-152.4044,2002/6/20,0,0,0
Kansas,US,34.9697,-92.3731,2002/6/20,0,0,0
Louisiana,US,39.3185,-75.5071,2002/6/20,0,0,0
Missouri,US,44.2405,-114.4788,2002/6/20,0,0,0
Vermont,US,44.6939,-69.3819,2002/6/20,0,0,0
Alaska,US,43.3266,-84.5361,2002/6/20,0,0,0
Arkansas,US,32.7416,-89.6787,2002/6/20,0,0,0
Delaware,US,46.9219,-110.4544,2002/6/20,0,0,0
Idaho,US,34.8405,-106.2485,2002/6/20,0,0,0
Maine,US,47.5289,-99.784,2002/6/20,0,0,0
Michigan,US,44.2998,-99.4388,2002/6/20,0,0,0
Mississippi,US,38.4912,-80.9545,2002/6/20,0,0,0
Montana,US,42.756,-107.3025,2002/6/20,0,0,0
New Mexico,Iran,32,53,2002/6/20,0,0,0
North Dakota,South Korea,36,128,2002/6/20,23,0,0
South Dakota,France,46.2276,2.2137,2002/6/20,6,0,0
West Virginia,Cruise Ship,35.4437,139.638,2002/6/20,0,0,0
Wyoming,Denmark,56.2639,9.5018,2002/6/20,0,0,0
France,Czechia,49.8175,15.473,2002/6/20,0,0,0
Diamond Princess,Taiwan*,23.7,121,2002/6/20,16,0,1
Denmark,Vietnam,16,108,2002/6/20,10,0,1
Faroe Islands,Russia,60,90,2002/6/20,2,0,0
St Martin,Moldova,47.4116,28.3699,2002/6/20,0,0,0
Channel Islands,Bolivia,-16.2902,-63.5887,2002/6/20,0,0,0
New Brunswick,Denmark,61.8926,-6.9118,2002/6/20,0,0,0
Saint Barthelemy,France,18.0708,-63.0501,2002/6/20,0,0,0
Gibraltar,Honduras,15.2,-86.2419,2002/6/20,0,0,0
Australian Capital Territory,United Kingdom,49.3723,-2.3644,2002/6/20,0,0,0
United Kingdom,Canada,46.5653,-66.4619,2002/6/20,0,0,0
French Polynesia,Congo (Kinshasa),-4.0383,21.7587,2002/6/20,0,0,0
Manitoba,Cote d'Ivoire,7.54,-5.5471,2002/6/20,0,0,0
Saskatchewan,France,17.9,-62.8333,2002/6/20,0,0,0
Grand Princess,Jamaica,18.1096,-77.2975,2002/6/20,0,0,0
Alabama,Turkey,38.9637,35.2433,2002/6/20,0,0,0
Puerto Rico,United Kingdom,36.1408,-5.3536,2002/6/20,0,0,0
French Guiana,Cuba,22,-80,2002/6/20,0,0,0
Guam,Guyana,5,-58.75,2002/6/20,0,0,0
Newfoundland and Labrador,Australia,-35.4735,149.0124,2002/6/20,0,0,0
Prince Edward Island,United Kingdom,55.3781,-3.436,2002/6/20,2,0,0
Mayotte,Kazakhstan,48.0196,66.9237,2002/6/20,0,0,0
Netherlands,France,-17.6797,149.4068,2002/6/20,0,0,0
Nova Scotia,Canada,53.7609,-98.8139,2002/6/20,0,0,0
Guadeloupe,Canada,52.9399,-106.4509,2002/6/20,0,0,0
Curacao,Ethiopia,9.145,40.4897,2002/6/20,0,0,0
Virgin Islands,Sudan,12.8628,30.2176,2002/6/20,0,0,0
Cayman Islands,Guinea,9.9456,-9.6966,2002/6/20,0,0,0
Reunion,Canada,37.6489,-122.6655,2002/6/20,0,0,0
Aruba,Kenya,-0.0236,37.9062,2002/6/20,0,0,0
Montserrat,Antigua and Barbuda,17.0608,-61.7964,2002/6/20,0,0,0
Greenland,US,32.3182,-86.9023,2002/6/20,0,0,0
New Caledonia,Uruguay,-32.5228,-55.7658,2002/6/20,0,0,0
Bermuda,Ghana,7.9465,-1.0232,2002/6/20,0,0,0
Sint Maarten,US,18.2208,-66.5901,2002/6/20,0,0,0
Isle of Man,Namibia,-22.9576,18.4904,2002/6/20,0,0,0
Northwest Territories,Seychelles,-4.6796,55.492,2002/6/20,0,0,0
British Columbia,Trinidad and Tobago,10.6918,-61.2225,2002/6/20,0,0,0
New South Wales,Venezuela,6.4238,-66.5897,2002/6/20,0,0,0
Victoria,Eswatini,-26.5225,31.4659,2002/6/20,0,0,0
Queensland,Gabon,-0.8037,11.6094,2002/6/20,0,0,0
South Australia,Guatemala,15.7835,-90.2308,2002/6/20,0,0,0
From Diamond Princess,Mauritania,21.0079,10.9408,2002/6/20,0,0,0
Western Australia,Rwanda,-1.9403,29.8739,2002/6/20,0,0,0
Tasmania,Saint Lucia,13.9094,-60.9789,2002/6/20,0,0,0
Northern Territory,Saint Vincent and the Grenadines,12.9843,-61.2872,2002/6/20,0,0,0
Ontario,Suriname,3.9193,-56.0278,2002/6/20,0,0,0
Alberta,France,3.9339,-53.1258,2002/6/20,0,0,0
Quebec,US,13.4443,144.7937,2002/6/20,0,0,0
Washington,Kosovo,42.6026,20.903,2002/6/20,0,0,0
New York,Canada,53.1355,-57.6604,2002/6/20,0,0,0
California,Canada,46.5107,-63.4168,2002/6/20,0,0,0
Massachusetts,Central African Republic,6.6111,20.9394,2002/6/20,0,0,0
Diamond Princess,Congo (Brazzaville),-4.0383,21.7587,2002/6/20,0,0,0
Grand Princess,Equatorial Guinea,1.5,10,2002/6/20,0,0,0
Georgia,France,-12.8275,45.1662,2002/6/20,0,0,0
Colorado,Uzbekistan,41.3775,64.5853,2002/6/20,0,0,0
Florida,Netherlands,52.1326,5.2913,2002/6/20,0,0,0
New Jersey,Canada,44.682,-63.7443,2002/6/20,0,0,0
Oregon,France,16.25,-61.5833,2002/6/20,0,0,0
Texas,Benin,9.3077,2.3158,2002/6/20,0,0,0
Illinois,Liberia,6.4281,-9.4295,2002/6/20,0,0,0
Pennsylvania,Netherlands,12.1696,-68.99,2002/6/20,0,0,0
Iowa,Somalia,5.1521,46.1996,2002/6/20,0,0,0
Maryland,Tanzania,-6.369,34.8888,2002/6/20,0,0,0
North Carolina,US,18.3358,-64.8963,2002/6/20,0,0,0
South Carolina,United Kingdom,19.3133,-81.2546,2002/6/20,0,0,0
Tennessee,France,-21.1351,55.2471,2002/6/20,0,0,0
Virginia,Barbados,13.1939,-59.5432,2002/6/20,0,0,0
Arizona,Montenegro,42.5,19.3,2002/6/20,0,0,0
Indiana,Kyrgyzstan,41.2044,74.7661,2002/6/20,0,0,0
Kentucky,Mauritius,-20.2,57.5,2002/6/20,0,0,0
District of Columbia,Netherlands,12.5186,-70.0358,2002/6/20,0,0,0
Nevada,Zambia,-15.4167,28.2833,2002/6/20,0,0,0
New Hampshire,Djibouti,11.8251,42.5903,2002/6/20,0,0,0
Minnesota,"Gambia, The",13.4432,-15.3101,2002/6/20,0,0,0
Nebraska,United Kingdom,16.7425,-62.1874,2002/6/20,0,0,0
Ohio,"Bahamas, The",25.0343,-77.3963,2002/6/20,0,0,0
Rhode Island,Denmark,71.7069,-42.6043,2002/6/20,0,0,0
Wisconsin,France,-20.9043,165.618,2002/6/20,0,0,0
Connecticut,United Kingdom,32.3078,-64.7505,2002/6/20,0,0,0
Hawaii,Chad,15.4542,18.7322,2002/6/20,0,0,0
Oklahoma,El Salvador,13.7942,-88.8965,2002/6/20,0,0,0
Utah,Fiji,-17.7134,178.065,2002/6/20,0,0,0
Kansas,Nicaragua,12.8654,-85.2072,2002/6/20,0,0,0
Louisiana,Madagascar,-18.7669,46.8691,2002/6/20,0,0,0
Missouri,Haiti,18.9712,-72.2852,2002/6/20,0,0,0
Vermont,Angola,-11.2027,17.8739,2002/6/20,0,0,0
Alaska,Cabo Verde,16.5388,-23.0418,2002/6/20,0,0,0
Arkansas,Netherlands,18.0425,-63.0548,2002/6/20,0,0,0
Delaware,Niger,17.6078,8.0817,2002/6/20,0,0,0
Idaho,Papua New Guinea,-6.315,143.9555,2002/6/20,0,0,0
Maine,United Kingdom,54.2361,-4.5481,2002/6/20,0,0,0
Michigan,Zimbabwe,-20,30,2002/6/20,0,0,0
Mississippi,Canada,64.8255,-124.8457,2002/6/20,0,0,0
Montana,Cape Verde,15.1111,-23.6167,2002/6/20,0,0,0
New Mexico,East Timor,-8.55,125.56,2002/6/20,0,0,0
North Dakota,Eritrea,15.1794,39.7823,2002/6/20,0,0,0
South Dakota,Uganda,1,32,2002/6/20,0,0,0
West Virginia,Dominica,15.415,-61.371,2002/6/20,0,0,0
Wyoming,Grenada,12.1165,-61.679,2002/6/20,0,0,0
France,Mozambique,-18.6657,35.5296,2002/6/20,0,0,0
Diamond Princess,Syria,34.8021,38.9968,2002/6/20,0,0,0
Denmark,Timor-Leste,-8.8742,125.7275,2002/6/20,0,0,0
Faroe Islands,Thailand,15,101,2002/7/20,25,0,5
St Martin,Japan,36,138,2002/7/20,25,0,1
Channel Islands,Singapore,1.2833,103.8333,2002/7/20,30,0,0
New Brunswick,Nepal,28.1667,84.25,2002/7/20,1,0,0
Saint Barthelemy,Malaysia,2.5,112.5,2002/7/20,12,0,1
Gibraltar,Canada,49.2827,-123.1207,2002/7/20,4,0,0
Australian Capital Territory,Australia,-33.8688,151.2093,2002/7/20,4,0,2
United Kingdom,Australia,-37.8136,144.9631,2002/7/20,4,0,0
French Polynesia,Australia,-28.0167,153.4,2002/7/20,5,0,0
Manitoba,Cambodia,11.55,104.9167,2002/7/20,1,0,0
Saskatchewan,Sri Lanka,7,81,2002/7/20,1,0,0
Grand Princess,Germany,51,9,2002/7/20,13,0,0
Alabama,Finland,64,26,2002/7/20,1,0,0
Puerto Rico,United Arab Emirates,24,54,2002/7/20,5,0,0
French Guiana,Philippines,13,122,2002/7/20,3,1,0
Guam,India,21,78,2002/7/20,3,0,0
Newfoundland and Labrador,Italy,43,12,2002/7/20,3,0,0
Prince Edward Island,Sweden,63,16,2002/7/20,1,0,0
Mayotte,Spain,40,-4,2002/7/20,1,0,0
Netherlands,Australia,-34.9285,138.6007,2002/7/20,2,0,0
Nova Scotia,Belgium,50.8333,4,2002/7/20,1,0,0
Guadeloupe,Egypt,26,30,2002/7/20,0,0,0
Curacao,Australia,35.4437,139.638,2002/7/20,0,0,0
Virgin Islands,Lebanon,33.8547,35.8623,2002/7/20,0,0,0
Cayman Islands,Iraq,33,44,2002/7/20,0,0,0
Reunion,Oman,21,57,2002/7/20,0,0,0
Aruba,Afghanistan,33,65,2002/7/20,0,0,0
Montserrat,Bahrain,26.0275,50.55,2002/7/20,0,0,0
Greenland,Kuwait,29.5,47.75,2002/7/20,0,0,0
New Caledonia,Algeria,28.0339,1.6596,2002/7/20,0,0,0
Bermuda,Croatia,45.1,15.2,2002/7/20,0,0,0
Sint Maarten,Switzerland,46.8182,8.2275,2002/7/20,0,0,0
Isle of Man,Austria,47.5162,14.5501,2002/7/20,0,0,0
Northwest Territories,Israel,31,35,2002/7/20,0,0,0
British Columbia,Pakistan,30.3753,69.3451,2002/7/20,0,0,0
New South Wales,Brazil,-14.235,-51.9253,2002/7/20,0,0,0
Victoria,Georgia,42.3154,43.3569,2002/7/20,0,0,0
Queensland,Greece,39.0742,21.8243,2002/7/20,0,0,0
South Australia,North Macedonia,41.6086,21.7453,2002/7/20,0,0,0
From Diamond Princess,Norway,60.472,8.4689,2002/7/20,0,0,0
Western Australia,Romania,45.9432,24.9668,2002/7/20,0,0,0
Tasmania,Estonia,58.5953,25.0136,2002/7/20,0,0,0
Northern Territory,San Marino,43.9424,12.4578,2002/7/20,0,0,0
Ontario,Belarus,53.7098,27.9534,2002/7/20,0,0,0
Alberta,Iceland,64.9631,-19.0208,2002/7/20,0,0,0
Quebec,Lithuania,55.1694,23.8813,2002/7/20,0,0,0
Washington,Mexico,23.6345,-102.5528,2002/7/20,0,0,0
New York,New Zealand,-40.9006,174.886,2002/7/20,0,0,0
California,Nigeria,9.082,8.6753,2002/7/20,0,0,0
Massachusetts,Australia,-31.9505,115.8605,2002/7/20,0,0,0
Diamond Princess,Ireland,53.1424,-7.6921,2002/7/20,0,0,0
Grand Princess,Luxembourg,49.8153,6.1296,2002/7/20,0,0,0
Georgia,Monaco,43.7333,7.4167,2002/7/20,0,0,0
Colorado,Qatar,25.3548,51.1839,2002/7/20,0,0,0
Florida,Ecuador,-1.8312,-78.1834,2002/7/20,0,0,0
New Jersey,Azerbaijan,40.1431,47.5769,2002/7/20,0,0,0
Oregon,Armenia,40.0691,45.0382,2002/7/20,0,0,0
Texas,Dominican Republic,18.7357,-70.1627,2002/7/20,0,0,0
Illinois,Indonesia,-0.7893,113.9213,2002/7/20,0,0,0
Pennsylvania,Portugal,39.3999,-8.2245,2002/7/20,0,0,0
Iowa,Andorra,42.5063,1.5218,2002/7/20,0,0,0
Maryland,Australia,-41.4545,145.9707,2002/7/20,0,0,0
North Carolina,Latvia,56.8796,24.6032,2002/7/20,0,0,0
South Carolina,Morocco,31.7917,-7.0926,2002/7/20,0,0,0
Tennessee,Saudi Arabia,24,45,2002/7/20,0,0,0
Virginia,Senegal,14.4974,-14.4524,2002/7/20,0,0,0
Arizona,Argentina,-38.4161,-63.6167,2002/7/20,0,0,0
Indiana,Chile,-35.6751,-71.543,2002/7/20,0,0,0
Kentucky,Jordan,31.24,36.51,2002/7/20,0,0,0
District of Columbia,Ukraine,48.3794,31.1656,2002/7/20,0,0,0
Nevada,Hungary,47.1625,19.5033,2002/7/20,0,0,0
New Hampshire,Australia,-12.4634,130.8456,2002/7/20,0,0,0
Minnesota,Liechtenstein,47.14,9.55,2002/7/20,0,0,0
Nebraska,Poland,51.9194,19.1451,2002/7/20,0,0,0
Ohio,Tunisia,34,9,2002/7/20,0,0,0
Rhode Island,Bosnia and Herzegovina,43.9159,17.6791,2002/7/20,0,0,0
Wisconsin,Slovenia,46.1512,14.9955,2002/7/20,0,0,0
Connecticut,South Africa,-30.5595,22.9375,2002/7/20,0,0,0
Hawaii,Bhutan,27.5142,90.4336,2002/7/20,0,0,0
Oklahoma,Cameroon,3.848,11.5021,2002/7/20,0,0,0
Utah,Colombia,4.5709,-74.2973,2002/7/20,0,0,0
Kansas,Costa Rica,9.7489,-83.7534,2002/7/20,0,0,0
Louisiana,Peru,-9.19,-75.0152,2002/7/20,0,0,0
Missouri,Serbia,44.0165,21.0059,2002/7/20,0,0,0
Vermont,Slovakia,48.669,19.699,2002/7/20,0,0,0
Alaska,Togo,8.6195,0.8248,2002/7/20,0,0,0
Arkansas,Malta,35.9375,14.3754,2002/7/20,0,0,0
Delaware,Martinique,14.6415,-61.0242,2002/7/20,0,0,0
Idaho,Bulgaria,42.7339,25.4858,2002/7/20,0,0,0
Maine,Maldives,3.2028,73.2207,2002/7/20,0,0,0
Michigan,Bangladesh,23.685,90.3563,2002/7/20,0,0,0
Mississippi,Paraguay,-23.4425,-58.4438,2002/7/20,0,0,0
Montana,Canada,51.2538,-85.3232,2002/7/20,3,0,0
New Mexico,Canada,53.9333,-116.5765,2002/7/20,0,0,0
North Dakota,Canada,52.9399,-73.5491,2002/7/20,0,0,0
South Dakota,Albania,41.1533,20.1683,2002/7/20,0,0,0
West Virginia,Cyprus,35.1264,33.4299,2002/7/20,0,0,0
Wyoming,Brunei,4.5353,114.7277,2002/7/20,0,0,0
France,US,47.4009,-121.4905,2002/7/20,0,0,0
Diamond Princess,US,42.1657,-74.9481,2002/7/20,0,0,0
Denmark,US,36.1162,-119.6816,2002/7/20,0,0,0
Faroe Islands,US,42.2302,-71.5301,2002/7/20,0,0,0
St Martin,US,35.4437,139.638,2002/7/20,0,0,0
Channel Islands,US,37.6489,-122.6655,2002/7/20,0,0,0
New Brunswick,US,33.0406,-83.6431,2002/7/20,0,0,0
Saint Barthelemy,US,39.0598,-105.3111,2002/7/20,0,0,0
Gibraltar,US,27.7663,-81.6868,2002/7/20,0,0,0
Australian Capital Territory,US,40.2989,-74.521,2002/7/20,0,0,0
United Kingdom,US,44.572,-122.0709,2002/7/20,0,0,0
French Polynesia,US,31.0545,-97.5635,2002/7/20,0,0,0
Manitoba,US,40.3495,-88.9861,2002/7/20,0,0,0
Saskatchewan,US,40.5908,-77.2098,2002/7/20,0,0,0
Grand Princess,US,42.0115,-93.2105,2002/7/20,0,0,0
Alabama,US,39.0639,-76.8021,2002/7/20,0,0,0
Puerto Rico,US,35.6301,-79.8064,2002/7/20,0,0,0
French Guiana,US,33.8569,-80.945,2002/7/20,0,0,0
Guam,US,35.7478,-86.6923,2002/7/20,0,0,0
Newfoundland and Labrador,US,37.7693,-78.17,2002/7/20,0,0,0
Prince Edward Island,US,33.7298,-111.4312,2002/7/20,0,0,0
Mayotte,US,39.8494,-86.2583,2002/7/20,0,0,0
Netherlands,US,37.6681,-84.6701,2002/7/20,0,0,0
Nova Scotia,US,38.8974,-77.0268,2002/7/20,0,0,0
Guadeloupe,US,38.3135,-117.0554,2002/7/20,0,0,0
Curacao,US,43.4525,-71.5639,2002/7/20,0,0,0
Virgin Islands,US,45.6945,-93.9002,2002/7/20,0,0,0
Cayman Islands,US,41.1254,-98.2681,2002/7/20,0,0,0
Reunion,US,40.3888,-82.7649,2002/7/20,0,0,0
Aruba,US,41.6809,-71.5118,2002/7/20,0,0,0
Montserrat,US,44.2685,-89.6165,2002/7/20,0,0,0
Greenland,US,41.5978,-72.7554,2002/7/20,0,0,0
New Caledonia,US,21.0943,-157.4983,2002/7/20,0,0,0
Bermuda,US,35.5653,-96.9289,2002/7/20,0,0,0
Sint Maarten,US,40.15,-111.8624,2002/7/20,0,0,0
Isle of Man,Burkina Faso,12.2383,-1.5616,2002/7/20,0,0,0
Northwest Territories,Holy See,41.9029,12.4534,2002/7/20,0,0,0
British Columbia,Mongolia,46.8625,103.8467,2002/7/20,0,0,0
New South Wales,Panama,8.538,-80.7821,2002/7/20,0,0,0
Victoria,US,38.5266,-96.7265,2002/7/20,0,0,0
Queensland,US,31.1695,-91.8678,2002/7/20,0,0,0
South Australia,US,38.4561,-92.2884,2002/7/20,0,0,0
From Diamond Princess,US,44.0459,-72.7107,2002/7/20,0,0,0
Western Australia,US,61.3707,-152.4044,2002/7/20,0,0,0
Tasmania,US,34.9697,-92.3731,2002/7/20,0,0,0
Northern Territory,US,39.3185,-75.5071,2002/7/20,0,0,0
Ontario,US,44.2405,-114.4788,2002/7/20,0,0,0
Alberta,US,44.6939,-69.3819,2002/7/20,0,0,0
Quebec,US,43.3266,-84.5361,2002/7/20,0,0,0
Washington,US,32.7416,-89.6787,2002/7/20,0,0,0
New York,US,46.9219,-110.4544,2002/7/20,0,0,0
California,US,34.8405,-106.2485,2002/7/20,0,0,0
Massachusetts,US,47.5289,-99.784,2002/7/20,0,0,0
Diamond Princess,US,44.2998,-99.4388,2002/7/20,0,0,0
Grand Princess,US,38.4912,-80.9545,2002/7/20,0,0,0
Georgia,US,42.756,-107.3025,2002/7/20,0,0,0
Colorado,Iran,32,53,2002/7/20,0,0,0
Florida,South Korea,36,128,2002/7/20,24,0,1
New Jersey,France,46.2276,2.2137,2002/7/20,6,0,0
Oregon,Cruise Ship,35.4437,139.638,2002/7/20,61,0,0
Texas,Denmark,56.2639,9.5018,2002/7/20,0,0,0
Illinois,Czechia,49.8175,15.473,2002/7/20,0,0,0
Pennsylvania,Taiwan*,23.7,121,2002/7/20,16,0,1
Iowa,Vietnam,16,108,2002/7/20,10,0,1
Maryland,Russia,60,90,2002/7/20,2,0,0
North Carolina,Moldova,47.4116,28.3699,2002/7/20,0,0,0
South Carolina,Bolivia,-16.2902,-63.5887,2002/7/20,0,0,0
Tennessee,Denmark,61.8926,-6.9118,2002/7/20,0,0,0
Virginia,France,18.0708,-63.0501,2002/7/20,0,0,0
Arizona,Honduras,15.2,-86.2419,2002/7/20,0,0,0
Indiana,United Kingdom,49.3723,-2.3644,2002/7/20,0,0,0
Kentucky,Canada,46.5653,-66.4619,2002/7/20,0,0,0
District of Columbia,Congo (Kinshasa),-4.0383,21.7587,2002/7/20,0,0,0
Nevada,Cote d'Ivoire,7.54,-5.5471,2002/7/20,0,0,0
New Hampshire,France,17.9,-62.8333,2002/7/20,0,0,0
Minnesota,Jamaica,18.1096,-77.2975,2002/7/20,0,0,0
Nebraska,Turkey,38.9637,35.2433,2002/7/20,0,0,0
Ohio,United Kingdom,36.1408,-5.3536,2002/7/20,0,0,0
Rhode Island,Cuba,22,-80,2002/7/20,0,0,0
Wisconsin,Guyana,5,-58.75,2002/7/20,0,0,0
Connecticut,Australia,-35.4735,149.0124,2002/7/20,0,0,0
Hawaii,United Kingdom,55.3781,-3.436,2002/7/20,3,0,0
Oklahoma,Kazakhstan,48.0196,66.9237,2002/7/20,0,0,0
Utah,France,-17.6797,149.4068,2002/7/20,0,0,0
Kansas,Canada,53.7609,-98.8139,2002/7/20,0,0,0
Louisiana,Canada,52.9399,-106.4509,2002/7/20,0,0,0
Missouri,Ethiopia,9.145,40.4897,2002/7/20,0,0,0
Vermont,Sudan,12.8628,30.2176,2002/7/20,0,0,0
Alaska,Guinea,9.9456,-9.6966,2002/7/20,0,0,0
Arkansas,Canada,37.6489,-122.6655,2002/7/20,0,0,0
Delaware,Kenya,-0.0236,37.9062,2002/7/20,0,0,0
Idaho,Antigua and Barbuda,17.0608,-61.7964,2002/7/20,0,0,0
Maine,US,32.3182,-86.9023,2002/7/20,0,0,0
Michigan,Uruguay,-32.5228,-55.7658,2002/7/20,0,0,0
Mississippi,Ghana,7.9465,-1.0232,2002/7/20,0,0,0
Montana,US,18.2208,-66.5901,2002/7/20,0,0,0
New Mexico,Namibia,-22.9576,18.4904,2002/7/20,0,0,0
North Dakota,Seychelles,-4.6796,55.492,2002/7/20,0,0,0
South Dakota,Trinidad and Tobago,10.6918,-61.2225,2002/7/20,0,0,0
West Virginia,Venezuela,6.4238,-66.5897,2002/7/20,0,0,0
Wyoming,Eswatini,-26.5225,31.4659,2002/7/20,0,0,0
France,Gabon,-0.8037,11.6094,2002/7/20,0,0,0
Diamond Princess,Guatemala,15.7835,-90.2308,2002/7/20,0,0,0
Denmark,Mauritania,21.0079,10.9408,2002/7/20,0,0,0
Faroe Islands,Rwanda,-1.9403,29.8739,2002/7/20,0,0,0
St Martin,Saint Lucia,13.9094,-60.9789,2002/7/20,0,0,0
Channel Islands,Saint Vincent and the Grenadines,12.9843,-61.2872,2002/7/20,0,0,0
New Brunswick,Suriname,3.9193,-56.0278,2002/7/20,0,0,0
Saint Barthelemy,France,3.9339,-53.1258,2002/7/20,0,0,0
Gibraltar,US,13.4443,144.7937,2002/7/20,0,0,0
Australian Capital Territory,Kosovo,42.6026,20.903,2002/7/20,0,0,0
United Kingdom,Canada,53.1355,-57.6604,2002/7/20,0,0,0
French Polynesia,Canada,46.5107,-63.4168,2002/7/20,0,0,0
Manitoba,Central African Republic,6.6111,20.9394,2002/7/20,0,0,0
Saskatchewan,Congo (Brazzaville),-4.0383,21.7587,2002/7/20,0,0,0
Grand Princess,Equatorial Guinea,1.5,10,2002/7/20,0,0,0
Alabama,France,-12.8275,45.1662,2002/7/20,0,0,0
Puerto Rico,Uzbekistan,41.3775,64.5853,2002/7/20,0,0,0
French Guiana,Netherlands,52.1326,5.2913,2002/7/20,0,0,0
Guam,Canada,44.682,-63.7443,2002/7/20,0,0,0
Newfoundland and Labrador,France,16.25,-61.5833,2002/7/20,0,0,0
Prince Edward Island,Benin,9.3077,2.3158,2002/7/20,0,0,0
Mayotte,Liberia,6.4281,-9.4295,2002/7/20,0,0,0
Netherlands,Netherlands,12.1696,-68.99,2002/7/20,0,0,0
Nova Scotia,Somalia,5.1521,46.1996,2002/7/20,0,0,0
Guadeloupe,Tanzania,-6.369,34.8888,2002/7/20,0,0,0
Curacao,US,18.3358,-64.8963,2002/7/20,0,0,0
Virgin Islands,United Kingdom,19.3133,-81.2546,2002/7/20,0,0,0
Cayman Islands,France,-21.1351,55.2471,2002/7/20,0,0,0
Reunion,Barbados,13.1939,-59.5432,2002/7/20,0,0,0
Aruba,Montenegro,42.5,19.3,2002/7/20,0,0,0
Montserrat,Kyrgyzstan,41.2044,74.7661,2002/7/20,0,0,0
Greenland,Mauritius,-20.2,57.5,2002/7/20,0,0,0
New Caledonia,Netherlands,12.5186,-70.0358,2002/7/20,0,0,0
Bermuda,Zambia,-15.4167,28.2833,2002/7/20,0,0,0
Sint Maarten,Djibouti,11.8251,42.5903,2002/7/20,0,0,0
Isle of Man,"Gambia, The",13.4432,-15.3101,2002/7/20,0,0,0
Northwest Territories,United Kingdom,16.7425,-62.1874,2002/7/20,0,0,0
British Columbia,"Bahamas, The",25.0343,-77.3963,2002/7/20,0,0,0
New South Wales,Denmark,71.7069,-42.6043,2002/7/20,0,0,0
Victoria,France,-20.9043,165.618,2002/7/20,0,0,0
Queensland,United Kingdom,32.3078,-64.7505,2002/7/20,0,0,0
South Australia,Chad,15.4542,18.7322,2002/7/20,0,0,0
From Diamond Princess,El Salvador,13.7942,-88.8965,2002/7/20,0,0,0
Western Australia,Fiji,-17.7134,178.065,2002/7/20,0,0,0
Tasmania,Nicaragua,12.8654,-85.2072,2002/7/20,0,0,0
Northern Territory,Madagascar,-18.7669,46.8691,2002/7/20,0,0,0
Ontario,Haiti,18.9712,-72.2852,2002/7/20,0,0,0
Alberta,Angola,-11.2027,17.8739,2002/7/20,0,0,0
Quebec,Cabo Verde,16.5388,-23.0418,2002/7/20,0,0,0
Washington,Netherlands,18.0425,-63.0548,2002/7/20,0,0,0
New York,Niger,17.6078,8.0817,2002/7/20,0,0,0
California,Papua New Guinea,-6.315,143.9555,2002/7/20,0,0,0
Massachusetts,United Kingdom,54.2361,-4.5481,2002/7/20,0,0,0
Diamond Princess,Zimbabwe,-20,30,2002/7/20,0,0,0
Grand Princess,Canada,64.8255,-124.8457,2002/7/20,0,0,0
Georgia,Cape Verde,15.1111,-23.6167,2002/7/20,0,0,0
Colorado,East Timor,-8.55,125.56,2002/7/20,0,0,0
Florida,Eritrea,15.1794,39.7823,2002/7/20,0,0,0
New Jersey,Uganda,1,32,2002/7/20,0,0,0
Oregon,Dominica,15.415,-61.371,2002/7/20,0,0,0
Texas,Grenada,12.1165,-61.679,2002/7/20,0,0,0
Illinois,Mozambique,-18.6657,35.5296,2002/7/20,0,0,0
Pennsylvania,Syria,34.8021,38.9968,2002/7/20,0,0,0
Iowa,Timor-Leste,-8.8742,125.7275,2002/7/20,0,0,0
Maryland,Thailand,15,101,2002/8/20,32,0,10
North Carolina,Japan,36,138,2002/8/20,25,0,1
South Carolina,Singapore,1.2833,103.8333,2002/8/20,33,0,2
Tennessee,Nepal,28.1667,84.25,2002/8/20,1,0,0
Virginia,Malaysia,2.5,112.5,2002/8/20,16,0,1
Arizona,Canada,49.2827,-123.1207,2002/8/20,4,0,0
Indiana,Australia,-33.8688,151.2093,2002/8/20,4,0,2
Kentucky,Australia,-37.8136,144.9631,2002/8/20,4,0,0
District of Columbia,Australia,-28.0167,153.4,2002/8/20,5,0,0
Nevada,Cambodia,11.55,104.9167,2002/8/20,1,0,0
New Hampshire,Sri Lanka,7,81,2002/8/20,1,0,1
Minnesota,Germany,51,9,2002/8/20,13,0,0
Nebraska,Finland,64,26,2002/8/20,1,0,0
Ohio,United Arab Emirates,24,54,2002/8/20,7,0,0
Rhode Island,Philippines,13,122,2002/8/20,3,1,0
Wisconsin,India,21,78,2002/8/20,3,0,0
Connecticut,Italy,43,12,2002/8/20,3,0,0
Hawaii,Sweden,63,16,2002/8/20,1,0,0
Oklahoma,Spain,40,-4,2002/8/20,1,0,0
Utah,Australia,-34.9285,138.6007,2002/8/20,2,0,0
Kansas,Belgium,50.8333,4,2002/8/20,1,0,0
Louisiana,Egypt,26,30,2002/8/20,0,0,0
Missouri,Australia,35.4437,139.638,2002/8/20,0,0,0
Vermont,Lebanon,33.8547,35.8623,2002/8/20,0,0,0
Alaska,Iraq,33,44,2002/8/20,0,0,0
Arkansas,Oman,21,57,2002/8/20,0,0,0
Delaware,Afghanistan,33,65,2002/8/20,0,0,0
Idaho,Bahrain,26.0275,50.55,2002/8/20,0,0,0
Maine,Kuwait,29.5,47.75,2002/8/20,0,0,0
Michigan,Algeria,28.0339,1.6596,2002/8/20,0,0,0
Mississippi,Croatia,45.1,15.2,2002/8/20,0,0,0
Montana,Switzerland,46.8182,8.2275,2002/8/20,0,0,0
New Mexico,Austria,47.5162,14.5501,2002/8/20,0,0,0
North Dakota,Israel,31,35,2002/8/20,0,0,0
South Dakota,Pakistan,30.3753,69.3451,2002/8/20,0,0,0
West Virginia,Brazil,-14.235,-51.9253,2002/8/20,0,0,0
Wyoming,Georgia,42.3154,43.3569,2002/8/20,0,0,0
France,Greece,39.0742,21.8243,2002/8/20,0,0,0
Diamond Princess,North Macedonia,41.6086,21.7453,2002/8/20,0,0,0
Denmark,Norway,60.472,8.4689,2002/8/20,0,0,0
Faroe Islands,Romania,45.9432,24.9668,2002/8/20,0,0,0
St Martin,Estonia,58.5953,25.0136,2002/8/20,0,0,0
Channel Islands,San Marino,43.9424,12.4578,2002/8/20,0,0,0
New Brunswick,Belarus,53.7098,27.9534,2002/8/20,0,0,0
Saint Barthelemy,Iceland,64.9631,-19.0208,2002/8/20,0,0,0
Gibraltar,Lithuania,55.1694,23.8813,2002/8/20,0,0,0
Australian Capital Territory,Mexico,23.6345,-102.5528,2002/8/20,0,0,0
United Kingdom,New Zealand,-40.9006,174.886,2002/8/20,0,0,0
French Polynesia,Nigeria,9.082,8.6753,2002/8/20,0,0,0
Manitoba,Australia,-31.9505,115.8605,2002/8/20,0,0,0
Saskatchewan,Ireland,53.1424,-7.6921,2002/8/20,0,0,0
Grand Princess,Luxembourg,49.8153,6.1296,2002/8/20,0,0,0
Alabama,Monaco,43.7333,7.4167,2002/8/20,0,0,0
Puerto Rico,Qatar,25.3548,51.1839,2002/8/20,0,0,0
French Guiana,Ecuador,-1.8312,-78.1834,2002/8/20,0,0,0
Guam,Azerbaijan,40.1431,47.5769,2002/8/20,0,0,0
Newfoundland and Labrador,Armenia,40.0691,45.0382,2002/8/20,0,0,0
Prince Edward Island,Dominican Republic,18.7357,-70.1627,2002/8/20,0,0,0
Mayotte,Indonesia,-0.7893,113.9213,2002/8/20,0,0,0
Netherlands,Portugal,39.3999,-8.2245,2002/8/20,0,0,0
Nova Scotia,Andorra,42.5063,1.5218,2002/8/20,0,0,0
Guadeloupe,Australia,-41.4545,145.9707,2002/8/20,0,0,0
Curacao,Latvia,56.8796,24.6032,2002/8/20,0,0,0
Virgin Islands,Morocco,31.7917,-7.0926,2002/8/20,0,0,0
Cayman Islands,Saudi Arabia,24,45,2002/8/20,0,0,0
Reunion,Senegal,14.4974,-14.4524,2002/8/20,0,0,0
Aruba,Argentina,-38.4161,-63.6167,2002/8/20,0,0,0
Montserrat,Chile,-35.6751,-71.543,2002/8/20,0,0,0
Greenland,Jordan,31.24,36.51,2002/8/20,0,0,0
New Caledonia,Ukraine,48.3794,31.1656,2002/8/20,0,0,0
Bermuda,Hungary,47.1625,19.5033,2002/8/20,0,0,0
Sint Maarten,Australia,-12.4634,130.8456,2002/8/20,0,0,0
Isle of Man,Liechtenstein,47.14,9.55,2002/8/20,0,0,0
Northwest Territories,Poland,51.9194,19.1451,2002/8/20,0,0,0
British Columbia,Tunisia,34,9,2002/8/20,0,0,0
New South Wales,Bosnia and Herzegovina,43.9159,17.6791,2002/8/20,0,0,0
Victoria,Slovenia,46.1512,14.9955,2002/8/20,0,0,0
Queensland,South Africa,-30.5595,22.9375,2002/8/20,0,0,0
South Australia,Bhutan,27.5142,90.4336,2002/8/20,0,0,0
From Diamond Princess,Cameroon,3.848,11.5021,2002/8/20,0,0,0
Western Australia,Colombia,4.5709,-74.2973,2002/8/20,0,0,0
Tasmania,Costa Rica,9.7489,-83.7534,2002/8/20,0,0,0
Northern Territory,Peru,-9.19,-75.0152,2002/8/20,0,0,0
Ontario,Serbia,44.0165,21.0059,2002/8/20,0,0,0
Alberta,Slovakia,48.669,19.699,2002/8/20,0,0,0
Quebec,Togo,8.6195,0.8248,2002/8/20,0,0,0
Washington,Malta,35.9375,14.3754,2002/8/20,0,0,0
New York,Martinique,14.6415,-61.0242,2002/8/20,0,0,0
California,Bulgaria,42.7339,25.4858,2002/8/20,0,0,0
Massachusetts,Maldives,3.2028,73.2207,2002/8/20,0,0,0
Diamond Princess,Bangladesh,23.685,90.3563,2002/8/20,0,0,0
Grand Princess,Paraguay,-23.4425,-58.4438,2002/8/20,0,0,0
Georgia,Canada,51.2538,-85.3232,2002/8/20,3,0,0
Colorado,Canada,53.9333,-116.5765,2002/8/20,0,0,0
Florida,Canada,52.9399,-73.5491,2002/8/20,0,0,0
New Jersey,Albania,41.1533,20.1683,2002/8/20,0,0,0
Oregon,Cyprus,35.1264,33.4299,2002/8/20,0,0,0
Texas,Brunei,4.5353,114.7277,2002/8/20,0,0,0
Illinois,US,47.4009,-121.4905,2002/8/20,0,0,0
Pennsylvania,US,42.1657,-74.9481,2002/8/20,0,0,0
Iowa,US,36.1162,-119.6816,2002/8/20,0,0,0
Maryland,US,42.2302,-71.5301,2002/8/20,0,0,0
North Carolina,US,35.4437,139.638,2002/8/20,0,0,0
South Carolina,US,37.6489,-122.6655,2002/8/20,0,0,0
Tennessee,US,33.0406,-83.6431,2002/8/20,0,0,0
Virginia,US,39.0598,-105.3111,2002/8/20,0,0,0
Arizona,US,27.7663,-81.6868,2002/8/20,0,0,0
Indiana,US,40.2989,-74.521,2002/8/20,0,0,0
Kentucky,US,44.572,-122.0709,2002/8/20,0,0,0
District of Columbia,US,31.0545,-97.5635,2002/8/20,0,0,0
Nevada,US,40.3495,-88.9861,2002/8/20,0,0,0
New Hampshire,US,40.5908,-77.2098,2002/8/20,0,0,0
Minnesota,US,42.0115,-93.2105,2002/8/20,0,0,0
Nebraska,US,39.0639,-76.8021,2002/8/20,0,0,0
Ohio,US,35.6301,-79.8064,2002/8/20,0,0,0
Rhode Island,US,33.8569,-80.945,2002/8/20,0,0,0
Wisconsin,US,35.7478,-86.6923,2002/8/20,0,0,0
Connecticut,US,37.7693,-78.17,2002/8/20,0,0,0
Hawaii,US,33.7298,-111.4312,2002/8/20,0,0,0
Oklahoma,US,39.8494,-86.2583,2002/8/20,0,0,0
Utah,US,37.6681,-84.6701,2002/8/20,0,0,0
Kansas,US,38.8974,-77.0268,2002/8/20,0,0,0
Louisiana,US,38.3135,-117.0554,2002/8/20,0,0,0
Missouri,US,43.4525,-71.5639,2002/8/20,0,0,0
Vermont,US,45.6945,-93.9002,2002/8/20,0,0,0
Alaska,US,41.1254,-98.2681,2002/8/20,0,0,0
Arkansas,US,40.3888,-82.7649,2002/8/20,0,0,0
Delaware,US,41.6809,-71.5118,2002/8/20,0,0,0
Idaho,US,44.2685,-89.6165,2002/8/20,0,0,0
Maine,US,41.5978,-72.7554,2002/8/20,0,0,0
Michigan,US,21.0943,-157.4983,2002/8/20,0,0,0
Mississippi,US,35.5653,-96.9289,2002/8/20,0,0,0
Montana,US,40.15,-111.8624,2002/8/20,0,0,0
New Mexico,Burkina Faso,12.2383,-1.5616,2002/8/20,0,0,0
North Dakota,Holy See,41.9029,12.4534,2002/8/20,0,0,0
South Dakota,Mongolia,46.8625,103.8467,2002/8/20,0,0,0
West Virginia,Panama,8.538,-80.7821,2002/8/20,0,0,0
Wyoming,US,38.5266,-96.7265,2002/8/20,0,0,0
France,US,31.1695,-91.8678,2002/8/20,0,0,0
Diamond Princess,US,38.4561,-92.2884,2002/8/20,0,0,0
Denmark,US,44.0459,-72.7107,2002/8/20,0,0,0
Faroe Islands,US,61.3707,-152.4044,2002/8/20,0,0,0
St Martin,US,34.9697,-92.3731,2002/8/20,0,0,0
Channel Islands,US,39.3185,-75.5071,2002/8/20,0,0,0
New Brunswick,US,44.2405,-114.4788,2002/8/20,0,0,0
Saint Barthelemy,US,44.6939,-69.3819,2002/8/20,0,0,0
Gibraltar,US,43.3266,-84.5361,2002/8/20,0,0,0
Australian Capital Territory,US,32.7416,-89.6787,2002/8/20,0,0,0
United Kingdom,US,46.9219,-110.4544,2002/8/20,0,0,0
French Polynesia,US,34.8405,-106.2485,2002/8/20,0,0,0
Manitoba,US,47.5289,-99.784,2002/8/20,0,0,0
Saskatchewan,US,44.2998,-99.4388,2002/8/20,0,0,0
Grand Princess,US,38.4912,-80.9545,2002/8/20,0,0,0
Alabama,US,42.756,-107.3025,2002/8/20,0,0,0
Puerto Rico,Iran,32,53,2002/8/20,0,0,0
French Guiana,South Korea,36,128,2002/8/20,24,0,1
Guam,France,46.2276,2.2137,2002/8/20,11,0,0
Newfoundland and Labrador,Cruise Ship,35.4437,139.638,2002/8/20,61,0,0
Prince Edward Island,Denmark,56.2639,9.5018,2002/8/20,0,0,0
Mayotte,Czechia,49.8175,15.473,2002/8/20,0,0,0
Netherlands,Taiwan*,23.7,121,2002/8/20,17,0,1
Nova Scotia,Vietnam,16,108,2002/8/20,13,0,1
Guadeloupe,Russia,60,90,2002/8/20,2,0,0
Curacao,Moldova,47.4116,28.3699,2002/8/20,0,0,0
Virgin Islands,Bolivia,-16.2902,-63.5887,2002/8/20,0,0,0
Cayman Islands,Denmark,61.8926,-6.9118,2002/8/20,0,0,0
Reunion,France,18.0708,-63.0501,2002/8/20,0,0,0
Aruba,Honduras,15.2,-86.2419,2002/8/20,0,0,0
Montserrat,United Kingdom,49.3723,-2.3644,2002/8/20,0,0,0
Greenland,Canada,46.5653,-66.4619,2002/8/20,0,0,0
New Caledonia,Congo (Kinshasa),-4.0383,21.7587,2002/8/20,0,0,0
Bermuda,Cote d'Ivoire,7.54,-5.5471,2002/8/20,0,0,0
Sint Maarten,France,17.9,-62.8333,2002/8/20,0,0,0
Isle of Man,Jamaica,18.1096,-77.2975,2002/8/20,0,0,0
Northwest Territories,Turkey,38.9637,35.2433,2002/8/20,0,0,0
British Columbia,United Kingdom,36.1408,-5.3536,2002/8/20,0,0,0
New South Wales,Cuba,22,-80,2002/8/20,0,0,0
Victoria,Guyana,5,-58.75,2002/8/20,0,0,0
Queensland,Australia,-35.4735,149.0124,2002/8/20,0,0,0
South Australia,United Kingdom,55.3781,-3.436,2002/8/20,3,0,0
From Diamond Princess,Kazakhstan,48.0196,66.9237,2002/8/20,0,0,0
Western Australia,France,-17.6797,149.4068,2002/8/20,0,0,0
Tasmania,Canada,53.7609,-98.8139,2002/8/20,0,0,0
Northern Territory,Canada,52.9399,-106.4509,2002/8/20,0,0,0
Ontario,Ethiopia,9.145,40.4897,2002/8/20,0,0,0
Alberta,Sudan,12.8628,30.2176,2002/8/20,0,0,0
Quebec,Guinea,9.9456,-9.6966,2002/8/20,0,0,0
Washington,Canada,37.6489,-122.6655,2002/8/20,0,0,0
New York,Kenya,-0.0236,37.9062,2002/8/20,0,0,0
California,Antigua and Barbuda,17.0608,-61.7964,2002/8/20,0,0,0
Massachusetts,US,32.3182,-86.9023,2002/8/20,0,0,0
Diamond Princess,Uruguay,-32.5228,-55.7658,2002/8/20,0,0,0
Grand Princess,Ghana,7.9465,-1.0232,2002/8/20,0,0,0
Georgia,US,18.2208,-66.5901,2002/8/20,0,0,0
Colorado,Namibia,-22.9576,18.4904,2002/8/20,0,0,0
Florida,Seychelles,-4.6796,55.492,2002/8/20,0,0,0
New Jersey,Trinidad and Tobago,10.6918,-61.2225,2002/8/20,0,0,0
Oregon,Venezuela,6.4238,-66.5897,2002/8/20,0,0,0
Texas,Eswatini,-26.5225,31.4659,2002/8/20,0,0,0
Illinois,Gabon,-0.8037,11.6094,2002/8/20,0,0,0
Pennsylvania,Guatemala,15.7835,-90.2308,2002/8/20,0,0,0
Iowa,Mauritania,21.0079,10.9408,2002/8/20,0,0,0
Maryland,Rwanda,-1.9403,29.8739,2002/8/20,0,0,0
North Carolina,Saint Lucia,13.9094,-60.9789,2002/8/20,0,0,0
South Carolina,Saint Vincent and the Grenadines,12.9843,-61.2872,2002/8/20,0,0,0
Tennessee,Suriname,3.9193,-56.0278,2002/8/20,0,0,0
Virginia,France,3.9339,-53.1258,2002/8/20,0,0,0
Arizona,US,13.4443,144.7937,2002/8/20,0,0,0
Indiana,Kosovo,42.6026,20.903,2002/8/20,0,0,0
Kentucky,Canada,53.1355,-57.6604,2002/8/20,0,0,0
District of Columbia,Canada,46.5107,-63.4168,2002/8/20,0,0,0
Nevada,Central African Republic,6.6111,20.9394,2002/8/20,0,0,0
New Hampshire,Congo (Brazzaville),-4.0383,21.7587,2002/8/20,0,0,0
Minnesota,Equatorial Guinea,1.5,10,2002/8/20,0,0,0
Nebraska,France,-12.8275,45.1662,2002/8/20,0,0,0
Ohio,Uzbekistan,41.3775,64.5853,2002/8/20,0,0,0
Rhode Island,Netherlands,52.1326,5.2913,2002/8/20,0,0,0
Wisconsin,Canada,44.682,-63.7443,2002/8/20,0,0,0
Connecticut,France,16.25,-61.5833,2002/8/20,0,0,0
Hawaii,Benin,9.3077,2.3158,2002/8/20,0,0,0
Oklahoma,Liberia,6.4281,-9.4295,2002/8/20,0,0,0
Utah,Netherlands,12.1696,-68.99,2002/8/20,0,0,0
Kansas,Somalia,5.1521,46.1996,2002/8/20,0,0,0
Louisiana,Tanzania,-6.369,34.8888,2002/8/20,0,0,0
Missouri,US,18.3358,-64.8963,2002/8/20,0,0,0
Vermont,United Kingdom,19.3133,-81.2546,2002/8/20,0,0,0
Alaska,France,-21.1351,55.2471,2002/8/20,0,0,0
Arkansas,Barbados,13.1939,-59.5432,2002/8/20,0,0,0
Delaware,Montenegro,42.5,19.3,2002/8/20,0,0,0
Idaho,Kyrgyzstan,41.2044,74.7661,2002/8/20,0,0,0
Maine,Mauritius,-20.2,57.5,2002/8/20,0,0,0
Michigan,Netherlands,12.5186,-70.0358,2002/8/20,0,0,0
Mississippi,Zambia,-15.4167,28.2833,2002/8/20,0,0,0
Montana,Djibouti,11.8251,42.5903,2002/8/20,0,0,0
New Mexico,"Gambia, The",13.4432,-15.3101,2002/8/20,0,0,0
North Dakota,United Kingdom,16.7425,-62.1874,2002/8/20,0,0,0
South Dakota,"Bahamas, The",25.0343,-77.3963,2002/8/20,0,0,0
West Virginia,Denmark,71.7069,-42.6043,2002/8/20,0,0,0
Wyoming,France,-20.9043,165.618,2002/8/20,0,0,0
France,United Kingdom,32.3078,-64.7505,2002/8/20,0,0,0
Diamond Princess,Chad,15.4542,18.7322,2002/8/20,0,0,0
Denmark,El Salvador,13.7942,-88.8965,2002/8/20,0,0,0
Faroe Islands,Fiji,-17.7134,178.065,2002/8/20,0,0,0
St Martin,Nicaragua,12.8654,-85.2072,2002/8/20,0,0,0
Channel Islands,Madagascar,-18.7669,46.8691,2002/8/20,0,0,0
New Brunswick,Haiti,18.9712,-72.2852,2002/8/20,0,0,0
Saint Barthelemy,Angola,-11.2027,17.8739,2002/8/20,0,0,0
Gibraltar,Cabo Verde,16.5388,-23.0418,2002/8/20,0,0,0
Australian Capital Territory,Netherlands,18.0425,-63.0548,2002/8/20,0,0,0
United Kingdom,Niger,17.6078,8.0817,2002/8/20,0,0,0
French Polynesia,Papua New Guinea,-6.315,143.9555,2002/8/20,0,0,0
Manitoba,United Kingdom,54.2361,-4.5481,2002/8/20,0,0,0
Saskatchewan,Zimbabwe,-20,30,2002/8/20,0,0,0
Grand Princess,Canada,64.8255,-124.8457,2002/8/20,0,0,0
Alabama,Cape Verde,15.1111,-23.6167,2002/8/20,0,0,0
Puerto Rico,East Timor,-8.55,125.56,2002/8/20,0,0,0
French Guiana,Eritrea,15.1794,39.7823,2002/8/20,0,0,0
Guam,Uganda,1,32,2002/8/20,0,0,0
Newfoundland and Labrador,Dominica,15.415,-61.371,2002/8/20,0,0,0
Prince Edward Island,Grenada,12.1165,-61.679,2002/8/20,0,0,0
Mayotte,Mozambique,-18.6657,35.5296,2002/8/20,0,0,0
Netherlands,Syria,34.8021,38.9968,2002/8/20,0,0,0
Nova Scotia,Timor-Leste,-8.8742,125.7275,2002/8/20,0,0,0
Guadeloupe,Thailand,15,101,2002/9/20,32,0,10
Curacao,Japan,36,138,2002/9/20,26,0,1
Virgin Islands,Singapore,1.2833,103.8333,2002/9/20,40,0,2
Cayman Islands,Nepal,28.1667,84.25,2002/9/20,1,0,0
Reunion,Malaysia,2.5,112.5,2002/9/20,16,0,1
Aruba,Canada,49.2827,-123.1207,2002/9/20,4,0,0
Montserrat,Australia,-33.8688,151.2093,2002/9/20,4,0,2
Greenland,Australia,-37.8136,144.9631,2002/9/20,4,0,0
New Caledonia,Australia,-28.0167,153.4,2002/9/20,5,0,0
Bermuda,Cambodia,11.55,104.9167,2002/9/20,1,0,0
Sint Maarten,Sri Lanka,7,81,2002/9/20,1,0,1
Isle of Man,Germany,51,9,2002/9/20,14,0,0
Northwest Territories,Finland,64,26,2002/9/20,1,0,0
British Columbia,United Arab Emirates,24,54,2002/9/20,7,0,0
New South Wales,Philippines,13,122,2002/9/20,3,1,0
Victoria,India,21,78,2002/9/20,3,0,0
Queensland,Italy,43,12,2002/9/20,3,0,0
South Australia,Sweden,63,16,2002/9/20,1,0,0
From Diamond Princess,Spain,40,-4,2002/9/20,2,0,0
Western Australia,Australia,-34.9285,138.6007,2002/9/20,2,0,0
Tasmania,Belgium,50.8333,4,2002/9/20,1,0,0
Northern Territory,Egypt,26,30,2002/9/20,0,0,0
Ontario,Australia,35.4437,139.638,2002/9/20,0,0,0
Alberta,Lebanon,33.8547,35.8623,2002/9/20,0,0,0
Quebec,Iraq,33,44,2002/9/20,0,0,0
Washington,Oman,21,57,2002/9/20,0,0,0
New York,Afghanistan,33,65,2002/9/20,0,0,0
California,Bahrain,26.0275,50.55,2002/9/20,0,0,0
Massachusetts,Kuwait,29.5,47.75,2002/9/20,0,0,0
Diamond Princess,Algeria,28.0339,1.6596,2002/9/20,0,0,0
Grand Princess,Croatia,45.1,15.2,2002/9/20,0,0,0
Georgia,Switzerland,46.8182,8.2275,2002/9/20,0,0,0
Colorado,Austria,47.5162,14.5501,2002/9/20,0,0,0
Florida,Israel,31,35,2002/9/20,0,0,0
New Jersey,Pakistan,30.3753,69.3451,2002/9/20,0,0,0
Oregon,Brazil,-14.235,-51.9253,2002/9/20,0,0,0
Texas,Georgia,42.3154,43.3569,2002/9/20,0,0,0
Illinois,Greece,39.0742,21.8243,2002/9/20,0,0,0
Pennsylvania,North Macedonia,41.6086,21.7453,2002/9/20,0,0,0
Iowa,Norway,60.472,8.4689,2002/9/20,0,0,0
Maryland,Romania,45.9432,24.9668,2002/9/20,0,0,0
North Carolina,Estonia,58.5953,25.0136,2002/9/20,0,0,0
South Carolina,San Marino,43.9424,12.4578,2002/9/20,0,0,0
Tennessee,Belarus,53.7098,27.9534,2002/9/20,0,0,0
Virginia,Iceland,64.9631,-19.0208,2002/9/20,0,0,0
Arizona,Lithuania,55.1694,23.8813,2002/9/20,0,0,0
Indiana,Mexico,23.6345,-102.5528,2002/9/20,0,0,0
Kentucky,New Zealand,-40.9006,174.886,2002/9/20,0,0,0
District of Columbia,Nigeria,9.082,8.6753,2002/9/20,0,0,0
Nevada,Australia,-31.9505,115.8605,2002/9/20,0,0,0
New Hampshire,Ireland,53.1424,-7.6921,2002/9/20,0,0,0
Minnesota,Luxembourg,49.8153,6.1296,2002/9/20,0,0,0
Nebraska,Monaco,43.7333,7.4167,2002/9/20,0,0,0
Ohio,Qatar,25.3548,51.1839,2002/9/20,0,0,0
Rhode Island,Ecuador,-1.8312,-78.1834,2002/9/20,0,0,0
Wisconsin,Azerbaijan,40.1431,47.5769,2002/9/20,0,0,0
Connecticut,Armenia,40.0691,45.0382,2002/9/20,0,0,0
Hawaii,Dominican Republic,18.7357,-70.1627,2002/9/20,0,0,0
Oklahoma,Indonesia,-0.7893,113.9213,2002/9/20,0,0,0
Utah,Portugal,39.3999,-8.2245,2002/9/20,0,0,0
Kansas,Andorra,42.5063,1.5218,2002/9/20,0,0,0
Louisiana,Australia,-41.4545,145.9707,2002/9/20,0,0,0
Missouri,Latvia,56.8796,24.6032,2002/9/20,0,0,0
Vermont,Morocco,31.7917,-7.0926,2002/9/20,0,0,0
Alaska,Saudi Arabia,24,45,2002/9/20,0,0,0
Arkansas,Senegal,14.4974,-14.4524,2002/9/20,0,0,0
Delaware,Argentina,-38.4161,-63.6167,2002/9/20,0,0,0
Idaho,Chile,-35.6751,-71.543,2002/9/20,0,0,0
Maine,Jordan,31.24,36.51,2002/9/20,0,0,0
Michigan,Ukraine,48.3794,31.1656,2002/9/20,0,0,0
Mississippi,Hungary,47.1625,19.5033,2002/9/20,0,0,0
Montana,Australia,-12.4634,130.8456,2002/9/20,0,0,0
New Mexico,Liechtenstein,47.14,9.55,2002/9/20,0,0,0
North Dakota,Poland,51.9194,19.1451,2002/9/20,0,0,0
South Dakota,Tunisia,34,9,2002/9/20,0,0,0
West Virginia,Bosnia and Herzegovina,43.9159,17.6791,2002/9/20,0,0,0
Wyoming,Slovenia,46.1512,14.9955,2002/9/20,0,0,0
France,South Africa,-30.5595,22.9375,2002/9/20,0,0,0
Diamond Princess,Bhutan,27.5142,90.4336,2002/9/20,0,0,0
Denmark,Cameroon,3.848,11.5021,2002/9/20,0,0,0
Faroe Islands,Colombia,4.5709,-74.2973,2002/9/20,0,0,0
St Martin,Costa Rica,9.7489,-83.7534,2002/9/20,0,0,0
Channel Islands,Peru,-9.19,-75.0152,2002/9/20,0,0,0
New Brunswick,Serbia,44.0165,21.0059,2002/9/20,0,0,0
Saint Barthelemy,Slovakia,48.669,19.699,2002/9/20,0,0,0
Gibraltar,Togo,8.6195,0.8248,2002/9/20,0,0,0
Australian Capital Territory,Malta,35.9375,14.3754,2002/9/20,0,0,0
United Kingdom,Martinique,14.6415,-61.0242,2002/9/20,0,0,0
French Polynesia,Bulgaria,42.7339,25.4858,2002/9/20,0,0,0
Manitoba,Maldives,3.2028,73.2207,2002/9/20,0,0,0
Saskatchewan,Bangladesh,23.685,90.3563,2002/9/20,0,0,0
Grand Princess,Paraguay,-23.4425,-58.4438,2002/9/20,0,0,0
Alabama,Canada,51.2538,-85.3232,2002/9/20,3,0,0
Puerto Rico,Canada,53.9333,-116.5765,2002/9/20,0,0,0
French Guiana,Canada,52.9399,-73.5491,2002/9/20,0,0,0
Guam,Albania,41.1533,20.1683,2002/9/20,0,0,0
Newfoundland and Labrador,Cyprus,35.1264,33.4299,2002/9/20,0,0,0
Prince Edward Island,Brunei,4.5353,114.7277,2002/9/20,0,0,0
Mayotte,US,47.4009,-121.4905,2002/9/20,0,0,0
Netherlands,US,42.1657,-74.9481,2002/9/20,0,0,0
Nova Scotia,US,36.1162,-119.6816,2002/9/20,0,0,0
Guadeloupe,US,42.2302,-71.5301,2002/9/20,0,0,0
Curacao,US,35.4437,139.638,2002/9/20,0,0,0
Virgin Islands,US,37.6489,-122.6655,2002/9/20,0,0,0
Cayman Islands,US,33.0406,-83.6431,2002/9/20,0,0,0
Reunion,US,39.0598,-105.3111,2002/9/20,0,0,0
Aruba,US,27.7663,-81.6868,2002/9/20,0,0,0
Montserrat,US,40.2989,-74.521,2002/9/20,0,0,0
Greenland,US,44.572,-122.0709,2002/9/20,0,0,0
New Caledonia,US,31.0545,-97.5635,2002/9/20,0,0,0
Bermuda,US,40.3495,-88.9861,2002/9/20,0,0,0
Sint Maarten,US,40.5908,-77.2098,2002/9/20,0,0,0
Isle of Man,US,42.0115,-93.2105,2002/9/20,0,0,0
Northwest Territories,US,39.0639,-76.8021,2002/9/20,0,0,0
British Columbia,US,35.6301,-79.8064,2002/9/20,0,0,0
New South Wales,US,33.8569,-80.945,2002/9/20,0,0,0
Victoria,US,35.7478,-86.6923,2002/9/20,0,0,0
Queensland,US,37.7693,-78.17,2002/9/20,0,0,0
South Australia,US,33.7298,-111.4312,2002/9/20,0,0,0
From Diamond Princess,US,39.8494,-86.2583,2002/9/20,0,0,0
Western Australia,US,37.6681,-84.6701,2002/9/20,0,0,0
Tasmania,US,38.8974,-77.0268,2002/9/20,0,0,0
Northern Territory,US,38.3135,-117.0554,2002/9/20,0,0,0
Ontario,US,43.4525,-71.5639,2002/9/20,0,0,0
Alberta,US,45.6945,-93.9002,2002/9/20,0,0,0
Quebec,US,41.1254,-98.2681,2002/9/20,0,0,0
Washington,US,40.3888,-82.7649,2002/9/20,0,0,0
New York,US,41.6809,-71.5118,2002/9/20,0,0,0
California,US,44.2685,-89.6165,2002/9/20,0,0,0
Massachusetts,US,41.5978,-72.7554,2002/9/20,0,0,0
Diamond Princess,US,21.0943,-157.4983,2002/9/20,0,0,0
Grand Princess,US,35.5653,-96.9289,2002/9/20,0,0,0
Georgia,US,40.15,-111.8624,2002/9/20,0,0,0
Colorado,Burkina Faso,12.2383,-1.5616,2002/9/20,0,0,0
Florida,Holy See,41.9029,12.4534,2002/9/20,0,0,0
New Jersey,Mongolia,46.8625,103.8467,2002/9/20,0,0,0
Oregon,Panama,8.538,-80.7821,2002/9/20,0,0,0
Texas,US,38.5266,-96.7265,2002/9/20,0,0,0
Illinois,US,31.1695,-91.8678,2002/9/20,0,0,0
Pennsylvania,US,38.4561,-92.2884,2002/9/20,0,0,0
Iowa,US,44.0459,-72.7107,2002/9/20,0,0,0
Maryland,US,61.3707,-152.4044,2002/9/20,0,0,0
North Carolina,US,34.9697,-92.3731,2002/9/20,0,0,0
South Carolina,US,39.3185,-75.5071,2002/9/20,0,0,0
Tennessee,US,44.2405,-114.4788,2002/9/20,0,0,0
Virginia,US,44.6939,-69.3819,2002/9/20,0,0,0
Arizona,US,43.3266,-84.5361,2002/9/20,0,0,0
Indiana,US,32.7416,-89.6787,2002/9/20,0,0,0
Kentucky,US,46.9219,-110.4544,2002/9/20,0,0,0
District of Columbia,US,34.8405,-106.2485,2002/9/20,0,0,0
Nevada,US,47.5289,-99.784,2002/9/20,0,0,0
New Hampshire,US,44.2998,-99.4388,2002/9/20,0,0,0
Minnesota,US,38.4912,-80.9545,2002/9/20,0,0,0
Nebraska,US,42.756,-107.3025,2002/9/20,0,0,0
Ohio,Iran,32,53,2002/9/20,0,0,0
Rhode Island,South Korea,36,128,2002/9/20,25,0,3
Wisconsin,France,46.2276,2.2137,2002/9/20,11,0,0
Connecticut,Cruise Ship,35.4437,139.638,2002/9/20,64,0,0
Hawaii,Denmark,56.2639,9.5018,2002/9/20,0,0,0
Oklahoma,Czechia,49.8175,15.473,2002/9/20,0,0,0
Utah,Taiwan*,23.7,121,2002/9/20,18,0,1
Kansas,Vietnam,16,108,2002/9/20,13,0,1
Louisiana,Russia,60,90,2002/9/20,2,0,0
Missouri,Moldova,47.4116,28.3699,2002/9/20,0,0,0
Vermont,Bolivia,-16.2902,-63.5887,2002/9/20,0,0,0
Alaska,Denmark,61.8926,-6.9118,2002/9/20,0,0,0
Arkansas,France,18.0708,-63.0501,2002/9/20,0,0,0
Delaware,Honduras,15.2,-86.2419,2002/9/20,0,0,0
Idaho,United Kingdom,49.3723,-2.3644,2002/9/20,0,0,0
Maine,Canada,46.5653,-66.4619,2002/9/20,0,0,0
Michigan,Congo (Kinshasa),-4.0383,21.7587,2002/9/20,0,0,0
Mississippi,Cote d'Ivoire,7.54,-5.5471,2002/9/20,0,0,0
Montana,France,17.9,-62.8333,2002/9/20,0,0,0
New Mexico,Jamaica,18.1096,-77.2975,2002/9/20,0,0,0
North Dakota,Turkey,38.9637,35.2433,2002/9/20,0,0,0
South Dakota,United Kingdom,36.1408,-5.3536,2002/9/20,0,0,0
West Virginia,Cuba,22,-80,2002/9/20,0,0,0
Wyoming,Guyana,5,-58.75,2002/9/20,0,0,0
France,Australia,-35.4735,149.0124,2002/9/20,0,0,0
Diamond Princess,United Kingdom,55.3781,-3.436,2002/9/20,3,0,0
Denmark,Kazakhstan,48.0196,66.9237,2002/9/20,0,0,0
Faroe Islands,France,-17.6797,149.4068,2002/9/20,0,0,0
St Martin,Canada,53.7609,-98.8139,2002/9/20,0,0,0
Channel Islands,Canada,52.9399,-106.4509,2002/9/20,0,0,0
New Brunswick,Ethiopia,9.145,40.4897,2002/9/20,0,0,0
Saint Barthelemy,Sudan,12.8628,30.2176,2002/9/20,0,0,0
Gibraltar,Guinea,9.9456,-9.6966,2002/9/20,0,0,0
Australian Capital Territory,Canada,37.6489,-122.6655,2002/9/20,0,0,0
United Kingdom,Kenya,-0.0236,37.9062,2002/9/20,0,0,0
French Polynesia,Antigua and Barbuda,17.0608,-61.7964,2002/9/20,0,0,0
Manitoba,US,32.3182,-86.9023,2002/9/20,0,0,0
Saskatchewan,Uruguay,-32.5228,-55.7658,2002/9/20,0,0,0
Grand Princess,Ghana,7.9465,-1.0232,2002/9/20,0,0,0
Alabama,US,18.2208,-66.5901,2002/9/20,0,0,0
Puerto Rico,Namibia,-22.9576,18.4904,2002/9/20,0,0,0
French Guiana,Seychelles,-4.6796,55.492,2002/9/20,0,0,0
Guam,Trinidad and Tobago,10.6918,-61.2225,2002/9/20,0,0,0
Newfoundland and Labrador,Venezuela,6.4238,-66.5897,2002/9/20,0,0,0
Prince Edward Island,Eswatini,-26.5225,31.4659,2002/9/20,0,0,0
Mayotte,Gabon,-0.8037,11.6094,2002/9/20,0,0,0
Netherlands,Guatemala,15.7835,-90.2308,2002/9/20,0,0,0
Nova Scotia,Mauritania,21.0079,10.9408,2002/9/20,0,0,0
Guadeloupe,Rwanda,-1.9403,29.8739,2002/9/20,0,0,0
Curacao,Saint Lucia,13.9094,-60.9789,2002/9/20,0,0,0
Virgin Islands,Saint Vincent and the Grenadines,12.9843,-61.2872,2002/9/20,0,0,0
Cayman Islands,Suriname,3.9193,-56.0278,2002/9/20,0,0,0
Reunion,France,3.9339,-53.1258,2002/9/20,0,0,0
Aruba,US,13.4443,144.7937,2002/9/20,0,0,0
Montserrat,Kosovo,42.6026,20.903,2002/9/20,0,0,0
Greenland,Canada,53.1355,-57.6604,2002/9/20,0,0,0
New Caledonia,Canada,46.5107,-63.4168,2002/9/20,0,0,0
Bermuda,Central African Republic,6.6111,20.9394,2002/9/20,0,0,0
Sint Maarten,Congo (Brazzaville),-4.0383,21.7587,2002/9/20,0,0,0
Isle of Man,Equatorial Guinea,1.5,10,2002/9/20,0,0,0
Northwest Territories,France,-12.8275,45.1662,2002/9/20,0,0,0
British Columbia,Uzbekistan,41.3775,64.5853,2002/9/20,0,0,0
New South Wales,Netherlands,52.1326,5.2913,2002/9/20,0,0,0
Victoria,Canada,44.682,-63.7443,2002/9/20,0,0,0
Queensland,France,16.25,-61.5833,2002/9/20,0,0,0
South Australia,Benin,9.3077,2.3158,2002/9/20,0,0,0
From Diamond Princess,Liberia,6.4281,-9.4295,2002/9/20,0,0,0
Western Australia,Netherlands,12.1696,-68.99,2002/9/20,0,0,0
Tasmania,Somalia,5.1521,46.1996,2002/9/20,0,0,0
Northern Territory,Tanzania,-6.369,34.8888,2002/9/20,0,0,0
Ontario,US,18.3358,-64.8963,2002/9/20,0,0,0
Alberta,United Kingdom,19.3133,-81.2546,2002/9/20,0,0,0
Quebec,France,-21.1351,55.2471,2002/9/20,0,0,0
Washington,Barbados,13.1939,-59.5432,2002/9/20,0,0,0
New York,Montenegro,42.5,19.3,2002/9/20,0,0,0
California,Kyrgyzstan,41.2044,74.7661,2002/9/20,0,0,0
Massachusetts,Mauritius,-20.2,57.5,2002/9/20,0,0,0
Diamond Princess,Netherlands,12.5186,-70.0358,2002/9/20,0,0,0
Grand Princess,Zambia,-15.4167,28.2833,2002/9/20,0,0,0
Georgia,Djibouti,11.8251,42.5903,2002/9/20,0,0,0
Colorado,"Gambia, The",13.4432,-15.3101,2002/9/20,0,0,0
Florida,United Kingdom,16.7425,-62.1874,2002/9/20,0,0,0
New Jersey,"Bahamas, The",25.0343,-77.3963,2002/9/20,0,0,0
Oregon,Denmark,71.7069,-42.6043,2002/9/20,0,0,0
Texas,France,-20.9043,165.618,2002/9/20,0,0,0
Illinois,United Kingdom,32.3078,-64.7505,2002/9/20,0,0,0
Pennsylvania,Chad,15.4542,18.7322,2002/9/20,0,0,0
Iowa,El Salvador,13.7942,-88.8965,2002/9/20,0,0,0
Maryland,Fiji,-17.7134,178.065,2002/9/20,0,0,0
North Carolina,Nicaragua,12.8654,-85.2072,2002/9/20,0,0,0
South Carolina,Madagascar,-18.7669,46.8691,2002/9/20,0,0,0
Tennessee,Haiti,18.9712,-72.2852,2002/9/20,0,0,0
Virginia,Angola,-11.2027,17.8739,2002/9/20,0,0,0
Arizona,Cabo Verde,16.5388,-23.0418,2002/9/20,0,0,0
Indiana,Netherlands,18.0425,-63.0548,2002/9/20,0,0,0
Kentucky,Niger,17.6078,8.0817,2002/9/20,0,0,0
District of Columbia,Papua New Guinea,-6.315,143.9555,2002/9/20,0,0,0
Nevada,United Kingdom,54.2361,-4.5481,2002/9/20,0,0,0
New Hampshire,Zimbabwe,-20,30,2002/9/20,0,0,0
Minnesota,Canada,64.8255,-124.8457,2002/9/20,0,0,0
Nebraska,Cape Verde,15.1111,-23.6167,2002/9/20,0,0,0
Ohio,East Timor,-8.55,125.56,2002/9/20,0,0,0
Rhode Island,Eritrea,15.1794,39.7823,2002/9/20,0,0,0
Wisconsin,Uganda,1,32,2002/9/20,0,0,0
Connecticut,Dominica,15.415,-61.371,2002/9/20,0,0,0
Hawaii,Grenada,12.1165,-61.679,2002/9/20,0,0,0
Oklahoma,Mozambique,-18.6657,35.5296,2002/9/20,0,0,0
Utah,Syria,34.8021,38.9968,2002/9/20,0,0,0
Kansas,Timor-Leste,-8.8742,125.7275,2002/9/20,0,0,0
Louisiana,Thailand,15,101,2002/10/20,32,0,10
Missouri,Japan,36,138,2002/10/20,26,0,4
Vermont,Singapore,1.2833,103.8333,2002/10/20,45,0,2
Alaska,Nepal,28.1667,84.25,2002/10/20,1,0,0
Arkansas,Malaysia,2.5,112.5,2002/10/20,18,0,1
Delaware,Canada,49.2827,-123.1207,2002/10/20,4,0,0
Idaho,Australia,-33.8688,151.2093,2002/10/20,4,0,2
Maine,Australia,-37.8136,144.9631,2002/10/20,4,0,0
Michigan,Australia,-28.0167,153.4,2002/10/20,5,0,0
Mississippi,Cambodia,11.55,104.9167,2002/10/20,1,0,0
Montana,Sri Lanka,7,81,2002/10/20,1,0,1
New Mexico,Germany,51,9,2002/10/20,14,0,0
North Dakota,Finland,64,26,2002/10/20,1,0,0
South Dakota,United Arab Emirates,24,54,2002/10/20,8,0,0
West Virginia,Philippines,13,122,2002/10/20,3,1,0
Wyoming,India,21,78,2002/10/20,3,0,0
France,Italy,43,12,2002/10/20,3,0,0
Diamond Princess,Sweden,63,16,2002/10/20,1,0,0
Denmark,Spain,40,-4,2002/10/20,2,0,0
Faroe Islands,Australia,-34.9285,138.6007,2002/10/20,2,0,0
St Martin,Belgium,50.8333,4,2002/10/20,1,0,0
Channel Islands,Egypt,26,30,2002/10/20,0,0,0
New Brunswick,Australia,35.4437,139.638,2002/10/20,0,0,0
Saint Barthelemy,Lebanon,33.8547,35.8623,2002/10/20,0,0,0
Gibraltar,Iraq,33,44,2002/10/20,0,0,0
Australian Capital Territory,Oman,21,57,2002/10/20,0,0,0
United Kingdom,Afghanistan,33,65,2002/10/20,0,0,0
French Polynesia,Bahrain,26.0275,50.55,2002/10/20,0,0,0
Manitoba,Kuwait,29.5,47.75,2002/10/20,0,0,0
Saskatchewan,Algeria,28.0339,1.6596,2002/10/20,0,0,0
Grand Princess,Croatia,45.1,15.2,2002/10/20,0,0,0
Alabama,Switzerland,46.8182,8.2275,2002/10/20,0,0,0
Puerto Rico,Austria,47.5162,14.5501,2002/10/20,0,0,0
French Guiana,Israel,31,35,2002/10/20,0,0,0
Guam,Pakistan,30.3753,69.3451,2002/10/20,0,0,0
Newfoundland and Labrador,Brazil,-14.235,-51.9253,2002/10/20,0,0,0
Prince Edward Island,Georgia,42.3154,43.3569,2002/10/20,0,0,0
Mayotte,Greece,39.0742,21.8243,2002/10/20,0,0,0
Netherlands,North Macedonia,41.6086,21.7453,2002/10/20,0,0,0
Nova Scotia,Norway,60.472,8.4689,2002/10/20,0,0,0
Guadeloupe,Romania,45.9432,24.9668,2002/10/20,0,0,0
Curacao,Estonia,58.5953,25.0136,2002/10/20,0,0,0
Virgin Islands,San Marino,43.9424,12.4578,2002/10/20,0,0,0
Cayman Islands,Belarus,53.7098,27.9534,2002/10/20,0,0,0
Reunion,Iceland,64.9631,-19.0208,2002/10/20,0,0,0
Aruba,Lithuania,55.1694,23.8813,2002/10/20,0,0,0
Montserrat,Mexico,23.6345,-102.5528,2002/10/20,0,0,0
Greenland,New Zealand,-40.9006,174.886,2002/10/20,0,0,0
New Caledonia,Nigeria,9.082,8.6753,2002/10/20,0,0,0
Bermuda,Australia,-31.9505,115.8605,2002/10/20,0,0,0
Sint Maarten,Ireland,53.1424,-7.6921,2002/10/20,0,0,0
Isle of Man,Luxembourg,49.8153,6.1296,2002/10/20,0,0,0
Northwest Territories,Monaco,43.7333,7.4167,2002/10/20,0,0,0
British Columbia,Qatar,25.3548,51.1839,2002/10/20,0,0,0
New South Wales,Ecuador,-1.8312,-78.1834,2002/10/20,0,0,0
Victoria,Azerbaijan,40.1431,47.5769,2002/10/20,0,0,0
Queensland,Armenia,40.0691,45.0382,2002/10/20,0,0,0
South Australia,Dominican Republic,18.7357,-70.1627,2002/10/20,0,0,0
From Diamond Princess,Indonesia,-0.7893,113.9213,2002/10/20,0,0,0
Western Australia,Portugal,39.3999,-8.2245,2002/10/20,0,0,0
Tasmania,Andorra,42.5063,1.5218,2002/10/20,0,0,0
Northern Territory,Australia,-41.4545,145.9707,2002/10/20,0,0,0
Ontario,Latvia,56.8796,24.6032,2002/10/20,0,0,0
Alberta,Morocco,31.7917,-7.0926,2002/10/20,0,0,0
Quebec,Saudi Arabia,24,45,2002/10/20,0,0,0
Washington,Senegal,14.4974,-14.4524,2002/10/20,0,0,0
New York,Argentina,-38.4161,-63.6167,2002/10/20,0,0,0
California,Chile,-35.6751,-71.543,2002/10/20,0,0,0
Massachusetts,Jordan,31.24,36.51,2002/10/20,0,0,0
Diamond Princess,Ukraine,48.3794,31.1656,2002/10/20,0,0,0
Grand Princess,Hungary,47.1625,19.5033,2002/10/20,0,0,0
Georgia,Australia,-12.4634,130.8456,2002/10/20,0,0,0
Colorado,Liechtenstein,47.14,9.55,2002/10/20,0,0,0
Florida,Poland,51.9194,19.1451,2002/10/20,0,0,0
New Jersey,Tunisia,34,9,2002/10/20,0,0,0
Oregon,Bosnia and Herzegovina,43.9159,17.6791,2002/10/20,0,0,0
Texas,Slovenia,46.1512,14.9955,2002/10/20,0,0,0
Illinois,South Africa,-30.5595,22.9375,2002/10/20,0,0,0
Pennsylvania,Bhutan,27.5142,90.4336,2002/10/20,0,0,0
Iowa,Cameroon,3.848,11.5021,2002/10/20,0,0,0
Maryland,Colombia,4.5709,-74.2973,2002/10/20,0,0,0
North Carolina,Costa Rica,9.7489,-83.7534,2002/10/20,0,0,0
South Carolina,Peru,-9.19,-75.0152,2002/10/20,0,0,0
Tennessee,Serbia,44.0165,21.0059,2002/10/20,0,0,0
Virginia,Slovakia,48.669,19.699,2002/10/20,0,0,0
Arizona,Togo,8.6195,0.8248,2002/10/20,0,0,0
Indiana,Malta,35.9375,14.3754,2002/10/20,0,0,0
Kentucky,Martinique,14.6415,-61.0242,2002/10/20,0,0,0
District of Columbia,Bulgaria,42.7339,25.4858,2002/10/20,0,0,0
Nevada,Maldives,3.2028,73.2207,2002/10/20,0,0,0
New Hampshire,Bangladesh,23.685,90.3563,2002/10/20,0,0,0
Minnesota,Paraguay,-23.4425,-58.4438,2002/10/20,0,0,0
Nebraska,Canada,51.2538,-85.3232,2002/10/20,3,0,0
Ohio,Canada,53.9333,-116.5765,2002/10/20,0,0,0
Rhode Island,Canada,52.9399,-73.5491,2002/10/20,0,0,0
Wisconsin,Albania,41.1533,20.1683,2002/10/20,0,0,0
Connecticut,Cyprus,35.1264,33.4299,2002/10/20,0,0,0
Hawaii,Brunei,4.5353,114.7277,2002/10/20,0,0,0
Oklahoma,US,47.4009,-121.4905,2002/10/20,0,0,0
Utah,US,42.1657,-74.9481,2002/10/20,0,0,0
Kansas,US,36.1162,-119.6816,2002/10/20,0,0,0
Louisiana,US,42.2302,-71.5301,2002/10/20,0,0,0
Missouri,US,35.4437,139.638,2002/10/20,0,0,0
Vermont,US,37.6489,-122.6655,2002/10/20,0,0,0
Alaska,US,33.0406,-83.6431,2002/10/20,0,0,0
Arkansas,US,39.0598,-105.3111,2002/10/20,0,0,0
Delaware,US,27.7663,-81.6868,2002/10/20,0,0,0
Idaho,US,40.2989,-74.521,2002/10/20,0,0,0
Maine,US,44.572,-122.0709,2002/10/20,0,0,0
Michigan,US,31.0545,-97.5635,2002/10/20,0,0,0
Mississippi,US,40.3495,-88.9861,2002/10/20,0,0,0
Montana,US,40.5908,-77.2098,2002/10/20,0,0,0
New Mexico,US,42.0115,-93.2105,2002/10/20,0,0,0
North Dakota,US,39.0639,-76.8021,2002/10/20,0,0,0
South Dakota,US,35.6301,-79.8064,2002/10/20,0,0,0
West Virginia,US,33.8569,-80.945,2002/10/20,0,0,0
Wyoming,US,35.7478,-86.6923,2002/10/20,0,0,0
France,US,37.7693,-78.17,2002/10/20,0,0,0
Diamond Princess,US,33.7298,-111.4312,2002/10/20,0,0,0
Denmark,US,39.8494,-86.2583,2002/10/20,0,0,0
Faroe Islands,US,37.6681,-84.6701,2002/10/20,0,0,0
St Martin,US,38.8974,-77.0268,2002/10/20,0,0,0
Channel Islands,US,38.3135,-117.0554,2002/10/20,0,0,0
New Brunswick,US,43.4525,-71.5639,2002/10/20,0,0,0
Saint Barthelemy,US,45.6945,-93.9002,2002/10/20,0,0,0
Gibraltar,US,41.1254,-98.2681,2002/10/20,0,0,0
Australian Capital Territory,US,40.3888,-82.7649,2002/10/20,0,0,0
United Kingdom,US,41.6809,-71.5118,2002/10/20,0,0,0
French Polynesia,US,44.2685,-89.6165,2002/10/20,0,0,0
Manitoba,US,41.5978,-72.7554,2002/10/20,0,0,0
Saskatchewan,US,21.0943,-157.4983,2002/10/20,0,0,0
Grand Princess,US,35.5653,-96.9289,2002/10/20,0,0,0
Alabama,US,40.15,-111.8624,2002/10/20,0,0,0
Puerto Rico,Burkina Faso,12.2383,-1.5616,2002/10/20,0,0,0
French Guiana,Holy See,41.9029,12.4534,2002/10/20,0,0,0
Guam,Mongolia,46.8625,103.8467,2002/10/20,0,0,0
Newfoundland and Labrador,Panama,8.538,-80.7821,2002/10/20,0,0,0
Prince Edward Island,US,38.5266,-96.7265,2002/10/20,0,0,0
Mayotte,US,31.1695,-91.8678,2002/10/20,0,0,0
Netherlands,US,38.4561,-92.2884,2002/10/20,0,0,0
Nova Scotia,US,44.0459,-72.7107,2002/10/20,0,0,0
Guadeloupe,US,61.3707,-152.4044,2002/10/20,0,0,0
Curacao,US,34.9697,-92.3731,2002/10/20,0,0,0
Virgin Islands,US,39.3185,-75.5071,2002/10/20,0,0,0
Cayman Islands,US,44.2405,-114.4788,2002/10/20,0,0,0
Reunion,US,44.6939,-69.3819,2002/10/20,0,0,0
Aruba,US,43.3266,-84.5361,2002/10/20,0,0,0
Montserrat,US,32.7416,-89.6787,2002/10/20,0,0,0
Greenland,US,46.9219,-110.4544,2002/10/20,0,0,0
New Caledonia,US,34.8405,-106.2485,2002/10/20,0,0,0
Bermuda,US,47.5289,-99.784,2002/10/20,0,0,0
Sint Maarten,US,44.2998,-99.4388,2002/10/20,0,0,0
Isle of Man,US,38.4912,-80.9545,2002/10/20,0,0,0
Northwest Territories,US,42.756,-107.3025,2002/10/20,0,0,0
British Columbia,Iran,32,53,2002/10/20,0,0,0
New South Wales,South Korea,36,128,2002/10/20,27,0,3
Victoria,France,46.2276,2.2137,2002/10/20,11,0,0
Queensland,Cruise Ship,35.4437,139.638,2002/10/20,135,0,0
South Australia,Denmark,56.2639,9.5018,2002/10/20,0,0,0
From Diamond Princess,Czechia,49.8175,15.473,2002/10/20,0,0,0
Western Australia,Taiwan*,23.7,121,2002/10/20,18,0,1
Tasmania,Vietnam,16,108,2002/10/20,14,0,1
Northern Territory,Russia,60,90,2002/10/20,2,0,0
Ontario,Moldova,47.4116,28.3699,2002/10/20,0,0,0
Alberta,Bolivia,-16.2902,-63.5887,2002/10/20,0,0,0
Quebec,Denmark,61.8926,-6.9118,2002/10/20,0,0,0
Washington,France,18.0708,-63.0501,2002/10/20,0,0,0
New York,Honduras,15.2,-86.2419,2002/10/20,0,0,0
California,United Kingdom,49.3723,-2.3644,2002/10/20,0,0,0
Massachusetts,Canada,46.5653,-66.4619,2002/10/20,0,0,0
Diamond Princess,Congo (Kinshasa),-4.0383,21.7587,2002/10/20,0,0,0
Grand Princess,Cote d'Ivoire,7.54,-5.5471,2002/10/20,0,0,0
Georgia,France,17.9,-62.8333,2002/10/20,0,0,0
Colorado,Jamaica,18.1096,-77.2975,2002/10/20,0,0,0
Florida,Turkey,38.9637,35.2433,2002/10/20,0,0,0
New Jersey,United Kingdom,36.1408,-5.3536,2002/10/20,0,0,0
Oregon,Cuba,22,-80,2002/10/20,0,0,0
Texas,Guyana,5,-58.75,2002/10/20,0,0,0
Illinois,Australia,-35.4735,149.0124,2002/10/20,0,0,0
Pennsylvania,United Kingdom,55.3781,-3.436,2002/10/20,8,0,0
Iowa,Kazakhstan,48.0196,66.9237,2002/10/20,0,0,0
Maryland,France,-17.6797,149.4068,2002/10/20,0,0,0
North Carolina,Canada,53.7609,-98.8139,2002/10/20,0,0,0
South Carolina,Canada,52.9399,-106.4509,2002/10/20,0,0,0
Tennessee,Ethiopia,9.145,40.4897,2002/10/20,0,0,0
Virginia,Sudan,12.8628,30.2176,2002/10/20,0,0,0
Arizona,Guinea,9.9456,-9.6966,2002/10/20,0,0,0
Indiana,Canada,37.6489,-122.6655,2002/10/20,0,0,0
Kentucky,Kenya,-0.0236,37.9062,2002/10/20,0,0,0
District of Columbia,Antigua and Barbuda,17.0608,-61.7964,2002/10/20,0,0,0
Nevada,US,32.3182,-86.9023,2002/10/20,0,0,0
New Hampshire,Uruguay,-32.5228,-55.7658,2002/10/20,0,0,0
Minnesota,Ghana,7.9465,-1.0232,2002/10/20,0,0,0
Nebraska,US,18.2208,-66.5901,2002/10/20,0,0,0
Ohio,Namibia,-22.9576,18.4904,2002/10/20,0,0,0
Rhode Island,Seychelles,-4.6796,55.492,2002/10/20,0,0,0
Wisconsin,Trinidad and Tobago,10.6918,-61.2225,2002/10/20,0,0,0
Connecticut,Venezuela,6.4238,-66.5897,2002/10/20,0,0,0
Hawaii,Eswatini,-26.5225,31.4659,2002/10/20,0,0,0
Oklahoma,Gabon,-0.8037,11.6094,2002/10/20,0,0,0
Utah,Guatemala,15.7835,-90.2308,2002/10/20,0,0,0
Kansas,Mauritania,21.0079,10.9408,2002/10/20,0,0,0
Louisiana,Rwanda,-1.9403,29.8739,2002/10/20,0,0,0
Missouri,Saint Lucia,13.9094,-60.9789,2002/10/20,0,0,0
Vermont,Saint Vincent and the Grenadines,12.9843,-61.2872,2002/10/20,0,0,0
Alaska,Suriname,3.9193,-56.0278,2002/10/20,0,0,0
Arkansas,France,3.9339,-53.1258,2002/10/20,0,0,0
Delaware,US,13.4443,144.7937,2002/10/20,0,0,0
Idaho,Kosovo,42.6026,20.903,2002/10/20,0,0,0
Maine,Canada,53.1355,-57.6604,2002/10/20,0,0,0
Michigan,Canada,46.5107,-63.4168,2002/10/20,0,0,0
Mississippi,Central African Republic,6.6111,20.9394,2002/10/20,0,0,0
Montana,Congo (Brazzaville),-4.0383,21.7587,2002/10/20,0,0,0
New Mexico,Equatorial Guinea,1.5,10,2002/10/20,0,0,0
North Dakota,France,-12.8275,45.1662,2002/10/20,0,0,0
South Dakota,Uzbekistan,41.3775,64.5853,2002/10/20,0,0,0
West Virginia,Netherlands,52.1326,5.2913,2002/10/20,0,0,0
Wyoming,Canada,44.682,-63.7443,2002/10/20,0,0,0
France,France,16.25,-61.5833,2002/10/20,0,0,0
Diamond Princess,Benin,9.3077,2.3158,2002/10/20,0,0,0
Denmark,Liberia,6.4281,-9.4295,2002/10/20,0,0,0
Faroe Islands,Netherlands,12.1696,-68.99,2002/10/20,0,0,0
St Martin,Somalia,5.1521,46.1996,2002/10/20,0,0,0
Channel Islands,Tanzania,-6.369,34.8888,2002/10/20,0,0,0
New Brunswick,US,18.3358,-64.8963,2002/10/20,0,0,0
Saint Barthelemy,United Kingdom,19.3133,-81.2546,2002/10/20,0,0,0
Gibraltar,France,-21.1351,55.2471,2002/10/20,0,0,0
Australian Capital Territory,Barbados,13.1939,-59.5432,2002/10/20,0,0,0
United Kingdom,Montenegro,42.5,19.3,2002/10/20,0,0,0
French Polynesia,Kyrgyzstan,41.2044,74.7661,2002/10/20,0,0,0
Manitoba,Mauritius,-20.2,57.5,2002/10/20,0,0,0
Saskatchewan,Netherlands,12.5186,-70.0358,2002/10/20,0,0,0
Grand Princess,Zambia,-15.4167,28.2833,2002/10/20,0,0,0
Alabama,Djibouti,11.8251,42.5903,2002/10/20,0,0,0
Puerto Rico,"Gambia, The",13.4432,-15.3101,2002/10/20,0,0,0
French Guiana,United Kingdom,16.7425,-62.1874,2002/10/20,0,0,0
Guam,"Bahamas, The",25.0343,-77.3963,2002/10/20,0,0,0
Newfoundland and Labrador,Denmark,71.7069,-42.6043,2002/10/20,0,0,0
Prince Edward Island,France,-20.9043,165.618,2002/10/20,0,0,0
Mayotte,United Kingdom,32.3078,-64.7505,2002/10/20,0,0,0
Netherlands,Chad,15.4542,18.7322,2002/10/20,0,0,0
Nova Scotia,El Salvador,13.7942,-88.8965,2002/10/20,0,0,0
Guadeloupe,Fiji,-17.7134,178.065,2002/10/20,0,0,0
Curacao,Nicaragua,12.8654,-85.2072,2002/10/20,0,0,0
Virgin Islands,Madagascar,-18.7669,46.8691,2002/10/20,0,0,0
Cayman Islands,Haiti,18.9712,-72.2852,2002/10/20,0,0,0
Reunion,Angola,-11.2027,17.8739,2002/10/20,0,0,0
Aruba,Cabo Verde,16.5388,-23.0418,2002/10/20,0,0,0
Montserrat,Netherlands,18.0425,-63.0548,2002/10/20,0,0,0
Greenland,Niger,17.6078,8.0817,2002/10/20,0,0,0
New Caledonia,Papua New Guinea,-6.315,143.9555,2002/10/20,0,0,0
Bermuda,United Kingdom,54.2361,-4.5481,2002/10/20,0,0,0
Sint Maarten,Zimbabwe,-20,30,2002/10/20,0,0,0
Isle of Man,Canada,64.8255,-124.8457,2002/10/20,0,0,0
Northwest Territories,Cape Verde,15.1111,-23.6167,2002/10/20,0,0,0
British Columbia,East Timor,-8.55,125.56,2002/10/20,0,0,0
New South Wales,Eritrea,15.1794,39.7823,2002/10/20,0,0,0
Victoria,Uganda,1,32,2002/10/20,0,0,0
Queensland,Dominica,15.415,-61.371,2002/10/20,0,0,0
South Australia,Grenada,12.1165,-61.679,2002/10/20,0,0,0
From Diamond Princess,Mozambique,-18.6657,35.5296,2002/10/20,0,0,0
Western Australia,Syria,34.8021,38.9968,2002/10/20,0,0,0
Tasmania,Timor-Leste,-8.8742,125.7275,2002/10/20,0,0,0
Northern Territory,Thailand,15,101,2002/11/20,33,0,10
Ontario,Japan,36,138,2002/11/20,26,0,9
Alberta,Singapore,1.2833,103.8333,2002/11/20,47,0,9
Quebec,Nepal,28.1667,84.25,2002/11/20,1,0,0
Washington,Malaysia,2.5,112.5,2002/11/20,18,0,3
New York,Canada,49.2827,-123.1207,2002/11/20,4,0,0
California,Australia,-33.8688,151.2093,2002/11/20,4,0,2
Massachusetts,Australia,-37.8136,144.9631,2002/11/20,4,0,0
Diamond Princess,Australia,-28.0167,153.4,2002/11/20,5,0,0
Grand Princess,Cambodia,11.55,104.9167,2002/11/20,1,0,0
Georgia,Sri Lanka,7,81,2002/11/20,1,0,1
Colorado,Germany,51,9,2002/11/20,16,0,0
Florida,Finland,64,26,2002/11/20,1,0,0
New Jersey,United Arab Emirates,24,54,2002/11/20,8,0,0
Oregon,Philippines,13,122,2002/11/20,3,1,0
Texas,India,21,78,2002/11/20,3,0,0
Illinois,Italy,43,12,2002/11/20,3,0,0
Pennsylvania,Sweden,63,16,2002/11/20,1,0,0
Iowa,Spain,40,-4,2002/11/20,2,0,0
Maryland,Australia,-34.9285,138.6007,2002/11/20,2,0,0
North Carolina,Belgium,50.8333,4,2002/11/20,1,0,0
South Carolina,Egypt,26,30,2002/11/20,0,0,0
Tennessee,Australia,35.4437,139.638,2002/11/20,0,0,0
Virginia,Lebanon,33.8547,35.8623,2002/11/20,0,0,0
Arizona,Iraq,33,44,2002/11/20,0,0,0
Indiana,Oman,21,57,2002/11/20,0,0,0
Kentucky,Afghanistan,33,65,2002/11/20,0,0,0
District of Columbia,Bahrain,26.0275,50.55,2002/11/20,0,0,0
Nevada,Kuwait,29.5,47.75,2002/11/20,0,0,0
New Hampshire,Algeria,28.0339,1.6596,2002/11/20,0,0,0
Minnesota,Croatia,45.1,15.2,2002/11/20,0,0,0
Nebraska,Switzerland,46.8182,8.2275,2002/11/20,0,0,0
Ohio,Austria,47.5162,14.5501,2002/11/20,0,0,0
Rhode Island,Israel,31,35,2002/11/20,0,0,0
Wisconsin,Pakistan,30.3753,69.3451,2002/11/20,0,0,0
Connecticut,Brazil,-14.235,-51.9253,2002/11/20,0,0,0
Hawaii,Georgia,42.3154,43.3569,2002/11/20,0,0,0
Oklahoma,Greece,39.0742,21.8243,2002/11/20,0,0,0
Utah,North Macedonia,41.6086,21.7453,2002/11/20,0,0,0
Kansas,Norway,60.472,8.4689,2002/11/20,0,0,0
Louisiana,Romania,45.9432,24.9668,2002/11/20,0,0,0
Missouri,Estonia,58.5953,25.0136,2002/11/20,0,0,0
Vermont,San Marino,43.9424,12.4578,2002/11/20,0,0,0
Alaska,Belarus,53.7098,27.9534,2002/11/20,0,0,0
Arkansas,Iceland,64.9631,-19.0208,2002/11/20,0,0,0
Delaware,Lithuania,55.1694,23.8813,2002/11/20,0,0,0
Idaho,Mexico,23.6345,-102.5528,2002/11/20,0,0,0
Maine,New Zealand,-40.9006,174.886,2002/11/20,0,0,0
Michigan,Nigeria,9.082,8.6753,2002/11/20,0,0,0
Mississippi,Australia,-31.9505,115.8605,2002/11/20,0,0,0
Montana,Ireland,53.1424,-7.6921,2002/11/20,0,0,0
New Mexico,Luxembourg,49.8153,6.1296,2002/11/20,0,0,0
North Dakota,Monaco,43.7333,7.4167,2002/11/20,0,0,0
South Dakota,Qatar,25.3548,51.1839,2002/11/20,0,0,0
West Virginia,Ecuador,-1.8312,-78.1834,2002/11/20,0,0,0
Wyoming,Azerbaijan,40.1431,47.5769,2002/11/20,0,0,0
France,Armenia,40.0691,45.0382,2002/11/20,0,0,0
Diamond Princess,Dominican Republic,18.7357,-70.1627,2002/11/20,0,0,0
Denmark,Indonesia,-0.7893,113.9213,2002/11/20,0,0,0
Faroe Islands,Portugal,39.3999,-8.2245,2002/11/20,0,0,0
St Martin,Andorra,42.5063,1.5218,2002/11/20,0,0,0
Channel Islands,Australia,-41.4545,145.9707,2002/11/20,0,0,0
New Brunswick,Latvia,56.8796,24.6032,2002/11/20,0,0,0
Saint Barthelemy,Morocco,31.7917,-7.0926,2002/11/20,0,0,0
Gibraltar,Saudi Arabia,24,45,2002/11/20,0,0,0
Australian Capital Territory,Senegal,14.4974,-14.4524,2002/11/20,0,0,0
United Kingdom,Argentina,-38.4161,-63.6167,2002/11/20,0,0,0
French Polynesia,Chile,-35.6751,-71.543,2002/11/20,0,0,0
Manitoba,Jordan,31.24,36.51,2002/11/20,0,0,0
Saskatchewan,Ukraine,48.3794,31.1656,2002/11/20,0,0,0
Grand Princess,Hungary,47.1625,19.5033,2002/11/20,0,0,0
Alabama,Australia,-12.4634,130.8456,2002/11/20,0,0,0
Puerto Rico,Liechtenstein,47.14,9.55,2002/11/20,0,0,0
French Guiana,Poland,51.9194,19.1451,2002/11/20,0,0,0
Guam,Tunisia,34,9,2002/11/20,0,0,0
Newfoundland and Labrador,Bosnia and Herzegovina,43.9159,17.6791,2002/11/20,0,0,0
Prince Edward Island,Slovenia,46.1512,14.9955,2002/11/20,0,0,0
Mayotte,South Africa,-30.5595,22.9375,2002/11/20,0,0,0
Netherlands,Bhutan,27.5142,90.4336,2002/11/20,0,0,0
Nova Scotia,Cameroon,3.848,11.5021,2002/11/20,0,0,0
Guadeloupe,Colombia,4.5709,-74.2973,2002/11/20,0,0,0
Curacao,Costa Rica,9.7489,-83.7534,2002/11/20,0,0,0
Virgin Islands,Peru,-9.19,-75.0152,2002/11/20,0,0,0
Cayman Islands,Serbia,44.0165,21.0059,2002/11/20,0,0,0
Reunion,Slovakia,48.669,19.699,2002/11/20,0,0,0
Aruba,Togo,8.6195,0.8248,2002/11/20,0,0,0
Montserrat,Malta,35.9375,14.3754,2002/11/20,0,0,0
Greenland,Martinique,14.6415,-61.0242,2002/11/20,0,0,0
New Caledonia,Bulgaria,42.7339,25.4858,2002/11/20,0,0,0
Bermuda,Maldives,3.2028,73.2207,2002/11/20,0,0,0
Sint Maarten,Bangladesh,23.685,90.3563,2002/11/20,0,0,0
Isle of Man,Paraguay,-23.4425,-58.4438,2002/11/20,0,0,0
Northwest Territories,Canada,51.2538,-85.3232,2002/11/20,3,0,0
British Columbia,Canada,53.9333,-116.5765,2002/11/20,0,0,0
New South Wales,Canada,52.9399,-73.5491,2002/11/20,0,0,0
Victoria,Albania,41.1533,20.1683,2002/11/20,0,0,0
Queensland,Cyprus,35.1264,33.4299,2002/11/20,0,0,0
South Australia,Brunei,4.5353,114.7277,2002/11/20,0,0,0
From Diamond Princess,US,47.4009,-121.4905,2002/11/20,0,0,0
Western Australia,US,42.1657,-74.9481,2002/11/20,0,0,0
Tasmania,US,36.1162,-119.6816,2002/11/20,0,0,0
Northern Territory,US,42.2302,-71.5301,2002/11/20,0,0,0
Ontario,US,35.4437,139.638,2002/11/20,0,0,0
Alberta,US,37.6489,-122.6655,2002/11/20,0,0,0
Quebec,US,33.0406,-83.6431,2002/11/20,0,0,0
Washington,US,39.0598,-105.3111,2002/11/20,0,0,0
New York,US,27.7663,-81.6868,2002/11/20,0,0,0
California,US,40.2989,-74.521,2002/11/20,0,0,0
Massachusetts,US,44.572,-122.0709,2002/11/20,0,0,0
Diamond Princess,US,31.0545,-97.5635,2002/11/20,0,0,0
Grand Princess,US,40.3495,-88.9861,2002/11/20,0,0,0
Georgia,US,40.5908,-77.2098,2002/11/20,0,0,0
Colorado,US,42.0115,-93.2105,2002/11/20,0,0,0
Florida,US,39.0639,-76.8021,2002/11/20,0,0,0
New Jersey,US,35.6301,-79.8064,2002/11/20,0,0,0
Oregon,US,33.8569,-80.945,2002/11/20,0,0,0
Texas,US,35.7478,-86.6923,2002/11/20,0,0,0
Illinois,US,37.7693,-78.17,2002/11/20,0,0,0
Pennsylvania,US,33.7298,-111.4312,2002/11/20,0,0,0
Iowa,US,39.8494,-86.2583,2002/11/20,0,0,0
Maryland,US,37.6681,-84.6701,2002/11/20,0,0,0
North Carolina,US,38.8974,-77.0268,2002/11/20,0,0,0
South Carolina,US,38.3135,-117.0554,2002/11/20,0,0,0
Tennessee,US,43.4525,-71.5639,2002/11/20,0,0,0
Virginia,US,45.6945,-93.9002,2002/11/20,0,0,0
Arizona,US,41.1254,-98.2681,2002/11/20,0,0,0
Indiana,US,40.3888,-82.7649,2002/11/20,0,0,0
Kentucky,US,41.6809,-71.5118,2002/11/20,0,0,0
District of Columbia,US,44.2685,-89.6165,2002/11/20,0,0,0
Nevada,US,41.5978,-72.7554,2002/11/20,0,0,0
New Hampshire,US,21.0943,-157.4983,2002/11/20,0,0,0
Minnesota,US,35.5653,-96.9289,2002/11/20,0,0,0
Nebraska,US,40.15,-111.8624,2002/11/20,0,0,0
Ohio,Burkina Faso,12.2383,-1.5616,2002/11/20,0,0,0
Rhode Island,Holy See,41.9029,12.4534,2002/11/20,0,0,0
Wisconsin,Mongolia,46.8625,103.8467,2002/11/20,0,0,0
Connecticut,Panama,8.538,-80.7821,2002/11/20,0,0,0
Hawaii,US,38.5266,-96.7265,2002/11/20,0,0,0
Oklahoma,US,31.1695,-91.8678,2002/11/20,0,0,0
Utah,US,38.4561,-92.2884,2002/11/20,0,0,0
Kansas,US,44.0459,-72.7107,2002/11/20,0,0,0
Louisiana,US,61.3707,-152.4044,2002/11/20,0,0,0
Missouri,US,34.9697,-92.3731,2002/11/20,0,0,0
Vermont,US,39.3185,-75.5071,2002/11/20,0,0,0
Alaska,US,44.2405,-114.4788,2002/11/20,0,0,0
Arkansas,US,44.6939,-69.3819,2002/11/20,0,0,0
Delaware,US,43.3266,-84.5361,2002/11/20,0,0,0
Idaho,US,32.7416,-89.6787,2002/11/20,0,0,0
Maine,US,46.9219,-110.4544,2002/11/20,0,0,0
Michigan,US,34.8405,-106.2485,2002/11/20,0,0,0
Mississippi,US,47.5289,-99.784,2002/11/20,0,0,0
Montana,US,44.2998,-99.4388,2002/11/20,0,0,0
New Mexico,US,38.4912,-80.9545,2002/11/20,0,0,0
North Dakota,US,42.756,-107.3025,2002/11/20,0,0,0
South Dakota,Iran,32,53,2002/11/20,0,0,0
West Virginia,South Korea,36,128,2002/11/20,28,0,3
Wyoming,France,46.2276,2.2137,2002/11/20,11,0,0
France,Cruise Ship,35.4437,139.638,2002/11/20,135,0,0
Diamond Princess,Denmark,56.2639,9.5018,2002/11/20,0,0,0
Denmark,Czechia,49.8175,15.473,2002/11/20,0,0,0
Faroe Islands,Taiwan*,23.7,121,2002/11/20,18,0,1
St Martin,Vietnam,16,108,2002/11/20,15,0,6
Channel Islands,Russia,60,90,2002/11/20,2,0,0
New Brunswick,Moldova,47.4116,28.3699,2002/11/20,0,0,0
Saint Barthelemy,Bolivia,-16.2902,-63.5887,2002/11/20,0,0,0
Gibraltar,Denmark,61.8926,-6.9118,2002/11/20,0,0,0
Australian Capital Territory,France,18.0708,-63.0501,2002/11/20,0,0,0
United Kingdom,Honduras,15.2,-86.2419,2002/11/20,0,0,0
French Polynesia,United Kingdom,49.3723,-2.3644,2002/11/20,0,0,0
Manitoba,Canada,46.5653,-66.4619,2002/11/20,0,0,0
Saskatchewan,Congo (Kinshasa),-4.0383,21.7587,2002/11/20,0,0,0
Grand Princess,Cote d'Ivoire,7.54,-5.5471,2002/11/20,0,0,0
Alabama,France,17.9,-62.8333,2002/11/20,0,0,0
Puerto Rico,Jamaica,18.1096,-77.2975,2002/11/20,0,0,0
French Guiana,Turkey,38.9637,35.2433,2002/11/20,0,0,0
Guam,United Kingdom,36.1408,-5.3536,2002/11/20,0,0,0
Newfoundland and Labrador,Cuba,22,-80,2002/11/20,0,0,0
Prince Edward Island,Guyana,5,-58.75,2002/11/20,0,0,0
Mayotte,Australia,-35.4735,149.0124,2002/11/20,0,0,0
Netherlands,United Kingdom,55.3781,-3.436,2002/11/20,8,0,0
Nova Scotia,Kazakhstan,48.0196,66.9237,2002/11/20,0,0,0
Guadeloupe,France,-17.6797,149.4068,2002/11/20,0,0,0
Curacao,Canada,53.7609,-98.8139,2002/11/20,0,0,0
Virgin Islands,Canada,52.9399,-106.4509,2002/11/20,0,0,0
Cayman Islands,Ethiopia,9.145,40.4897,2002/11/20,0,0,0
Reunion,Sudan,12.8628,30.2176,2002/11/20,0,0,0
Aruba,Guinea,9.9456,-9.6966,2002/11/20,0,0,0
Montserrat,Canada,37.6489,-122.6655,2002/11/20,0,0,0
Greenland,Kenya,-0.0236,37.9062,2002/11/20,0,0,0
New Caledonia,Antigua and Barbuda,17.0608,-61.7964,2002/11/20,0,0,0
Bermuda,US,32.3182,-86.9023,2002/11/20,0,0,0
Sint Maarten,Uruguay,-32.5228,-55.7658,2002/11/20,0,0,0
Isle of Man,Ghana,7.9465,-1.0232,2002/11/20,0,0,0
Northwest Territories,US,18.2208,-66.5901,2002/11/20,0,0,0
British Columbia,Namibia,-22.9576,18.4904,2002/11/20,0,0,0
New South Wales,Seychelles,-4.6796,55.492,2002/11/20,0,0,0
Victoria,Trinidad and Tobago,10.6918,-61.2225,2002/11/20,0,0,0
Queensland,Venezuela,6.4238,-66.5897,2002/11/20,0,0,0
South Australia,Eswatini,-26.5225,31.4659,2002/11/20,0,0,0
From Diamond Princess,Gabon,-0.8037,11.6094,2002/11/20,0,0,0
Western Australia,Guatemala,15.7835,-90.2308,2002/11/20,0,0,0
Tasmania,Mauritania,21.0079,10.9408,2002/11/20,0,0,0
Northern Territory,Rwanda,-1.9403,29.8739,2002/11/20,0,0,0
Ontario,Saint Lucia,13.9094,-60.9789,2002/11/20,0,0,0
Alberta,Saint Vincent and the Grenadines,12.9843,-61.2872,2002/11/20,0,0,0
Quebec,Suriname,3.9193,-56.0278,2002/11/20,0,0,0
Washington,France,3.9339,-53.1258,2002/11/20,0,0,0
New York,US,13.4443,144.7937,2002/11/20,0,0,0
California,Kosovo,42.6026,20.903,2002/11/20,0,0,0
Massachusetts,Canada,53.1355,-57.6604,2002/11/20,0,0,0
Diamond Princess,Canada,46.5107,-63.4168,2002/11/20,0,0,0
Grand Princess,Central African Republic,6.6111,20.9394,2002/11/20,0,0,0
Georgia,Congo (Brazzaville),-4.0383,21.7587,2002/11/20,0,0,0
Colorado,Equatorial Guinea,1.5,10,2002/11/20,0,0,0
Florida,France,-12.8275,45.1662,2002/11/20,0,0,0
New Jersey,Uzbekistan,41.3775,64.5853,2002/11/20,0,0,0
Oregon,Netherlands,52.1326,5.2913,2002/11/20,0,0,0
Texas,Canada,44.682,-63.7443,2002/11/20,0,0,0
Illinois,France,16.25,-61.5833,2002/11/20,0,0,0
Pennsylvania,Benin,9.3077,2.3158,2002/11/20,0,0,0
Iowa,Liberia,6.4281,-9.4295,2002/11/20,0,0,0
Maryland,Netherlands,12.1696,-68.99,2002/11/20,0,0,0
North Carolina,Somalia,5.1521,46.1996,2002/11/20,0,0,0
South Carolina,Tanzania,-6.369,34.8888,2002/11/20,0,0,0
Tennessee,US,18.3358,-64.8963,2002/11/20,0,0,0
Virginia,United Kingdom,19.3133,-81.2546,2002/11/20,0,0,0
Arizona,France,-21.1351,55.2471,2002/11/20,0,0,0
Indiana,Barbados,13.1939,-59.5432,2002/11/20,0,0,0
Kentucky,Montenegro,42.5,19.3,2002/11/20,0,0,0
District of Columbia,Kyrgyzstan,41.2044,74.7661,2002/11/20,0,0,0
Nevada,Mauritius,-20.2,57.5,2002/11/20,0,0,0
New Hampshire,Netherlands,12.5186,-70.0358,2002/11/20,0,0,0
Minnesota,Zambia,-15.4167,28.2833,2002/11/20,0,0,0
Nebraska,Djibouti,11.8251,42.5903,2002/11/20,0,0,0
Ohio,"Gambia, The",13.4432,-15.3101,2002/11/20,0,0,0
Rhode Island,United Kingdom,16.7425,-62.1874,2002/11/20,0,0,0
Wisconsin,"Bahamas, The",25.0343,-77.3963,2002/11/20,0,0,0
Connecticut,Denmark,71.7069,-42.6043,2002/11/20,0,0,0
Hawaii,France,-20.9043,165.618,2002/11/20,0,0,0
Oklahoma,United Kingdom,32.3078,-64.7505,2002/11/20,0,0,0
Utah,Chad,15.4542,18.7322,2002/11/20,0,0,0
Kansas,El Salvador,13.7942,-88.8965,2002/11/20,0,0,0
Louisiana,Fiji,-17.7134,178.065,2002/11/20,0,0,0
Missouri,Nicaragua,12.8654,-85.2072,2002/11/20,0,0,0
Vermont,Madagascar,-18.7669,46.8691,2002/11/20,0,0,0
Alaska,Haiti,18.9712,-72.2852,2002/11/20,0,0,0
Arkansas,Angola,-11.2027,17.8739,2002/11/20,0,0,0
Delaware,Cabo Verde,16.5388,-23.0418,2002/11/20,0,0,0
Idaho,Netherlands,18.0425,-63.0548,2002/11/20,0,0,0
Maine,Niger,17.6078,8.0817,2002/11/20,0,0,0
Michigan,Papua New Guinea,-6.315,143.9555,2002/11/20,0,0,0
Mississippi,United Kingdom,54.2361,-4.5481,2002/11/20,0,0,0
Montana,Zimbabwe,-20,30,2002/11/20,0,0,0
New Mexico,Canada,64.8255,-124.8457,2002/11/20,0,0,0
North Dakota,Cape Verde,15.1111,-23.6167,2002/11/20,0,0,0
South Dakota,East Timor,-8.55,125.56,2002/11/20,0,0,0
West Virginia,Eritrea,15.1794,39.7823,2002/11/20,0,0,0
Wyoming,Uganda,1,32,2002/11/20,0,0,0
France,Dominica,15.415,-61.371,2002/11/20,0,0,0
Diamond Princess,Grenada,12.1165,-61.679,2002/11/20,0,0,0
Denmark,Mozambique,-18.6657,35.5296,2002/11/20,0,0,0
Faroe Islands,Syria,34.8021,38.9968,2002/11/20,0,0,0
St Martin,Timor-Leste,-8.8742,125.7275,2002/11/20,0,0,0
Channel Islands,Thailand,15,101,2002/12/20,33,0,10
New Brunswick,Japan,36,138,2002/12/20,28,0,9
Saint Barthelemy,Singapore,1.2833,103.8333,2002/12/20,50,0,15
Gibraltar,Nepal,28.1667,84.25,2002/12/20,1,0,1
Australian Capital Territory,Malaysia,2.5,112.5,2002/12/20,18,0,3
United Kingdom,Canada,49.2827,-123.1207,2002/12/20,4,0,0
French Polynesia,Australia,-33.8688,151.2093,2002/12/20,4,0,2
Manitoba,Australia,-37.8136,144.9631,2002/12/20,4,0,0
Saskatchewan,Australia,-28.0167,153.4,2002/12/20,5,0,0
Grand Princess,Cambodia,11.55,104.9167,2002/12/20,1,0,1
Alabama,Sri Lanka,7,81,2002/12/20,1,0,1
Puerto Rico,Germany,51,9,2002/12/20,16,0,0
French Guiana,Finland,64,26,2002/12/20,1,0,1
Guam,United Arab Emirates,24,54,2002/12/20,8,0,1
Newfoundland and Labrador,Philippines,13,122,2002/12/20,3,1,1
Prince Edward Island,India,21,78,2002/12/20,3,0,0
Mayotte,Italy,43,12,2002/12/20,3,0,0
Netherlands,Sweden,63,16,2002/12/20,1,0,0
Nova Scotia,Spain,40,-4,2002/12/20,2,0,0
Guadeloupe,Australia,-34.9285,138.6007,2002/12/20,2,0,0
Curacao,Belgium,50.8333,4,2002/12/20,1,0,0
Virgin Islands,Egypt,26,30,2002/12/20,0,0,0
Cayman Islands,Australia,35.4437,139.638,2002/12/20,0,0,0
Reunion,Lebanon,33.8547,35.8623,2002/12/20,0,0,0
Aruba,Iraq,33,44,2002/12/20,0,0,0
Montserrat,Oman,21,57,2002/12/20,0,0,0
Greenland,Afghanistan,33,65,2002/12/20,0,0,0
New Caledonia,Bahrain,26.0275,50.55,2002/12/20,0,0,0
Bermuda,Kuwait,29.5,47.75,2002/12/20,0,0,0
Sint Maarten,Algeria,28.0339,1.6596,2002/12/20,0,0,0
Isle of Man,Croatia,45.1,15.2,2002/12/20,0,0,0
Northwest Territories,Switzerland,46.8182,8.2275,2002/12/20,0,0,0
British Columbia,Austria,47.5162,14.5501,2002/12/20,0,0,0
New South Wales,Israel,31,35,2002/12/20,0,0,0
Victoria,Pakistan,30.3753,69.3451,2002/12/20,0,0,0
Queensland,Brazil,-14.235,-51.9253,2002/12/20,0,0,0
South Australia,Georgia,42.3154,43.3569,2002/12/20,0,0,0
From Diamond Princess,Greece,39.0742,21.8243,2002/12/20,0,0,0
Western Australia,North Macedonia,41.6086,21.7453,2002/12/20,0,0,0
Tasmania,Norway,60.472,8.4689,2002/12/20,0,0,0
Northern Territory,Romania,45.9432,24.9668,2002/12/20,0,0,0
Ontario,Estonia,58.5953,25.0136,2002/12/20,0,0,0
Alberta,San Marino,43.9424,12.4578,2002/12/20,0,0,0
Quebec,Belarus,53.7098,27.9534,2002/12/20,0,0,0
Washington,Iceland,64.9631,-19.0208,2002/12/20,0,0,0
New York,Lithuania,55.1694,23.8813,2002/12/20,0,0,0
California,Mexico,23.6345,-102.5528,2002/12/20,0,0,0
Massachusetts,New Zealand,-40.9006,174.886,2002/12/20,0,0,0
Diamond Princess,Nigeria,9.082,8.6753,2002/12/20,0,0,0
Grand Princess,Australia,-31.9505,115.8605,2002/12/20,0,0,0
Georgia,Ireland,53.1424,-7.6921,2002/12/20,0,0,0
Colorado,Luxembourg,49.8153,6.1296,2002/12/20,0,0,0
Florida,Monaco,43.7333,7.4167,2002/12/20,0,0,0
New Jersey,Qatar,25.3548,51.1839,2002/12/20,0,0,0
Oregon,Ecuador,-1.8312,-78.1834,2002/12/20,0,0,0
Texas,Azerbaijan,40.1431,47.5769,2002/12/20,0,0,0
Illinois,Armenia,40.0691,45.0382,2002/12/20,0,0,0
Pennsylvania,Dominican Republic,18.7357,-70.1627,2002/12/20,0,0,0
Iowa,Indonesia,-0.7893,113.9213,2002/12/20,0,0,0
Maryland,Portugal,39.3999,-8.2245,2002/12/20,0,0,0
North Carolina,Andorra,42.5063,1.5218,2002/12/20,0,0,0
South Carolina,Australia,-41.4545,145.9707,2002/12/20,0,0,0
Tennessee,Latvia,56.8796,24.6032,2002/12/20,0,0,0
Virginia,Morocco,31.7917,-7.0926,2002/12/20,0,0,0
Arizona,Saudi Arabia,24,45,2002/12/20,0,0,0
Indiana,Senegal,14.4974,-14.4524,2002/12/20,0,0,0
Kentucky,Argentina,-38.4161,-63.6167,2002/12/20,0,0,0
District of Columbia,Chile,-35.6751,-71.543,2002/12/20,0,0,0
Nevada,Jordan,31.24,36.51,2002/12/20,0,0,0
New Hampshire,Ukraine,48.3794,31.1656,2002/12/20,0,0,0
Minnesota,Hungary,47.1625,19.5033,2002/12/20,0,0,0
Nebraska,Australia,-12.4634,130.8456,2002/12/20,0,0,0
Ohio,Liechtenstein,47.14,9.55,2002/12/20,0,0,0
Rhode Island,Poland,51.9194,19.1451,2002/12/20,0,0,0
Wisconsin,Tunisia,34,9,2002/12/20,0,0,0
Connecticut,Bosnia and Herzegovina,43.9159,17.6791,2002/12/20,0,0,0
Hawaii,Slovenia,46.1512,14.9955,2002/12/20,0,0,0
Oklahoma,South Africa,-30.5595,22.9375,2002/12/20,0,0,0
Utah,Bhutan,27.5142,90.4336,2002/12/20,0,0,0
Kansas,Cameroon,3.848,11.5021,2002/12/20,0,0,0
Louisiana,Colombia,4.5709,-74.2973,2002/12/20,0,0,0
Missouri,Costa Rica,9.7489,-83.7534,2002/12/20,0,0,0
Vermont,Peru,-9.19,-75.0152,2002/12/20,0,0,0
Alaska,Serbia,44.0165,21.0059,2002/12/20,0,0,0
Arkansas,Slovakia,48.669,19.699,2002/12/20,0,0,0
Delaware,Togo,8.6195,0.8248,2002/12/20,0,0,0
Idaho,Malta,35.9375,14.3754,2002/12/20,0,0,0
Maine,Martinique,14.6415,-61.0242,2002/12/20,0,0,0
Michigan,Bulgaria,42.7339,25.4858,2002/12/20,0,0,0
Mississippi,Maldives,3.2028,73.2207,2002/12/20,0,0,0
Montana,Bangladesh,23.685,90.3563,2002/12/20,0,0,0
New Mexico,Paraguay,-23.4425,-58.4438,2002/12/20,0,0,0
North Dakota,Canada,51.2538,-85.3232,2002/12/20,3,0,1
South Dakota,Canada,53.9333,-116.5765,2002/12/20,0,0,0
West Virginia,Canada,52.9399,-73.5491,2002/12/20,0,0,0
Wyoming,Albania,41.1533,20.1683,2002/12/20,0,0,0
France,Cyprus,35.1264,33.4299,2002/12/20,0,0,0
Diamond Princess,Brunei,4.5353,114.7277,2002/12/20,0,0,0
Denmark,US,47.4009,-121.4905,2002/12/20,0,0,0
Faroe Islands,US,42.1657,-74.9481,2002/12/20,0,0,0
St Martin,US,36.1162,-119.6816,2002/12/20,0,0,0
Channel Islands,US,42.2302,-71.5301,2002/12/20,0,0,0
New Brunswick,US,35.4437,139.638,2002/12/20,0,0,0
Saint Barthelemy,US,37.6489,-122.6655,2002/12/20,0,0,0
Gibraltar,US,33.0406,-83.6431,2002/12/20,0,0,0
Australian Capital Territory,US,39.0598,-105.3111,2002/12/20,0,0,0
United Kingdom,US,27.7663,-81.6868,2002/12/20,0,0,0
French Polynesia,US,40.2989,-74.521,2002/12/20,0,0,0
Manitoba,US,44.572,-122.0709,2002/12/20,0,0,0
Saskatchewan,US,31.0545,-97.5635,2002/12/20,0,0,0
Grand Princess,US,40.3495,-88.9861,2002/12/20,0,0,0
Alabama,US,40.5908,-77.2098,2002/12/20,0,0,0
Puerto Rico,US,42.0115,-93.2105,2002/12/20,0,0,0
French Guiana,US,39.0639,-76.8021,2002/12/20,0,0,0
Guam,US,35.6301,-79.8064,2002/12/20,0,0,0
Newfoundland and Labrador,US,33.8569,-80.945,2002/12/20,0,0,0
Prince Edward Island,US,35.7478,-86.6923,2002/12/20,0,0,0
Mayotte,US,37.7693,-78.17,2002/12/20,0,0,0
Netherlands,US,33.7298,-111.4312,2002/12/20,0,0,0
Nova Scotia,US,39.8494,-86.2583,2002/12/20,0,0,0
Guadeloupe,US,37.6681,-84.6701,2002/12/20,0,0,0
Curacao,US,38.8974,-77.0268,2002/12/20,0,0,0
Virgin Islands,US,38.3135,-117.0554,2002/12/20,0,0,0
Cayman Islands,US,43.4525,-71.5639,2002/12/20,0,0,0
Reunion,US,45.6945,-93.9002,2002/12/20,0,0,0
Aruba,US,41.1254,-98.2681,2002/12/20,0,0,0
Montserrat,US,40.3888,-82.7649,2002/12/20,0,0,0
Greenland,US,41.6809,-71.5118,2002/12/20,0,0,0
New Caledonia,US,44.2685,-89.6165,2002/12/20,0,0,0
Bermuda,US,41.5978,-72.7554,2002/12/20,0,0,0
Sint Maarten,US,21.0943,-157.4983,2002/12/20,0,0,0
Isle of Man,US,35.5653,-96.9289,2002/12/20,0,0,0
Northwest Territories,US,40.15,-111.8624,2002/12/20,0,0,0
British Columbia,Burkina Faso,12.2383,-1.5616,2002/12/20,0,0,0
New South Wales,Holy See,41.9029,12.4534,2002/12/20,0,0,0
Victoria,Mongolia,46.8625,103.8467,2002/12/20,0,0,0
Queensland,Panama,8.538,-80.7821,2002/12/20,0,0,0
South Australia,US,38.5266,-96.7265,2002/12/20,0,0,0
From Diamond Princess,US,31.1695,-91.8678,2002/12/20,0,0,0
Western Australia,US,38.4561,-92.2884,2002/12/20,0,0,0
Tasmania,US,44.0459,-72.7107,2002/12/20,0,0,0
Northern Territory,US,61.3707,-152.4044,2002/12/20,0,0,0
Ontario,US,34.9697,-92.3731,2002/12/20,0,0,0
Alberta,US,39.3185,-75.5071,2002/12/20,0,0,0
Quebec,US,44.2405,-114.4788,2002/12/20,0,0,0
Washington,US,44.6939,-69.3819,2002/12/20,0,0,0
New York,US,43.3266,-84.5361,2002/12/20,0,0,0
California,US,32.7416,-89.6787,2002/12/20,0,0,0
Massachusetts,US,46.9219,-110.4544,2002/12/20,0,0,0
Diamond Princess,US,34.8405,-106.2485,2002/12/20,0,0,0
Grand Princess,US,47.5289,-99.784,2002/12/20,0,0,0
Georgia,US,44.2998,-99.4388,2002/12/20,0,0,0
Colorado,US,38.4912,-80.9545,2002/12/20,0,0,0
Florida,US,42.756,-107.3025,2002/12/20,0,0,0
New Jersey,Iran,32,53,2002/12/20,0,0,0
Oregon,South Korea,36,128,2002/12/20,28,0,7
Texas,France,46.2276,2.2137,2002/12/20,11,0,2
Illinois,Cruise Ship,35.4437,139.638,2002/12/20,175,0,0
Pennsylvania,Denmark,56.2639,9.5018,2002/12/20,0,0,0
Iowa,Czechia,49.8175,15.473,2002/12/20,0,0,0
Maryland,Taiwan*,23.7,121,2002/12/20,18,0,1
North Carolina,Vietnam,16,108,2002/12/20,15,0,6
South Carolina,Russia,60,90,2002/12/20,2,0,2
Tennessee,Moldova,47.4116,28.3699,2002/12/20,0,0,0
Virginia,Bolivia,-16.2902,-63.5887,2002/12/20,0,0,0
Arizona,Denmark,61.8926,-6.9118,2002/12/20,0,0,0
Indiana,France,18.0708,-63.0501,2002/12/20,0,0,0
Kentucky,Honduras,15.2,-86.2419,2002/12/20,0,0,0
District of Columbia,United Kingdom,49.3723,-2.3644,2002/12/20,0,0,0
Nevada,Canada,46.5653,-66.4619,2002/12/20,0,0,0
New Hampshire,Congo (Kinshasa),-4.0383,21.7587,2002/12/20,0,0,0
Minnesota,Cote d'Ivoire,7.54,-5.5471,2002/12/20,0,0,0
Nebraska,France,17.9,-62.8333,2002/12/20,0,0,0
Ohio,Jamaica,18.1096,-77.2975,2002/12/20,0,0,0
Rhode Island,Turkey,38.9637,35.2433,2002/12/20,0,0,0
Wisconsin,United Kingdom,36.1408,-5.3536,2002/12/20,0,0,0
Connecticut,Cuba,22,-80,2002/12/20,0,0,0
Hawaii,Guyana,5,-58.75,2002/12/20,0,0,0
Oklahoma,Australia,-35.4735,149.0124,2002/12/20,0,0,0
Utah,United Kingdom,55.3781,-3.436,2002/12/20,9,0,1
Kansas,Kazakhstan,48.0196,66.9237,2002/12/20,0,0,0
Louisiana,France,-17.6797,149.4068,2002/12/20,0,0,0
Missouri,Canada,53.7609,-98.8139,2002/12/20,0,0,0
Vermont,Canada,52.9399,-106.4509,2002/12/20,0,0,0
Alaska,Ethiopia,9.145,40.4897,2002/12/20,0,0,0
Arkansas,Sudan,12.8628,30.2176,2002/12/20,0,0,0
Delaware,Guinea,9.9456,-9.6966,2002/12/20,0,0,0
Idaho,Canada,37.6489,-122.6655,2002/12/20,0,0,0
Maine,Kenya,-0.0236,37.9062,2002/12/20,0,0,0
Michigan,Antigua and Barbuda,17.0608,-61.7964,2002/12/20,0,0,0
Mississippi,US,32.3182,-86.9023,2002/12/20,0,0,0
Montana,Uruguay,-32.5228,-55.7658,2002/12/20,0,0,0
New Mexico,Ghana,7.9465,-1.0232,2002/12/20,0,0,0
North Dakota,US,18.2208,-66.5901,2002/12/20,0,0,0
South Dakota,Namibia,-22.9576,18.4904,2002/12/20,0,0,0
West Virginia,Seychelles,-4.6796,55.492,2002/12/20,0,0,0
Wyoming,Trinidad and Tobago,10.6918,-61.2225,2002/12/20,0,0,0
France,Venezuela,6.4238,-66.5897,2002/12/20,0,0,0
Diamond Princess,Eswatini,-26.5225,31.4659,2002/12/20,0,0,0
Denmark,Gabon,-0.8037,11.6094,2002/12/20,0,0,0
Faroe Islands,Guatemala,15.7835,-90.2308,2002/12/20,0,0,0
St Martin,Mauritania,21.0079,10.9408,2002/12/20,0,0,0
Channel Islands,Rwanda,-1.9403,29.8739,2002/12/20,0,0,0
New Brunswick,Saint Lucia,13.9094,-60.9789,2002/12/20,0,0,0
Saint Barthelemy,Saint Vincent and the Grenadines,12.9843,-61.2872,2002/12/20,0,0,0
Gibraltar,Suriname,3.9193,-56.0278,2002/12/20,0,0,0
Australian Capital Territory,France,3.9339,-53.1258,2002/12/20,0,0,0
United Kingdom,US,13.4443,144.7937,2002/12/20,0,0,0
French Polynesia,Kosovo,42.6026,20.903,2002/12/20,0,0,0
Manitoba,Canada,53.1355,-57.6604,2002/12/20,0,0,0
Saskatchewan,Canada,46.5107,-63.4168,2002/12/20,0,0,0
Grand Princess,Central African Republic,6.6111,20.9394,2002/12/20,0,0,0
Alabama,Congo (Brazzaville),-4.0383,21.7587,2002/12/20,0,0,0
Puerto Rico,Equatorial Guinea,1.5,10,2002/12/20,0,0,0
French Guiana,France,-12.8275,45.1662,2002/12/20,0,0,0
Guam,Uzbekistan,41.3775,64.5853,2002/12/20,0,0,0
Newfoundland and Labrador,Netherlands,52.1326,5.2913,2002/12/20,0,0,0
Prince Edward Island,Canada,44.682,-63.7443,2002/12/20,0,0,0
Mayotte,France,16.25,-61.5833,2002/12/20,0,0,0
Netherlands,Benin,9.3077,2.3158,2002/12/20,0,0,0
Nova Scotia,Liberia,6.4281,-9.4295,2002/12/20,0,0,0
Guadeloupe,Netherlands,12.1696,-68.99,2002/12/20,0,0,0
Curacao,Somalia,5.1521,46.1996,2002/12/20,0,0,0
Virgin Islands,Tanzania,-6.369,34.8888,2002/12/20,0,0,0
Cayman Islands,US,18.3358,-64.8963,2002/12/20,0,0,0
Reunion,United Kingdom,19.3133,-81.2546,2002/12/20,0,0,0
Aruba,France,-21.1351,55.2471,2002/12/20,0,0,0
Montserrat,Barbados,13.1939,-59.5432,2002/12/20,0,0,0
Greenland,Montenegro,42.5,19.3,2002/12/20,0,0,0
New Caledonia,Kyrgyzstan,41.2044,74.7661,2002/12/20,0,0,0
Bermuda,Mauritius,-20.2,57.5,2002/12/20,0,0,0
Sint Maarten,Netherlands,12.5186,-70.0358,2002/12/20,0,0,0
Isle of Man,Zambia,-15.4167,28.2833,2002/12/20,0,0,0
Northwest Territories,Djibouti,11.8251,42.5903,2002/12/20,0,0,0
British Columbia,"Gambia, The",13.4432,-15.3101,2002/12/20,0,0,0
New South Wales,United Kingdom,16.7425,-62.1874,2002/12/20,0,0,0
Victoria,"Bahamas, The",25.0343,-77.3963,2002/12/20,0,0,0
Queensland,Denmark,71.7069,-42.6043,2002/12/20,0,0,0
South Australia,France,-20.9043,165.618,2002/12/20,0,0,0
From Diamond Princess,United Kingdom,32.3078,-64.7505,2002/12/20,0,0,0
Western Australia,Chad,15.4542,18.7322,2002/12/20,0,0,0
Tasmania,El Salvador,13.7942,-88.8965,2002/12/20,0,0,0
Northern Territory,Fiji,-17.7134,178.065,2002/12/20,0,0,0
Ontario,Nicaragua,12.8654,-85.2072,2002/12/20,0,0,0
Alberta,Madagascar,-18.7669,46.8691,2002/12/20,0,0,0
Quebec,Haiti,18.9712,-72.2852,2002/12/20,0,0,0
Washington,Angola,-11.2027,17.8739,2002/12/20,0,0,0
New York,Cabo Verde,16.5388,-23.0418,2002/12/20,0,0,0
California,Netherlands,18.0425,-63.0548,2002/12/20,0,0,0
Massachusetts,Niger,17.6078,8.0817,2002/12/20,0,0,0
Diamond Princess,Papua New Guinea,-6.315,143.9555,2002/12/20,0,0,0
Grand Princess,United Kingdom,54.2361,-4.5481,2002/12/20,0,0,0
Georgia,Zimbabwe,-20,30,2002/12/20,0,0,0
Colorado,Canada,64.8255,-124.8457,2002/12/20,0,0,0
Florida,Cape Verde,15.1111,-23.6167,2002/12/20,0,0,0
New Jersey,East Timor,-8.55,125.56,2002/12/20,0,0,0
Oregon,Eritrea,15.1794,39.7823,2002/12/20,0,0,0
Texas,Uganda,1,32,2002/12/20,0,0,0
Illinois,Dominica,15.415,-61.371,2002/12/20,0,0,0
Pennsylvania,Grenada,12.1165,-61.679,2002/12/20,0,0,0
Iowa,Mozambique,-18.6657,35.5296,2002/12/20,0,0,0
Maryland,Syria,34.8021,38.9968,2002/12/20,0,0,0
North Carolina,Timor-Leste,-8.8742,125.7275,2002/12/20,0,0,0
South Carolina,Thailand,15,101,2/13/20,33,0,12
Tennessee,Japan,36,138,2/13/20,28,1,9
Virginia,Singapore,1.2833,103.8333,2/13/20,58,0,15
Arizona,Nepal,28.1667,84.25,2/13/20,1,0,1
Indiana,Malaysia,2.5,112.5,2/13/20,19,0,3
Kentucky,Canada,49.2827,-123.1207,2/13/20,4,0,0
District of Columbia,Australia,-33.8688,151.2093,2/13/20,4,0,4
Nevada,Australia,-37.8136,144.9631,2/13/20,4,0,4
New Hampshire,Australia,-28.0167,153.4,2/13/20,5,0,0
Minnesota,Cambodia,11.55,104.9167,2/13/20,1,0,1
Nebraska,Sri Lanka,7,81,2/13/20,1,0,1
Ohio,Germany,51,9,2/13/20,16,0,1
Rhode Island,Finland,64,26,2/13/20,1,0,1
Wisconsin,United Arab Emirates,24,54,2/13/20,8,0,1
Connecticut,Philippines,13,122,2/13/20,3,1,1
Hawaii,India,21,78,2/13/20,3,0,0
Oklahoma,Italy,43,12,2/13/20,3,0,0
Utah,Sweden,63,16,2/13/20,1,0,0
Kansas,Spain,40,-4,2/13/20,2,0,0
Louisiana,Australia,-34.9285,138.6007,2/13/20,2,0,0
Missouri,Belgium,50.8333,4,2/13/20,1,0,0
Vermont,Egypt,26,30,2/13/20,0,0,0
Alaska,Australia,35.4437,139.638,2/13/20,0,0,0
Arkansas,Lebanon,33.8547,35.8623,2/13/20,0,0,0
Delaware,Iraq,33,44,2/13/20,0,0,0
Idaho,Oman,21,57,2/13/20,0,0,0
Maine,Afghanistan,33,65,2/13/20,0,0,0
Michigan,Bahrain,26.0275,50.55,2/13/20,0,0,0
Mississippi,Kuwait,29.5,47.75,2/13/20,0,0,0
Montana,Algeria,28.0339,1.6596,2/13/20,0,0,0
New Mexico,Croatia,45.1,15.2,2/13/20,0,0,0
North Dakota,Switzerland,46.8182,8.2275,2/13/20,0,0,0
South Dakota,Austria,47.5162,14.5501,2/13/20,0,0,0
West Virginia,Israel,31,35,2/13/20,0,0,0
Wyoming,Pakistan,30.3753,69.3451,2/13/20,0,0,0
France,Brazil,-14.235,-51.9253,2/13/20,0,0,0
Diamond Princess,Georgia,42.3154,43.3569,2/13/20,0,0,0
Denmark,Greece,39.0742,21.8243,2/13/20,0,0,0
Faroe Islands,North Macedonia,41.6086,21.7453,2/13/20,0,0,0
St Martin,Norway,60.472,8.4689,2/13/20,0,0,0
Channel Islands,Romania,45.9432,24.9668,2/13/20,0,0,0
New Brunswick,Estonia,58.5953,25.0136,2/13/20,0,0,0
Saint Barthelemy,San Marino,43.9424,12.4578,2/13/20,0,0,0
Gibraltar,Belarus,53.7098,27.9534,2/13/20,0,0,0
Australian Capital Territory,Iceland,64.9631,-19.0208,2/13/20,0,0,0
United Kingdom,Lithuania,55.1694,23.8813,2/13/20,0,0,0
French Polynesia,Mexico,23.6345,-102.5528,2/13/20,0,0,0
Manitoba,New Zealand,-40.9006,174.886,2/13/20,0,0,0
Saskatchewan,Nigeria,9.082,8.6753,2/13/20,0,0,0
Grand Princess,Australia,-31.9505,115.8605,2/13/20,0,0,0
Alabama,Ireland,53.1424,-7.6921,2/13/20,0,0,0
Puerto Rico,Luxembourg,49.8153,6.1296,2/13/20,0,0,0
French Guiana,Monaco,43.7333,7.4167,2/13/20,0,0,0
Guam,Qatar,25.3548,51.1839,2/13/20,0,0,0
Newfoundland and Labrador,Ecuador,-1.8312,-78.1834,2/13/20,0,0,0
Prince Edward Island,Azerbaijan,40.1431,47.5769,2/13/20,0,0,0
Mayotte,Armenia,40.0691,45.0382,2/13/20,0,0,0
Netherlands,Dominican Republic,18.7357,-70.1627,2/13/20,0,0,0
Nova Scotia,Indonesia,-0.7893,113.9213,2/13/20,0,0,0
Guadeloupe,Portugal,39.3999,-8.2245,2/13/20,0,0,0
Curacao,Andorra,42.5063,1.5218,2/13/20,0,0,0
Virgin Islands,Australia,-41.4545,145.9707,2/13/20,0,0,0
Cayman Islands,Latvia,56.8796,24.6032,2/13/20,0,0,0
Reunion,Morocco,31.7917,-7.0926,2/13/20,0,0,0
Aruba,Saudi Arabia,24,45,2/13/20,0,0,0
Montserrat,Senegal,14.4974,-14.4524,2/13/20,0,0,0
Greenland,Argentina,-38.4161,-63.6167,2/13/20,0,0,0
New Caledonia,Chile,-35.6751,-71.543,2/13/20,0,0,0
Bermuda,Jordan,31.24,36.51,2/13/20,0,0,0
Sint Maarten,Ukraine,48.3794,31.1656,2/13/20,0,0,0
Isle of Man,Hungary,47.1625,19.5033,2/13/20,0,0,0
Northwest Territories,Australia,-12.4634,130.8456,2/13/20,0,0,0
British Columbia,Liechtenstein,47.14,9.55,2/13/20,0,0,0
New South Wales,Poland,51.9194,19.1451,2/13/20,0,0,0
Victoria,Tunisia,34,9,2/13/20,0,0,0
Queensland,Bosnia and Herzegovina,43.9159,17.6791,2/13/20,0,0,0
South Australia,Slovenia,46.1512,14.9955,2/13/20,0,0,0
From Diamond Princess,South Africa,-30.5595,22.9375,2/13/20,0,0,0
Western Australia,Bhutan,27.5142,90.4336,2/13/20,0,0,0
Tasmania,Cameroon,3.848,11.5021,2/13/20,0,0,0
Northern Territory,Colombia,4.5709,-74.2973,2/13/20,0,0,0
Ontario,Costa Rica,9.7489,-83.7534,2/13/20,0,0,0
Alberta,Peru,-9.19,-75.0152,2/13/20,0,0,0
Quebec,Serbia,44.0165,21.0059,2/13/20,0,0,0
Washington,Slovakia,48.669,19.699,2/13/20,0,0,0
New York,Togo,8.6195,0.8248,2/13/20,0,0,0
California,Malta,35.9375,14.3754,2/13/20,0,0,0
Massachusetts,Martinique,14.6415,-61.0242,2/13/20,0,0,0
Diamond Princess,Bulgaria,42.7339,25.4858,2/13/20,0,0,0
Grand Princess,Maldives,3.2028,73.2207,2/13/20,0,0,0
Georgia,Bangladesh,23.685,90.3563,2/13/20,0,0,0
Colorado,Paraguay,-23.4425,-58.4438,2/13/20,0,0,0
Florida,Canada,51.2538,-85.3232,2/13/20,3,0,1
New Jersey,Canada,53.9333,-116.5765,2/13/20,0,0,0
Oregon,Canada,52.9399,-73.5491,2/13/20,0,0,0
Texas,Albania,41.1533,20.1683,2/13/20,0,0,0
Illinois,Cyprus,35.1264,33.4299,2/13/20,0,0,0
Pennsylvania,Brunei,4.5353,114.7277,2/13/20,0,0,0
Iowa,US,47.4009,-121.4905,2/13/20,0,0,0
Maryland,US,42.1657,-74.9481,2/13/20,0,0,0
North Carolina,US,36.1162,-119.6816,2/13/20,0,0,0
South Carolina,US,42.2302,-71.5301,2/13/20,0,0,0
Tennessee,US,35.4437,139.638,2/13/20,0,0,0
Virginia,US,37.6489,-122.6655,2/13/20,0,0,0
Arizona,US,33.0406,-83.6431,2/13/20,0,0,0
Indiana,US,39.0598,-105.3111,2/13/20,0,0,0
Kentucky,US,27.7663,-81.6868,2/13/20,0,0,0
District of Columbia,US,40.2989,-74.521,2/13/20,0,0,0
Nevada,US,44.572,-122.0709,2/13/20,0,0,0
New Hampshire,US,31.0545,-97.5635,2/13/20,0,0,0
Minnesota,US,40.3495,-88.9861,2/13/20,0,0,0
Nebraska,US,40.5908,-77.2098,2/13/20,0,0,0
Ohio,US,42.0115,-93.2105,2/13/20,0,0,0
Rhode Island,US,39.0639,-76.8021,2/13/20,0,0,0
Wisconsin,US,35.6301,-79.8064,2/13/20,0,0,0
Connecticut,US,33.8569,-80.945,2/13/20,0,0,0
Hawaii,US,35.7478,-86.6923,2/13/20,0,0,0
Oklahoma,US,37.7693,-78.17,2/13/20,0,0,0
Utah,US,33.7298,-111.4312,2/13/20,0,0,0
Kansas,US,39.8494,-86.2583,2/13/20,0,0,0
Louisiana,US,37.6681,-84.6701,2/13/20,0,0,0
Missouri,US,38.8974,-77.0268,2/13/20,0,0,0
Vermont,US,38.3135,-117.0554,2/13/20,0,0,0
Alaska,US,43.4525,-71.5639,2/13/20,0,0,0
Arkansas,US,45.6945,-93.9002,2/13/20,0,0,0
Delaware,US,41.1254,-98.2681,2/13/20,0,0,0
Idaho,US,40.3888,-82.7649,2/13/20,0,0,0
Maine,US,41.6809,-71.5118,2/13/20,0,0,0
Michigan,US,44.2685,-89.6165,2/13/20,0,0,0
Mississippi,US,41.5978,-72.7554,2/13/20,0,0,0
Montana,US,21.0943,-157.4983,2/13/20,0,0,0
New Mexico,US,35.5653,-96.9289,2/13/20,0,0,0
North Dakota,US,40.15,-111.8624,2/13/20,0,0,0
South Dakota,Burkina Faso,12.2383,-1.5616,2/13/20,0,0,0
West Virginia,Holy See,41.9029,12.4534,2/13/20,0,0,0
Wyoming,Mongolia,46.8625,103.8467,2/13/20,0,0,0
France,Panama,8.538,-80.7821,2/13/20,0,0,0
Diamond Princess,US,38.5266,-96.7265,2/13/20,0,0,0
Denmark,US,31.1695,-91.8678,2/13/20,0,0,0
Faroe Islands,US,38.4561,-92.2884,2/13/20,0,0,0
St Martin,US,44.0459,-72.7107,2/13/20,0,0,0
Channel Islands,US,61.3707,-152.4044,2/13/20,0,0,0
New Brunswick,US,34.9697,-92.3731,2/13/20,0,0,0
Saint Barthelemy,US,39.3185,-75.5071,2/13/20,0,0,0
Gibraltar,US,44.2405,-114.4788,2/13/20,0,0,0
Australian Capital Territory,US,44.6939,-69.3819,2/13/20,0,0,0
United Kingdom,US,43.3266,-84.5361,2/13/20,0,0,0
French Polynesia,US,32.7416,-89.6787,2/13/20,0,0,0
Manitoba,US,46.9219,-110.4544,2/13/20,0,0,0
Saskatchewan,US,34.8405,-106.2485,2/13/20,0,0,0
Grand Princess,US,47.5289,-99.784,2/13/20,0,0,0
Alabama,US,44.2998,-99.4388,2/13/20,0,0,0
Puerto Rico,US,38.4912,-80.9545,2/13/20,0,0,0
French Guiana,US,42.756,-107.3025,2/13/20,0,0,0
Guam,Iran,32,53,2/13/20,0,0,0
Newfoundland and Labrador,South Korea,36,128,2/13/20,28,0,7
Prince Edward Island,France,46.2276,2.2137,2/13/20,11,0,2
Mayotte,Cruise Ship,35.4437,139.638,2/13/20,175,0,0
Netherlands,Denmark,56.2639,9.5018,2/13/20,0,0,0
Nova Scotia,Czechia,49.8175,15.473,2/13/20,0,0,0
Guadeloupe,Taiwan*,23.7,121,2/13/20,18,0,1
Curacao,Vietnam,16,108,2/13/20,16,0,7
Virgin Islands,Russia,60,90,2/13/20,2,0,2
Cayman Islands,Moldova,47.4116,28.3699,2/13/20,0,0,0
Reunion,Bolivia,-16.2902,-63.5887,2/13/20,0,0,0
Aruba,Denmark,61.8926,-6.9118,2/13/20,0,0,0
Montserrat,France,18.0708,-63.0501,2/13/20,0,0,0
Greenland,Honduras,15.2,-86.2419,2/13/20,0,0,0
New Caledonia,United Kingdom,49.3723,-2.3644,2/13/20,0,0,0
Bermuda,Canada,46.5653,-66.4619,2/13/20,0,0,0
Sint Maarten,Congo (Kinshasa),-4.0383,21.7587,2/13/20,0,0,0
Isle of Man,Cote d'Ivoire,7.54,-5.5471,2/13/20,0,0,0
Northwest Territories,France,17.9,-62.8333,2/13/20,0,0,0
British Columbia,Jamaica,18.1096,-77.2975,2/13/20,0,0,0
New South Wales,Turkey,38.9637,35.2433,2/13/20,0,0,0
Victoria,United Kingdom,36.1408,-5.3536,2/13/20,0,0,0
Queensland,Cuba,22,-80,2/13/20,0,0,0
South Australia,Guyana,5,-58.75,2/13/20,0,0,0
From Diamond Princess,Australia,-35.4735,149.0124,2/13/20,0,0,0
Western Australia,United Kingdom,55.3781,-3.436,2/13/20,9,0,1
Tasmania,Kazakhstan,48.0196,66.9237,2/13/20,0,0,0
Northern Territory,France,-17.6797,149.4068,2/13/20,0,0,0
Ontario,Canada,53.7609,-98.8139,2/13/20,0,0,0
Alberta,Canada,52.9399,-106.4509,2/13/20,0,0,0
Quebec,Ethiopia,9.145,40.4897,2/13/20,0,0,0
Washington,Sudan,12.8628,30.2176,2/13/20,0,0,0
New York,Guinea,9.9456,-9.6966,2/13/20,0,0,0
California,Canada,37.6489,-122.6655,2/13/20,0,0,0
Massachusetts,Kenya,-0.0236,37.9062,2/13/20,0,0,0
Diamond Princess,Antigua and Barbuda,17.0608,-61.7964,2/13/20,0,0,0
Grand Princess,US,32.3182,-86.9023,2/13/20,0,0,0
Georgia,Uruguay,-32.5228,-55.7658,2/13/20,0,0,0
Colorado,Ghana,7.9465,-1.0232,2/13/20,0,0,0
Florida,US,18.2208,-66.5901,2/13/20,0,0,0
New Jersey,Namibia,-22.9576,18.4904,2/13/20,0,0,0
Oregon,Seychelles,-4.6796,55.492,2/13/20,0,0,0
Texas,Trinidad and Tobago,10.6918,-61.2225,2/13/20,0,0,0
Illinois,Venezuela,6.4238,-66.5897,2/13/20,0,0,0
Pennsylvania,Eswatini,-26.5225,31.4659,2/13/20,0,0,0
Iowa,Gabon,-0.8037,11.6094,2/13/20,0,0,0
Maryland,Guatemala,15.7835,-90.2308,2/13/20,0,0,0
North Carolina,Mauritania,21.0079,10.9408,2/13/20,0,0,0
South Carolina,Rwanda,-1.9403,29.8739,2/13/20,0,0,0
Tennessee,Saint Lucia,13.9094,-60.9789,2/13/20,0,0,0
Virginia,Saint Vincent and the Grenadines,12.9843,-61.2872,2/13/20,0,0,0
Arizona,Suriname,3.9193,-56.0278,2/13/20,0,0,0
Indiana,France,3.9339,-53.1258,2/13/20,0,0,0
Kentucky,US,13.4443,144.7937,2/13/20,0,0,0
District of Columbia,Kosovo,42.6026,20.903,2/13/20,0,0,0
Nevada,Canada,53.1355,-57.6604,2/13/20,0,0,0
New Hampshire,Canada,46.5107,-63.4168,2/13/20,0,0,0
Minnesota,Central African Republic,6.6111,20.9394,2/13/20,0,0,0
Nebraska,Congo (Brazzaville),-4.0383,21.7587,2/13/20,0,0,0
Ohio,Equatorial Guinea,1.5,10,2/13/20,0,0,0
Rhode Island,France,-12.8275,45.1662,2/13/20,0,0,0
Wisconsin,Uzbekistan,41.3775,64.5853,2/13/20,0,0,0
Connecticut,Netherlands,52.1326,5.2913,2/13/20,0,0,0
Hawaii,Canada,44.682,-63.7443,2/13/20,0,0,0
Oklahoma,France,16.25,-61.5833,2/13/20,0,0,0
Utah,Benin,9.3077,2.3158,2/13/20,0,0,0
Kansas,Liberia,6.4281,-9.4295,2/13/20,0,0,0
Louisiana,Netherlands,12.1696,-68.99,2/13/20,0,0,0
Missouri,Somalia,5.1521,46.1996,2/13/20,0,0,0
Vermont,Tanzania,-6.369,34.8888,2/13/20,0,0,0
Alaska,US,18.3358,-64.8963,2/13/20,0,0,0
Arkansas,United Kingdom,19.3133,-81.2546,2/13/20,0,0,0
Delaware,France,-21.1351,55.2471,2/13/20,0,0,0
Idaho,Barbados,13.1939,-59.5432,2/13/20,0,0,0
Maine,Montenegro,42.5,19.3,2/13/20,0,0,0
Michigan,Kyrgyzstan,41.2044,74.7661,2/13/20,0,0,0
Mississippi,Mauritius,-20.2,57.5,2/13/20,0,0,0
Montana,Netherlands,12.5186,-70.0358,2/13/20,0,0,0
New Mexico,Zambia,-15.4167,28.2833,2/13/20,0,0,0
North Dakota,Djibouti,11.8251,42.5903,2/13/20,0,0,0
South Dakota,"Gambia, The",13.4432,-15.3101,2/13/20,0,0,0
West Virginia,United Kingdom,16.7425,-62.1874,2/13/20,0,0,0
Wyoming,"Bahamas, The",25.0343,-77.3963,2/13/20,0,0,0
France,Denmark,71.7069,-42.6043,2/13/20,0,0,0
Diamond Princess,France,-20.9043,165.618,2/13/20,0,0,0
Denmark,United Kingdom,32.3078,-64.7505,2/13/20,0,0,0
Faroe Islands,Chad,15.4542,18.7322,2/13/20,0,0,0
St Martin,El Salvador,13.7942,-88.8965,2/13/20,0,0,0
Channel Islands,Fiji,-17.7134,178.065,2/13/20,0,0,0
New Brunswick,Nicaragua,12.8654,-85.2072,2/13/20,0,0,0
Saint Barthelemy,Madagascar,-18.7669,46.8691,2/13/20,0,0,0
Gibraltar,Haiti,18.9712,-72.2852,2/13/20,0,0,0
Australian Capital Territory,Angola,-11.2027,17.8739,2/13/20,0,0,0
United Kingdom,Cabo Verde,16.5388,-23.0418,2/13/20,0,0,0
French Polynesia,Netherlands,18.0425,-63.0548,2/13/20,0,0,0
Manitoba,Niger,17.6078,8.0817,2/13/20,0,0,0
Saskatchewan,Papua New Guinea,-6.315,143.9555,2/13/20,0,0,0
Grand Princess,United Kingdom,54.2361,-4.5481,2/13/20,0,0,0
Alabama,Zimbabwe,-20,30,2/13/20,0,0,0
Puerto Rico,Canada,64.8255,-124.8457,2/13/20,0,0,0
French Guiana,Cape Verde,15.1111,-23.6167,2/13/20,0,0,0
Guam,East Timor,-8.55,125.56,2/13/20,0,0,0
Newfoundland and Labrador,Eritrea,15.1794,39.7823,2/13/20,0,0,0
Prince Edward Island,Uganda,1,32,2/13/20,0,0,0
Mayotte,Dominica,15.415,-61.371,2/13/20,0,0,0
Netherlands,Grenada,12.1165,-61.679,2/13/20,0,0,0
Nova Scotia,Mozambique,-18.6657,35.5296,2/13/20,0,0,0
Guadeloupe,Syria,34.8021,38.9968,2/13/20,0,0,0
Curacao,Timor-Leste,-8.8742,125.7275,2/13/20,0,0,0
Virgin Islands,Thailand,15,101,2/14/20,33,0,12
Cayman Islands,Japan,36,138,2/14/20,29,1,9
Reunion,Singapore,1.2833,103.8333,2/14/20,67,0,17
Aruba,Nepal,28.1667,84.25,2/14/20,1,0,1
Montserrat,Malaysia,2.5,112.5,2/14/20,19,0,3
Greenland,Canada,49.2827,-123.1207,2/14/20,4,0,0
New Caledonia,Australia,-33.8688,151.2093,2/14/20,4,0,4
Bermuda,Australia,-37.8136,144.9631,2/14/20,4,0,4
Sint Maarten,Australia,-28.0167,153.4,2/14/20,5,0,0
Isle of Man,Cambodia,11.55,104.9167,2/14/20,1,0,1
Northwest Territories,Sri Lanka,7,81,2/14/20,1,0,1
British Columbia,Germany,51,9,2/14/20,16,0,1
New South Wales,Finland,64,26,2/14/20,1,0,1
Victoria,United Arab Emirates,24,54,2/14/20,8,0,1
Queensland,Philippines,13,122,2/14/20,3,1,1
South Australia,India,21,78,2/14/20,3,0,0
From Diamond Princess,Italy,43,12,2/14/20,3,0,0
Western Australia,Sweden,63,16,2/14/20,1,0,0
Tasmania,Spain,40,-4,2/14/20,2,0,0
Northern Territory,Australia,-34.9285,138.6007,2/14/20,2,0,0
Ontario,Belgium,50.8333,4,2/14/20,1,0,0
Alberta,Egypt,26,30,2/14/20,1,0,0
Quebec,Australia,35.4437,139.638,2/14/20,0,0,0
Washington,Lebanon,33.8547,35.8623,2/14/20,0,0,0
New York,Iraq,33,44,2/14/20,0,0,0
California,Oman,21,57,2/14/20,0,0,0
Massachusetts,Afghanistan,33,65,2/14/20,0,0,0
Diamond Princess,Bahrain,26.0275,50.55,2/14/20,0,0,0
Grand Princess,Kuwait,29.5,47.75,2/14/20,0,0,0
Georgia,Algeria,28.0339,1.6596,2/14/20,0,0,0
Colorado,Croatia,45.1,15.2,2/14/20,0,0,0
Florida,Switzerland,46.8182,8.2275,2/14/20,0,0,0
New Jersey,Austria,47.5162,14.5501,2/14/20,0,0,0
Oregon,Israel,31,35,2/14/20,0,0,0
Texas,Pakistan,30.3753,69.3451,2/14/20,0,0,0
Illinois,Brazil,-14.235,-51.9253,2/14/20,0,0,0
Pennsylvania,Georgia,42.3154,43.3569,2/14/20,0,0,0
Iowa,Greece,39.0742,21.8243,2/14/20,0,0,0
Maryland,North Macedonia,41.6086,21.7453,2/14/20,0,0,0
North Carolina,Norway,60.472,8.4689,2/14/20,0,0,0
South Carolina,Romania,45.9432,24.9668,2/14/20,0,0,0
Tennessee,Estonia,58.5953,25.0136,2/14/20,0,0,0
Virginia,San Marino,43.9424,12.4578,2/14/20,0,0,0
Arizona,Belarus,53.7098,27.9534,2/14/20,0,0,0
Indiana,Iceland,64.9631,-19.0208,2/14/20,0,0,0
Kentucky,Lithuania,55.1694,23.8813,2/14/20,0,0,0
District of Columbia,Mexico,23.6345,-102.5528,2/14/20,0,0,0
Nevada,New Zealand,-40.9006,174.886,2/14/20,0,0,0
New Hampshire,Nigeria,9.082,8.6753,2/14/20,0,0,0
Minnesota,Australia,-31.9505,115.8605,2/14/20,0,0,0
Nebraska,Ireland,53.1424,-7.6921,2/14/20,0,0,0
Ohio,Luxembourg,49.8153,6.1296,2/14/20,0,0,0
Rhode Island,Monaco,43.7333,7.4167,2/14/20,0,0,0
Wisconsin,Qatar,25.3548,51.1839,2/14/20,0,0,0
Connecticut,Ecuador,-1.8312,-78.1834,2/14/20,0,0,0
Hawaii,Azerbaijan,40.1431,47.5769,2/14/20,0,0,0
Oklahoma,Armenia,40.0691,45.0382,2/14/20,0,0,0
Utah,Dominican Republic,18.7357,-70.1627,2/14/20,0,0,0
Kansas,Indonesia,-0.7893,113.9213,2/14/20,0,0,0
Louisiana,Portugal,39.3999,-8.2245,2/14/20,0,0,0
Missouri,Andorra,42.5063,1.5218,2/14/20,0,0,0
Vermont,Australia,-41.4545,145.9707,2/14/20,0,0,0
Alaska,Latvia,56.8796,24.6032,2/14/20,0,0,0
Arkansas,Morocco,31.7917,-7.0926,2/14/20,0,0,0
Delaware,Saudi Arabia,24,45,2/14/20,0,0,0
Idaho,Senegal,14.4974,-14.4524,2/14/20,0,0,0
Maine,Argentina,-38.4161,-63.6167,2/14/20,0,0,0
Michigan,Chile,-35.6751,-71.543,2/14/20,0,0,0
Mississippi,Jordan,31.24,36.51,2/14/20,0,0,0
Montana,Ukraine,48.3794,31.1656,2/14/20,0,0,0
New Mexico,Hungary,47.1625,19.5033,2/14/20,0,0,0
North Dakota,Australia,-12.4634,130.8456,2/14/20,0,0,0
South Dakota,Liechtenstein,47.14,9.55,2/14/20,0,0,0
West Virginia,Poland,51.9194,19.1451,2/14/20,0,0,0
Wyoming,Tunisia,34,9,2/14/20,0,0,0
France,Bosnia and Herzegovina,43.9159,17.6791,2/14/20,0,0,0
Diamond Princess,Slovenia,46.1512,14.9955,2/14/20,0,0,0
Denmark,South Africa,-30.5595,22.9375,2/14/20,0,0,0
Faroe Islands,Bhutan,27.5142,90.4336,2/14/20,0,0,0
St Martin,Cameroon,3.848,11.5021,2/14/20,0,0,0
Channel Islands,Colombia,4.5709,-74.2973,2/14/20,0,0,0
New Brunswick,Costa Rica,9.7489,-83.7534,2/14/20,0,0,0
Saint Barthelemy,Peru,-9.19,-75.0152,2/14/20,0,0,0
Gibraltar,Serbia,44.0165,21.0059,2/14/20,0,0,0
Australian Capital Territory,Slovakia,48.669,19.699,2/14/20,0,0,0
United Kingdom,Togo,8.6195,0.8248,2/14/20,0,0,0
French Polynesia,Malta,35.9375,14.3754,2/14/20,0,0,0
Manitoba,Martinique,14.6415,-61.0242,2/14/20,0,0,0
Saskatchewan,Bulgaria,42.7339,25.4858,2/14/20,0,0,0
Grand Princess,Maldives,3.2028,73.2207,2/14/20,0,0,0
Alabama,Bangladesh,23.685,90.3563,2/14/20,0,0,0
Puerto Rico,Paraguay,-23.4425,-58.4438,2/14/20,0,0,0
French Guiana,Canada,51.2538,-85.3232,2/14/20,3,0,1
Guam,Canada,53.9333,-116.5765,2/14/20,0,0,0
Newfoundland and Labrador,Canada,52.9399,-73.5491,2/14/20,0,0,0
Prince Edward Island,Albania,41.1533,20.1683,2/14/20,0,0,0
Mayotte,Cyprus,35.1264,33.4299,2/14/20,0,0,0
Netherlands,Brunei,4.5353,114.7277,2/14/20,0,0,0
Nova Scotia,US,47.4009,-121.4905,2/14/20,0,0,0
Guadeloupe,US,42.1657,-74.9481,2/14/20,0,0,0
Curacao,US,36.1162,-119.6816,2/14/20,0,0,0
Virgin Islands,US,42.2302,-71.5301,2/14/20,0,0,0
Cayman Islands,US,35.4437,139.638,2/14/20,0,0,0
Reunion,US,37.6489,-122.6655,2/14/20,0,0,0
Aruba,US,33.0406,-83.6431,2/14/20,0,0,0
Montserrat,US,39.0598,-105.3111,2/14/20,0,0,0
Greenland,US,27.7663,-81.6868,2/14/20,0,0,0
New Caledonia,US,40.2989,-74.521,2/14/20,0,0,0
Bermuda,US,44.572,-122.0709,2/14/20,0,0,0
Sint Maarten,US,31.0545,-97.5635,2/14/20,0,0,0
Isle of Man,US,40.3495,-88.9861,2/14/20,0,0,0
Northwest Territories,US,40.5908,-77.2098,2/14/20,0,0,0
,US,42.0115,-93.2105,2/14/20,0,0,0
,US,39.0639,-76.8021,2/14/20,0,0,0
,US,35.6301,-79.8064,2/14/20,0,0,0
,US,33.8569,-80.945,2/14/20,0,0,0
,US,35.7478,-86.6923,2/14/20,0,0,0
,US,37.7693,-78.17,2/14/20,0,0,0
,US,33.7298,-111.4312,2/14/20,0,0,0
,US,39.8494,-86.2583,2/14/20,0,0,0
,US,37.6681,-84.6701,2/14/20,0,0,0
,US,38.8974,-77.0268,2/14/20,0,0,0
,US,38.3135,-117.0554,2/14/20,0,0,0
,US,43.4525,-71.5639,2/14/20,0,0,0
,US,45.6945,-93.9002,2/14/20,0,0,0
,US,41.1254,-98.2681,2/14/20,0,0,0
,US,40.3888,-82.7649,2/14/20,0,0,0
,US,41.6809,-71.5118,2/14/20,0,0,0
,US,44.2685,-89.6165,2/14/20,0,0,0
,US,41.5978,-72.7554,2/14/20,0,0,0
,US,21.0943,-157.4983,2/14/20,0,0,0
,US,35.5653,-96.9289,2/14/20,0,0,0
,US,40.15,-111.8624,2/14/20,0,0,0
,Burkina Faso,12.2383,-1.5616,2/14/20,0,0,0
,Holy See,41.9029,12.4534,2/14/20,0,0,0
,Mongolia,46.8625,103.8467,2/14/20,0,0,0
,Panama,8.538,-80.7821,2/14/20,0,0,0
,US,38.5266,-96.7265,2/14/20,0,0,0
,US,31.1695,-91.8678,2/14/20,0,0,0
,US,38.4561,-92.2884,2/14/20,0,0,0
,US,44.0459,-72.7107,2/14/20,0,0,0
,US,61.3707,-152.4044,2/14/20,0,0,0
,US,34.9697,-92.3731,2/14/20,0,0,0
,US,39.3185,-75.5071,2/14/20,0,0,0
,US,44.2405,-114.4788,2/14/20,0,0,0
,US,44.6939,-69.3819,2/14/20,0,0,0
,US,43.3266,-84.5361,2/14/20,0,0,0
,US,32.7416,-89.6787,2/14/20,0,0,0
,US,46.9219,-110.4544,2/14/20,0,0,0
,US,34.8405,-106.2485,2/14/20,0,0,0
,US,47.5289,-99.784,2/14/20,0,0,0
,US,44.2998,-99.4388,2/14/20,0,0,0
,US,38.4912,-80.9545,2/14/20,0,0,0
,US,42.756,-107.3025,2/14/20,0,0,0
,Iran,32,53,2/14/20,0,0,0
,South Korea,36,128,2/14/20,28,0,7
,France,46.2276,2.2137,2/14/20,11,0,2
,Cruise Ship,35.4437,139.638,2/14/20,218,0,0
,Denmark,56.2639,9.5018,2/14/20,0,0,0
,Czechia,49.8175,15.473,2/14/20,0,0,0
,Taiwan*,23.7,121,2/14/20,18,0,2
,Vietnam,16,108,2/14/20,16,0,7
,Russia,60,90,2/14/20,2,0,2
,Moldova,47.4116,28.3699,2/14/20,0,0,0
,Bolivia,-16.2902,-63.5887,2/14/20,0,0,0
,Denmark,61.8926,-6.9118,2/14/20,0,0,0
,France,18.0708,-63.0501,2/14/20,0,0,0
,Honduras,15.2,-86.2419,2/14/20,0,0,0
,United Kingdom,49.3723,-2.3644,2/14/20,0,0,0
,Canada,46.5653,-66.4619,2/14/20,0,0,0
,Congo (Kinshasa),-4.0383,21.7587,2/14/20,0,0,0
,Cote d'Ivoire,7.54,-5.5471,2/14/20,0,0,0
,France,17.9,-62.8333,2/14/20,0,0,0
,Jamaica,18.1096,-77.2975,2/14/20,0,0,0
,Turkey,38.9637,35.2433,2/14/20,0,0,0
,United Kingdom,36.1408,-5.3536,2/14/20,0,0,0
,Cuba,22,-80,2/14/20,0,0,0
,Guyana,5,-58.75,2/14/20,0,0,0
,Australia,-35.4735,149.0124,2/14/20,0,0,0
,United Kingdom,55.3781,-3.436,2/14/20,9,0,1
,Kazakhstan,48.0196,66.9237,2/14/20,0,0,0
,France,-17.6797,149.4068,2/14/20,0,0,0
,Canada,53.7609,-98.8139,2/14/20,0,0,0
,Canada,52.9399,-106.4509,2/14/20,0,0,0
,Ethiopia,9.145,40.4897,2/14/20,0,0,0
,Sudan,12.8628,30.2176,2/14/20,0,0,0
,Guinea,9.9456,-9.6966,2/14/20,0,0,0
,Canada,37.6489,-122.6655,2/14/20,0,0,0
,Kenya,-0.0236,37.9062,2/14/20,0,0,0
,Antigua and Barbuda,17.0608,-61.7964,2/14/20,0,0,0
,US,32.3182,-86.9023,2/14/20,0,0,0
,Uruguay,-32.5228,-55.7658,2/14/20,0,0,0
,Ghana,7.9465,-1.0232,2/14/20,0,0,0
,US,18.2208,-66.5901,2/14/20,0,0,0
,Namibia,-22.9576,18.4904,2/14/20,0,0,0
,Seychelles,-4.6796,55.492,2/14/20,0,0,0
,Trinidad and Tobago,10.6918,-61.2225,2/14/20,0,0,0
,Venezuela,6.4238,-66.5897,2/14/20,0,0,0
,Eswatini,-26.5225,31.4659,2/14/20,0,0,0
,Gabon,-0.8037,11.6094,2/14/20,0,0,0
,Guatemala,15.7835,-90.2308,2/14/20,0,0,0
,Mauritania,21.0079,10.9408,2/14/20,0,0,0
,Rwanda,-1.9403,29.8739,2/14/20,0,0,0
,Saint Lucia,13.9094,-60.9789,2/14/20,0,0,0
,Saint Vincent and the Grenadines,12.9843,-61.2872,2/14/20,0,0,0
,Suriname,3.9193,-56.0278,2/14/20,0,0,0
,France,3.9339,-53.1258,2/14/20,0,0,0
,US,13.4443,144.7937,2/14/20,0,0,0
,Kosovo,42.6026,20.903,2/14/20,0,0,0
,Canada,53.1355,-57.6604,2/14/20,0,0,0
,Canada,46.5107,-63.4168,2/14/20,0,0,0
,Central African Republic,6.6111,20.9394,2/14/20,0,0,0
,Congo (Brazzaville),-4.0383,21.7587,2/14/20,0,0,0
,Equatorial Guinea,1.5,10,2/14/20,0,0,0
,France,-12.8275,45.1662,2/14/20,0,0,0
,Uzbekistan,41.3775,64.5853,2/14/20,0,0,0
,Netherlands,52.1326,5.2913,2/14/20,0,0,0
,Canada,44.682,-63.7443,2/14/20,0,0,0
,France,16.25,-61.5833,2/14/20,0,0,0
,Benin,9.3077,2.3158,2/14/20,0,0,0
,Liberia,6.4281,-9.4295,2/14/20,0,0,0
,Netherlands,12.1696,-68.99,2/14/20,0,0,0
,Somalia,5.1521,46.1996,2/14/20,0,0,0
,Tanzania,-6.369,34.8888,2/14/20,0,0,0
,US,18.3358,-64.8963,2/14/20,0,0,0
,United Kingdom,19.3133,-81.2546,2/14/20,0,0,0
,France,-21.1351,55.2471,2/14/20,0,0,0
,Barbados,13.1939,-59.5432,2/14/20,0,0,0
,Montenegro,42.5,19.3,2/14/20,0,0,0
,Kyrgyzstan,41.2044,74.7661,2/14/20,0,0,0
,Mauritius,-20.2,57.5,2/14/20,0,0,0
,Netherlands,12.5186,-70.0358,2/14/20,0,0,0
,Zambia,-15.4167,28.2833,2/14/20,0,0,0
,Djibouti,11.8251,42.5903,2/14/20,0,0,0
,"Gambia, The",13.4432,-15.3101,2/14/20,0,0,0
,United Kingdom,16.7425,-62.1874,2/14/20,0,0,0
,"Bahamas, The",25.0343,-77.3963,2/14/20,0,0,0
,Denmark,71.7069,-42.6043,2/14/20,0,0,0
,France,-20.9043,165.618,2/14/20,0,0,0
,United Kingdom,32.3078,-64.7505,2/14/20,0,0,0
,Chad,15.4542,18.7322,2/14/20,0,0,0
,El Salvador,13.7942,-88.8965,2/14/20,0,0,0
,Fiji,-17.7134,178.065,2/14/20,0,0,0
,Nicaragua,12.8654,-85.2072,2/14/20,0,0,0
,Madagascar,-18.7669,46.8691,2/14/20,0,0,0
,Haiti,18.9712,-72.2852,2/14/20,0,0,0
,Angola,-11.2027,17.8739,2/14/20,0,0,0
,Cabo Verde,16.5388,-23.0418,2/14/20,0,0,0
,Netherlands,18.0425,-63.0548,2/14/20,0,0,0
,Niger,17.6078,8.0817,2/14/20,0,0,0
,Papua New Guinea,-6.315,143.9555,2/14/20,0,0,0
,United Kingdom,54.2361,-4.5481,2/14/20,0,0,0
,Zimbabwe,-20,30,2/14/20,0,0,0
,Canada,64.8255,-124.8457,2/14/20,0,0,0
,Cape Verde,15.1111,-23.6167,2/14/20,0,0,0
,East Timor,-8.55,125.56,2/14/20,0,0,0
,Eritrea,15.1794,39.7823,2/14/20,0,0,0
,Uganda,1,32,2/14/20,0,0,0
,Dominica,15.415,-61.371,2/14/20,0,0,0
,Grenada,12.1165,-61.679,2/14/20,0,0,0
,Mozambique,-18.6657,35.5296,2/14/20,0,0,0
,Syria,34.8021,38.9968,2/14/20,0,0,0
,Timor-Leste,-8.8742,125.7275,2/14/20,0,0,0
,Thailand,15,101,2/15/20,33,0,12
,Japan,36,138,2/15/20,43,1,12
,Singapore,1.2833,103.8333,2/15/20,72,0,18
,Nepal,28.1667,84.25,2/15/20,1,0,1
,Malaysia,2.5,112.5,2/15/20,22,0,7
,Canada,49.2827,-123.1207,2/15/20,4,0,0
,Australia,-33.8688,151.2093,2/15/20,4,0,4
,Australia,-37.8136,144.9631,2/15/20,4,0,4
,Australia,-28.0167,153.4,2/15/20,5,0,0
,Cambodia,11.55,104.9167,2/15/20,1,0,1
,Sri Lanka,7,81,2/15/20,1,0,1
,Germany,51,9,2/15/20,16,0,1
,Finland,64,26,2/15/20,1,0,1
,United Arab Emirates,24,54,2/15/20,8,0,3
,Philippines,13,122,2/15/20,3,1,1
,India,21,78,2/15/20,3,0,0
,Italy,43,12,2/15/20,3,0,0
,Sweden,63,16,2/15/20,1,0,0
,Spain,40,-4,2/15/20,2,0,2
,Australia,-34.9285,138.6007,2/15/20,2,0,0
,Belgium,50.8333,4,2/15/20,1,0,0
,Egypt,26,30,2/15/20,1,0,0
,Australia,35.4437,139.638,2/15/20,0,0,0
,Lebanon,33.8547,35.8623,2/15/20,0,0,0
,Iraq,33,44,2/15/20,0,0,0
,Oman,21,57,2/15/20,0,0,0
,Afghanistan,33,65,2/15/20,0,0,0
,Bahrain,26.0275,50.55,2/15/20,0,0,0
,Kuwait,29.5,47.75,2/15/20,0,0,0
,Algeria,28.0339,1.6596,2/15/20,0,0,0
,Croatia,45.1,15.2,2/15/20,0,0,0
,Switzerland,46.8182,8.2275,2/15/20,0,0,0
,Austria,47.5162,14.5501,2/15/20,0,0,0
,Israel,31,35,2/15/20,0,0,0
,Pakistan,30.3753,69.3451,2/15/20,0,0,0
,Brazil,-14.235,-51.9253,2/15/20,0,0,0
,Georgia,42.3154,43.3569,2/15/20,0,0,0
,Greece,39.0742,21.8243,2/15/20,0,0,0
,North Macedonia,41.6086,21.7453,2/15/20,0,0,0
,Norway,60.472,8.4689,2/15/20,0,0,0
,Romania,45.9432,24.9668,2/15/20,0,0,0
,Estonia,58.5953,25.0136,2/15/20,0,0,0
,San Marino,43.9424,12.4578,2/15/20,0,0,0
,Belarus,53.7098,27.9534,2/15/20,0,0,0
,Iceland,64.9631,-19.0208,2/15/20,0,0,0
,Lithuania,55.1694,23.8813,2/15/20,0,0,0
,Mexico,23.6345,-102.5528,2/15/20,0,0,0
,New Zealand,-40.9006,174.886,2/15/20,0,0,0
,Nigeria,9.082,8.6753,2/15/20,0,0,0
,Australia,-31.9505,115.8605,2/15/20,0,0,0
,Ireland,53.1424,-7.6921,2/15/20,0,0,0
,Luxembourg,49.8153,6.1296,2/15/20,0,0,0
,Monaco,43.7333,7.4167,2/15/20,0,0,0
,Qatar,25.3548,51.1839,2/15/20,0,0,0
,Ecuador,-1.8312,-78.1834,2/15/20,0,0,0
,Azerbaijan,40.1431,47.5769,2/15/20,0,0,0
,Armenia,40.0691,45.0382,2/15/20,0,0,0
,Dominican Republic,18.7357,-70.1627,2/15/20,0,0,0
,Indonesia,-0.7893,113.9213,2/15/20,0,0,0
,Portugal,39.3999,-8.2245,2/15/20,0,0,0
,Andorra,42.5063,1.5218,2/15/20,0,0,0
,Australia,-41.4545,145.9707,2/15/20,0,0,0
,Latvia,56.8796,24.6032,2/15/20,0,0,0
,Morocco,31.7917,-7.0926,2/15/20,0,0,0
,Saudi Arabia,24,45,2/15/20,0,0,0
,Senegal,14.4974,-14.4524,2/15/20,0,0,0
,Argentina,-38.4161,-63.6167,2/15/20,0,0,0
,Chile,-35.6751,-71.543,2/15/20,0,0,0
,Jordan,31.24,36.51,2/15/20,0,0,0
,Ukraine,48.3794,31.1656,2/15/20,0,0,0
,Hungary,47.1625,19.5033,2/15/20,0,0,0
,Australia,-12.4634,130.8456,2/15/20,0,0,0
,Liechtenstein,47.14,9.55,2/15/20,0,0,0
,Poland,51.9194,19.1451,2/15/20,0,0,0
,Tunisia,34,9,2/15/20,0,0,0
,Bosnia and Herzegovina,43.9159,17.6791,2/15/20,0,0,0
,Slovenia,46.1512,14.9955,2/15/20,0,0,0
,South Africa,-30.5595,22.9375,2/15/20,0,0,0
,Bhutan,27.5142,90.4336,2/15/20,0,0,0
,Cameroon,3.848,11.5021,2/15/20,0,0,0
,Colombia,4.5709,-74.2973,2/15/20,0,0,0
,Costa Rica,9.7489,-83.7534,2/15/20,0,0,0
,Peru,-9.19,-75.0152,2/15/20,0,0,0
,Serbia,44.0165,21.0059,2/15/20,0,0,0
,Slovakia,48.669,19.699,2/15/20,0,0,0
,Togo,8.6195,0.8248,2/15/20,0,0,0
,Malta,35.9375,14.3754,2/15/20,0,0,0
,Martinique,14.6415,-61.0242,2/15/20,0,0,0
,Bulgaria,42.7339,25.4858,2/15/20,0,0,0
,Maldives,3.2028,73.2207,2/15/20,0,0,0
,Bangladesh,23.685,90.3563,2/15/20,0,0,0
,Paraguay,-23.4425,-58.4438,2/15/20,0,0,0
,Canada,51.2538,-85.3232,2/15/20,3,0,1
,Canada,53.9333,-116.5765,2/15/20,0,0,0
,Canada,52.9399,-73.5491,2/15/20,0,0,0
,Albania,41.1533,20.1683,2/15/20,0,0,0
,Cyprus,35.1264,33.4299,2/15/20,0,0,0
,Brunei,4.5353,114.7277,2/15/20,0,0,0
,US,47.4009,-121.4905,2/15/20,0,0,0
,US,42.1657,-74.9481,2/15/20,0,0,0
,US,36.1162,-119.6816,2/15/20,0,0,0
,US,42.2302,-71.5301,2/15/20,0,0,0
,US,35.4437,139.638,2/15/20,0,0,0
,US,37.6489,-122.6655,2/15/20,0,0,0
,US,33.0406,-83.6431,2/15/20,0,0,0
,US,39.0598,-105.3111,2/15/20,0,0,0
,US,27.7663,-81.6868,2/15/20,0,0,0
,US,40.2989,-74.521,2/15/20,0,0,0
,US,44.572,-122.0709,2/15/20,0,0,0
,US,31.0545,-97.5635,2/15/20,0,0,0
,US,40.3495,-88.9861,2/15/20,0,0,0
,US,40.5908,-77.2098,2/15/20,0,0,0
,US,42.0115,-93.2105,2/15/20,0,0,0
,US,39.0639,-76.8021,2/15/20,0,0,0
,US,35.6301,-79.8064,2/15/20,0,0,0
,US,33.8569,-80.945,2/15/20,0,0,0
,US,35.7478,-86.6923,2/15/20,0,0,0
,US,37.7693,-78.17,2/15/20,0,0,0
,US,33.7298,-111.4312,2/15/20,0,0,0
,US,39.8494,-86.2583,2/15/20,0,0,0
,US,37.6681,-84.6701,2/15/20,0,0,0
,US,38.8974,-77.0268,2/15/20,0,0,0
,US,38.3135,-117.0554,2/15/20,0,0,0
,US,43.4525,-71.5639,2/15/20,0,0,0
,US,45.6945,-93.9002,2/15/20,0,0,0
,US,41.1254,-98.2681,2/15/20,0,0,0
,US,40.3888,-82.7649,2/15/20,0,0,0
,US,41.6809,-71.5118,2/15/20,0,0,0
,US,44.2685,-89.6165,2/15/20,0,0,0
,US,41.5978,-72.7554,2/15/20,0,0,0
,US,21.0943,-157.4983,2/15/20,0,0,0
,US,35.5653,-96.9289,2/15/20,0,0,0
,US,40.15,-111.8624,2/15/20,0,0,0
,Burkina Faso,12.2383,-1.5616,2/15/20,0,0,0
,Holy See,41.9029,12.4534,2/15/20,0,0,0
,Mongolia,46.8625,103.8467,2/15/20,0,0,0
,Panama,8.538,-80.7821,2/15/20,0,0,0
,US,38.5266,-96.7265,2/15/20,0,0,0
,US,31.1695,-91.8678,2/15/20,0,0,0
,US,38.4561,-92.2884,2/15/20,0,0,0
,US,44.0459,-72.7107,2/15/20,0,0,0
,US,61.3707,-152.4044,2/15/20,0,0,0
,US,34.9697,-92.3731,2/15/20,0,0,0
,US,39.3185,-75.5071,2/15/20,0,0,0
,US,44.2405,-114.4788,2/15/20,0,0,0
,US,44.6939,-69.3819,2/15/20,0,0,0
,US,43.3266,-84.5361,2/15/20,0,0,0
,US,32.7416,-89.6787,2/15/20,0,0,0
,US,46.9219,-110.4544,2/15/20,0,0,0
,US,34.8405,-106.2485,2/15/20,0,0,0
,US,47.5289,-99.784,2/15/20,0,0,0
,US,44.2998,-99.4388,2/15/20,0,0,0
,US,38.4912,-80.9545,2/15/20,0,0,0
,US,42.756,-107.3025,2/15/20,0,0,0
,Iran,32,53,2/15/20,0,0,0
,South Korea,36,128,2/15/20,28,0,9
,France,46.2276,2.2137,2/15/20,12,1,4
,Cruise Ship,35.4437,139.638,2/15/20,285,0,0
,Denmark,56.2639,9.5018,2/15/20,0,0,0
,Czechia,49.8175,15.473,2/15/20,0,0,0
,Taiwan*,23.7,121,2/15/20,18,0,2
,Vietnam,16,108,2/15/20,16,0,7
,Russia,60,90,2/15/20,2,0,2
,Moldova,47.4116,28.3699,2/15/20,0,0,0
,Bolivia,-16.2902,-63.5887,2/15/20,0,0,0
,Denmark,61.8926,-6.9118,2/15/20,0,0,0
,France,18.0708,-63.0501,2/15/20,0,0,0
,Honduras,15.2,-86.2419,2/15/20,0,0,0
,United Kingdom,49.3723,-2.3644,2/15/20,0,0,0
,Canada,46.5653,-66.4619,2/15/20,0,0,0
,Congo (Kinshasa),-4.0383,21.7587,2/15/20,0,0,0
,Cote d'Ivoire,7.54,-5.5471,2/15/20,0,0,0
,France,17.9,-62.8333,2/15/20,0,0,0
,Jamaica,18.1096,-77.2975,2/15/20,0,0,0
,Turkey,38.9637,35.2433,2/15/20,0,0,0
,United Kingdom,36.1408,-5.3536,2/15/20,0,0,0
,Cuba,22,-80,2/15/20,0,0,0
,Guyana,5,-58.75,2/15/20,0,0,0
,Australia,-35.4735,149.0124,2/15/20,0,0,0
,United Kingdom,55.3781,-3.436,2/15/20,9,0,1
,Kazakhstan,48.0196,66.9237,2/15/20,0,0,0
,France,-17.6797,149.4068,2/15/20,0,0,0
,Canada,53.7609,-98.8139,2/15/20,0,0,0
,Canada,52.9399,-106.4509,2/15/20,0,0,0
,Ethiopia,9.145,40.4897,2/15/20,0,0,0
,Sudan,12.8628,30.2176,2/15/20,0,0,0
,Guinea,9.9456,-9.6966,2/15/20,0,0,0
,Canada,37.6489,-122.6655,2/15/20,0,0,0
,Kenya,-0.0236,37.9062,2/15/20,0,0,0
,Antigua and Barbuda,17.0608,-61.7964,2/15/20,0,0,0
,US,32.3182,-86.9023,2/15/20,0,0,0
,Uruguay,-32.5228,-55.7658,2/15/20,0,0,0
,Ghana,7.9465,-1.0232,2/15/20,0,0,0
,US,18.2208,-66.5901,2/15/20,0,0,0
,Namibia,-22.9576,18.4904,2/15/20,0,0,0
,Seychelles,-4.6796,55.492,2/15/20,0,0,0
,Trinidad and Tobago,10.6918,-61.2225,2/15/20,0,0,0
,Venezuela,6.4238,-66.5897,2/15/20,0,0,0
,Eswatini,-26.5225,31.4659,2/15/20,0,0,0
,Gabon,-0.8037,11.6094,2/15/20,0,0,0
,Guatemala,15.7835,-90.2308,2/15/20,0,0,0
,Mauritania,21.0079,10.9408,2/15/20,0,0,0
,Rwanda,-1.9403,29.8739,2/15/20,0,0,0
,Saint Lucia,13.9094,-60.9789,2/15/20,0,0,0
,Saint Vincent and the Grenadines,12.9843,-61.2872,2/15/20,0,0,0
,Suriname,3.9193,-56.0278,2/15/20,0,0,0
,France,3.9339,-53.1258,2/15/20,0,0,0
,US,13.4443,144.7937,2/15/20,0,0,0
,Kosovo,42.6026,20.903,2/15/20,0,0,0
,Canada,53.1355,-57.6604,2/15/20,0,0,0
,Canada,46.5107,-63.4168,2/15/20,0,0,0
,Central African Republic,6.6111,20.9394,2/15/20,0,0,0
,Congo (Brazzaville),-4.0383,21.7587,2/15/20,0,0,0
,Equatorial Guinea,1.5,10,2/15/20,0,0,0
,France,-12.8275,45.1662,2/15/20,0,0,0
,Uzbekistan,41.3775,64.5853,2/15/20,0,0,0
,Netherlands,52.1326,5.2913,2/15/20,0,0,0
,Canada,44.682,-63.7443,2/15/20,0,0,0
,France,16.25,-61.5833,2/15/20,0,0,0
,Benin,9.3077,2.3158,2/15/20,0,0,0
,Liberia,6.4281,-9.4295,2/15/20,0,0,0
,Netherlands,12.1696,-68.99,2/15/20,0,0,0
,Somalia,5.1521,46.1996,2/15/20,0,0,0
,Tanzania,-6.369,34.8888,2/15/20,0,0,0
,US,18.3358,-64.8963,2/15/20,0,0,0
,United Kingdom,19.3133,-81.2546,2/15/20,0,0,0
,France,-21.1351,55.2471,2/15/20,0,0,0
,Barbados,13.1939,-59.5432,2/15/20,0,0,0
,Montenegro,42.5,19.3,2/15/20,0,0,0
,Kyrgyzstan,41.2044,74.7661,2/15/20,0,0,0
,Mauritius,-20.2,57.5,2/15/20,0,0,0
,Netherlands,12.5186,-70.0358,2/15/20,0,0,0
,Zambia,-15.4167,28.2833,2/15/20,0,0,0
,Djibouti,11.8251,42.5903,2/15/20,0,0,0
,"Gambia, The",13.4432,-15.3101,2/15/20,0,0,0
,United Kingdom,16.7425,-62.1874,2/15/20,0,0,0
,"Bahamas, The",25.0343,-77.3963,2/15/20,0,0,0
,Denmark,71.7069,-42.6043,2/15/20,0,0,0
,France,-20.9043,165.618,2/15/20,0,0,0
,United Kingdom,32.3078,-64.7505,2/15/20,0,0,0
,Chad,15.4542,18.7322,2/15/20,0,0,0
,El Salvador,13.7942,-88.8965,2/15/20,0,0,0
,Fiji,-17.7134,178.065,2/15/20,0,0,0
,Nicaragua,12.8654,-85.2072,2/15/20,0,0,0
,Madagascar,-18.7669,46.8691,2/15/20,0,0,0
,Haiti,18.9712,-72.2852,2/15/20,0,0,0
,Angola,-11.2027,17.8739,2/15/20,0,0,0
,Cabo Verde,16.5388,-23.0418,2/15/20,0,0,0
,Netherlands,18.0425,-63.0548,2/15/20,0,0,0
,Niger,17.6078,8.0817,2/15/20,0,0,0
,Papua New Guinea,-6.315,143.9555,2/15/20,0,0,0
,United Kingdom,54.2361,-4.5481,2/15/20,0,0,0
,Zimbabwe,-20,30,2/15/20,0,0,0
,Canada,64.8255,-124.8457,2/15/20,0,0,0
,Cape Verde,15.1111,-23.6167,2/15/20,0,0,0
,East Timor,-8.55,125.56,2/15/20,0,0,0
,Eritrea,15.1794,39.7823,2/15/20,0,0,0
,Uganda,1,32,2/15/20,0,0,0
,Dominica,15.415,-61.371,2/15/20,0,0,0
,Grenada,12.1165,-61.679,2/15/20,0,0,0
,Mozambique,-18.6657,35.5296,2/15/20,0,0,0
,Syria,34.8021,38.9968,2/15/20,0,0,0
,Timor-Leste,-8.8742,125.7275,2/15/20,0,0,0
,Thailand,15,101,2/16/20,34,0,14
,Japan,36,138,2/16/20,59,1,12
,Singapore,1.2833,103.8333,2/16/20,75,0,18
,Nepal,28.1667,84.25,2/16/20,1,0,1
,Malaysia,2.5,112.5,2/16/20,22,0,7
,Canada,49.2827,-123.1207,2/16/20,4,0,0
,Australia,-33.8688,151.2093,2/16/20,4,0,4
,Australia,-37.8136,144.9631,2/16/20,4,0,4
,Australia,-28.0167,153.4,2/16/20,5,0,0
,Cambodia,11.55,104.9167,2/16/20,1,0,1
,Sri Lanka,7,81,2/16/20,1,0,1
,Germany,51,9,2/16/20,16,0,1
,Finland,64,26,2/16/20,1,0,1
,United Arab Emirates,24,54,2/16/20,9,0,4
,Philippines,13,122,2/16/20,3,1,1
,India,21,78,2/16/20,3,0,3
,Italy,43,12,2/16/20,3,0,0
,Sweden,63,16,2/16/20,1,0,0
,Spain,40,-4,2/16/20,2,0,2
,Australia,-34.9285,138.6007,2/16/20,2,0,0
,Belgium,50.8333,4,2/16/20,1,0,0
,Egypt,26,30,2/16/20,1,0,0
,Australia,35.4437,139.638,2/16/20,0,0,0
,Lebanon,33.8547,35.8623,2/16/20,0,0,0
,Iraq,33,44,2/16/20,0,0,0
,Oman,21,57,2/16/20,0,0,0
,Afghanistan,33,65,2/16/20,0,0,0
,Bahrain,26.0275,50.55,2/16/20,0,0,0
,Kuwait,29.5,47.75,2/16/20,0,0,0
,Algeria,28.0339,1.6596,2/16/20,0,0,0
,Croatia,45.1,15.2,2/16/20,0,0,0
,Switzerland,46.8182,8.2275,2/16/20,0,0,0
,Austria,47.5162,14.5501,2/16/20,0,0,0
,Israel,31,35,2/16/20,0,0,0
,Pakistan,30.3753,69.3451,2/16/20,0,0,0
,Brazil,-14.235,-51.9253,2/16/20,0,0,0
,Georgia,42.3154,43.3569,2/16/20,0,0,0
,Greece,39.0742,21.8243,2/16/20,0,0,0
,North Macedonia,41.6086,21.7453,2/16/20,0,0,0
,Norway,60.472,8.4689,2/16/20,0,0,0
,Romania,45.9432,24.9668,2/16/20,0,0,0
,Estonia,58.5953,25.0136,2/16/20,0,0,0
,San Marino,43.9424,12.4578,2/16/20,0,0,0
,Belarus,53.7098,27.9534,2/16/20,0,0,0
,Iceland,64.9631,-19.0208,2/16/20,0,0,0
,Lithuania,55.1694,23.8813,2/16/20,0,0,0
,Mexico,23.6345,-102.5528,2/16/20,0,0,0
,New Zealand,-40.9006,174.886,2/16/20,0,0,0
,Nigeria,9.082,8.6753,2/16/20,0,0,0
,Australia,-31.9505,115.8605,2/16/20,0,0,0
,Ireland,53.1424,-7.6921,2/16/20,0,0,0
,Luxembourg,49.8153,6.1296,2/16/20,0,0,0
,Monaco,43.7333,7.4167,2/16/20,0,0,0
,Qatar,25.3548,51.1839,2/16/20,0,0,0
,Ecuador,-1.8312,-78.1834,2/16/20,0,0,0
,Azerbaijan,40.1431,47.5769,2/16/20,0,0,0
,Armenia,40.0691,45.0382,2/16/20,0,0,0
,Dominican Republic,18.7357,-70.1627,2/16/20,0,0,0
,Indonesia,-0.7893,113.9213,2/16/20,0,0,0
,Portugal,39.3999,-8.2245,2/16/20,0,0,0
,Andorra,42.5063,1.5218,2/16/20,0,0,0
,Australia,-41.4545,145.9707,2/16/20,0,0,0
,Latvia,56.8796,24.6032,2/16/20,0,0,0
,Morocco,31.7917,-7.0926,2/16/20,0,0,0
,Saudi Arabia,24,45,2/16/20,0,0,0
,Senegal,14.4974,-14.4524,2/16/20,0,0,0
,Argentina,-38.4161,-63.6167,2/16/20,0,0,0
,Chile,-35.6751,-71.543,2/16/20,0,0,0
,Jordan,31.24,36.51,2/16/20,0,0,0
,Ukraine,48.3794,31.1656,2/16/20,0,0,0
,Hungary,47.1625,19.5033,2/16/20,0,0,0
,Australia,-12.4634,130.8456,2/16/20,0,0,0
,Liechtenstein,47.14,9.55,2/16/20,0,0,0
,Poland,51.9194,19.1451,2/16/20,0,0,0
,Tunisia,34,9,2/16/20,0,0,0
,Bosnia and Herzegovina,43.9159,17.6791,2/16/20,0,0,0
,Slovenia,46.1512,14.9955,2/16/20,0,0,0
,South Africa,-30.5595,22.9375,2/16/20,0,0,0
,Bhutan,27.5142,90.4336,2/16/20,0,0,0
,Cameroon,3.848,11.5021,2/16/20,0,0,0
,Colombia,4.5709,-74.2973,2/16/20,0,0,0
,Costa Rica,9.7489,-83.7534,2/16/20,0,0,0
,Peru,-9.19,-75.0152,2/16/20,0,0,0
,Serbia,44.0165,21.0059,2/16/20,0,0,0
,Slovakia,48.669,19.699,2/16/20,0,0,0
,Togo,8.6195,0.8248,2/16/20,0,0,0
,Malta,35.9375,14.3754,2/16/20,0,0,0
,Martinique,14.6415,-61.0242,2/16/20,0,0,0
,Bulgaria,42.7339,25.4858,2/16/20,0,0,0
,Maldives,3.2028,73.2207,2/16/20,0,0,0
,Bangladesh,23.685,90.3563,2/16/20,0,0,0
,Paraguay,-23.4425,-58.4438,2/16/20,0,0,0
,Canada,51.2538,-85.3232,2/16/20,3,0,1
,Canada,53.9333,-116.5765,2/16/20,0,0,0
,Canada,52.9399,-73.5491,2/16/20,0,0,0
,Albania,41.1533,20.1683,2/16/20,0,0,0
,Cyprus,35.1264,33.4299,2/16/20,0,0,0
,Brunei,4.5353,114.7277,2/16/20,0,0,0
,US,47.4009,-121.4905,2/16/20,0,0,0
,US,42.1657,-74.9481,2/16/20,0,0,0
,US,36.1162,-119.6816,2/16/20,0,0,0
,US,42.2302,-71.5301,2/16/20,0,0,0
,US,35.4437,139.638,2/16/20,0,0,0
,US,37.6489,-122.6655,2/16/20,0,0,0
,US,33.0406,-83.6431,2/16/20,0,0,0
,US,39.0598,-105.3111,2/16/20,0,0,0
,US,27.7663,-81.6868,2/16/20,0,0,0
,US,40.2989,-74.521,2/16/20,0,0,0
,US,44.572,-122.0709,2/16/20,0,0,0
,US,31.0545,-97.5635,2/16/20,0,0,0
,US,40.3495,-88.9861,2/16/20,0,0,0
,US,40.5908,-77.2098,2/16/20,0,0,0
,US,42.0115,-93.2105,2/16/20,0,0,0
,US,39.0639,-76.8021,2/16/20,0,0,0
,US,35.6301,-79.8064,2/16/20,0,0,0
,US,33.8569,-80.945,2/16/20,0,0,0
,US,35.7478,-86.6923,2/16/20,0,0,0
,US,37.7693,-78.17,2/16/20,0,0,0
,US,33.7298,-111.4312,2/16/20,0,0,0
,US,39.8494,-86.2583,2/16/20,0,0,0
,US,37.6681,-84.6701,2/16/20,0,0,0
,US,38.8974,-77.0268,2/16/20,0,0,0
,US,38.3135,-117.0554,2/16/20,0,0,0
,US,43.4525,-71.5639,2/16/20,0,0,0
,US,45.6945,-93.9002,2/16/20,0,0,0
,US,41.1254,-98.2681,2/16/20,0,0,0
,US,40.3888,-82.7649,2/16/20,0,0,0
,US,41.6809,-71.5118,2/16/20,0,0,0
,US,44.2685,-89.6165,2/16/20,0,0,0
,US,41.5978,-72.7554,2/16/20,0,0,0
,US,21.0943,-157.4983,2/16/20,0,0,0
,US,35.5653,-96.9289,2/16/20,0,0,0
,US,40.15,-111.8624,2/16/20,0,0,0
,Burkina Faso,12.2383,-1.5616,2/16/20,0,0,0
,Holy See,41.9029,12.4534,2/16/20,0,0,0
,Mongolia,46.8625,103.8467,2/16/20,0,0,0
,Panama,8.538,-80.7821,2/16/20,0,0,0
,US,38.5266,-96.7265,2/16/20,0,0,0
,US,31.1695,-91.8678,2/16/20,0,0,0
,US,38.4561,-92.2884,2/16/20,0,0,0
,US,44.0459,-72.7107,2/16/20,0,0,0
,US,61.3707,-152.4044,2/16/20,0,0,0
,US,34.9697,-92.3731,2/16/20,0,0,0
,US,39.3185,-75.5071,2/16/20,0,0,0
,US,44.2405,-114.4788,2/16/20,0,0,0
,US,44.6939,-69.3819,2/16/20,0,0,0
,US,43.3266,-84.5361,2/16/20,0,0,0
,US,32.7416,-89.6787,2/16/20,0,0,0
,US,46.9219,-110.4544,2/16/20,0,0,0
,US,34.8405,-106.2485,2/16/20,0,0,0
,US,47.5289,-99.784,2/16/20,0,0,0
,US,44.2998,-99.4388,2/16/20,0,0,0
,US,38.4912,-80.9545,2/16/20,0,0,0
,US,42.756,-107.3025,2/16/20,0,0,0
,Iran,32,53,2/16/20,0,0,0
,South Korea,36,128,2/16/20,29,0,9
,France,46.2276,2.2137,2/16/20,12,1,4
,Cruise Ship,35.4437,139.638,2/16/20,355,0,0
,Denmark,56.2639,9.5018,2/16/20,0,0,0
,Czechia,49.8175,15.473,2/16/20,0,0,0
,Taiwan*,23.7,121,2/16/20,20,1,2
,Vietnam,16,108,2/16/20,16,0,7
,Russia,60,90,2/16/20,2,0,2
,Moldova,47.4116,28.3699,2/16/20,0,0,0
,Bolivia,-16.2902,-63.5887,2/16/20,0,0,0
,Denmark,61.8926,-6.9118,2/16/20,0,0,0
,France,18.0708,-63.0501,2/16/20,0,0,0
,Honduras,15.2,-86.2419,2/16/20,0,0,0
,United Kingdom,49.3723,-2.3644,2/16/20,0,0,0
,Canada,46.5653,-66.4619,2/16/20,0,0,0
,Congo (Kinshasa),-4.0383,21.7587,2/16/20,0,0,0
,Cote d'Ivoire,7.54,-5.5471,2/16/20,0,0,0
,France,17.9,-62.8333,2/16/20,0,0,0
,Jamaica,18.1096,-77.2975,2/16/20,0,0,0
,Turkey,38.9637,35.2433,2/16/20,0,0,0
,United Kingdom,36.1408,-5.3536,2/16/20,0,0,0
,Cuba,22,-80,2/16/20,0,0,0
,Guyana,5,-58.75,2/16/20,0,0,0
,Australia,-35.4735,149.0124,2/16/20,0,0,0
,United Kingdom,55.3781,-3.436,2/16/20,9,0,8
,Kazakhstan,48.0196,66.9237,2/16/20,0,0,0
,France,-17.6797,149.4068,2/16/20,0,0,0
,Canada,53.7609,-98.8139,2/16/20,0,0,0
,Canada,52.9399,-106.4509,2/16/20,0,0,0
,Ethiopia,9.145,40.4897,2/16/20,0,0,0
,Sudan,12.8628,30.2176,2/16/20,0,0,0
,Guinea,9.9456,-9.6966,2/16/20,0,0,0
,Canada,37.6489,-122.6655,2/16/20,0,0,0
,Kenya,-0.0236,37.9062,2/16/20,0,0,0
,Antigua and Barbuda,17.0608,-61.7964,2/16/20,0,0,0
,US,32.3182,-86.9023,2/16/20,0,0,0
,Uruguay,-32.5228,-55.7658,2/16/20,0,0,0
,Ghana,7.9465,-1.0232,2/16/20,0,0,0
,US,18.2208,-66.5901,2/16/20,0,0,0
,Namibia,-22.9576,18.4904,2/16/20,0,0,0
,Seychelles,-4.6796,55.492,2/16/20,0,0,0
,Trinidad and Tobago,10.6918,-61.2225,2/16/20,0,0,0
,Venezuela,6.4238,-66.5897,2/16/20,0,0,0
,Eswatini,-26.5225,31.4659,2/16/20,0,0,0
,Gabon,-0.8037,11.6094,2/16/20,0,0,0
,Guatemala,15.7835,-90.2308,2/16/20,0,0,0
,Mauritania,21.0079,10.9408,2/16/20,0,0,0
,Rwanda,-1.9403,29.8739,2/16/20,0,0,0
,Saint Lucia,13.9094,-60.9789,2/16/20,0,0,0
,Saint Vincent and the Grenadines,12.9843,-61.2872,2/16/20,0,0,0
,Suriname,3.9193,-56.0278,2/16/20,0,0,0
,France,3.9339,-53.1258,2/16/20,0,0,0
,US,13.4443,144.7937,2/16/20,0,0,0
,Kosovo,42.6026,20.903,2/16/20,0,0,0
,Canada,53.1355,-57.6604,2/16/20,0,0,0
,Canada,46.5107,-63.4168,2/16/20,0,0,0
,Central African Republic,6.6111,20.9394,2/16/20,0,0,0
,Congo (Brazzaville),-4.0383,21.7587,2/16/20,0,0,0
,Equatorial Guinea,1.5,10,2/16/20,0,0,0
,France,-12.8275,45.1662,2/16/20,0,0,0
,Uzbekistan,41.3775,64.5853,2/16/20,0,0,0
,Netherlands,52.1326,5.2913,2/16/20,0,0,0
,Canada,44.682,-63.7443,2/16/20,0,0,0
,France,16.25,-61.5833,2/16/20,0,0,0
,Benin,9.3077,2.3158,2/16/20,0,0,0
,Liberia,6.4281,-9.4295,2/16/20,0,0,0
,Netherlands,12.1696,-68.99,2/16/20,0,0,0
,Somalia,5.1521,46.1996,2/16/20,0,0,0
,Tanzania,-6.369,34.8888,2/16/20,0,0,0
,US,18.3358,-64.8963,2/16/20,0,0,0
,United Kingdom,19.3133,-81.2546,2/16/20,0,0,0
,France,-21.1351,55.2471,2/16/20,0,0,0
,Barbados,13.1939,-59.5432,2/16/20,0,0,0
,Montenegro,42.5,19.3,2/16/20,0,0,0
,Kyrgyzstan,41.2044,74.7661,2/16/20,0,0,0
,Mauritius,-20.2,57.5,2/16/20,0,0,0
,Netherlands,12.5186,-70.0358,2/16/20,0,0,0
,Zambia,-15.4167,28.2833,2/16/20,0,0,0
,Djibouti,11.8251,42.5903,2/16/20,0,0,0
,"Gambia, The",13.4432,-15.3101,2/16/20,0,0,0
,United Kingdom,16.7425,-62.1874,2/16/20,0,0,0
,"Bahamas, The",25.0343,-77.3963,2/16/20,0,0,0
,Denmark,71.7069,-42.6043,2/16/20,0,0,0
,France,-20.9043,165.618,2/16/20,0,0,0
,United Kingdom,32.3078,-64.7505,2/16/20,0,0,0
,Chad,15.4542,18.7322,2/16/20,0,0,0
,El Salvador,13.7942,-88.8965,2/16/20,0,0,0
,Fiji,-17.7134,178.065,2/16/20,0,0,0
,Nicaragua,12.8654,-85.2072,2/16/20,0,0,0
,Madagascar,-18.7669,46.8691,2/16/20,0,0,0
,Haiti,18.9712,-72.2852,2/16/20,0,0,0
,Angola,-11.2027,17.8739,2/16/20,0,0,0
,Cabo Verde,16.5388,-23.0418,2/16/20,0,0,0
,Netherlands,18.0425,-63.0548,2/16/20,0,0,0
,Niger,17.6078,8.0817,2/16/20,0,0,0
,Papua New Guinea,-6.315,143.9555,2/16/20,0,0,0
,United Kingdom,54.2361,-4.5481,2/16/20,0,0,0
,Zimbabwe,-20,30,2/16/20,0,0,0
,Canada,64.8255,-124.8457,2/16/20,0,0,0
,Cape Verde,15.1111,-23.6167,2/16/20,0,0,0
,East Timor,-8.55,125.56,2/16/20,0,0,0
,Eritrea,15.1794,39.7823,2/16/20,0,0,0
,Uganda,1,32,2/16/20,0,0,0
,Dominica,15.415,-61.371,2/16/20,0,0,0
,Grenada,12.1165,-61.679,2/16/20,0,0,0
,Mozambique,-18.6657,35.5296,2/16/20,0,0,0
,Syria,34.8021,38.9968,2/16/20,0,0,0
,Timor-Leste,-8.8742,125.7275,2/16/20,0,0,0
,Thailand,15,101,2/17/20,35,0,15
,Japan,36,138,2/17/20,66,1,12
,Singapore,1.2833,103.8333,2/17/20,77,0,24
,Nepal,28.1667,84.25,2/17/20,1,0,1
,Malaysia,2.5,112.5,2/17/20,22,0,7
,Canada,49.2827,-123.1207,2/17/20,5,0,0
,Australia,-33.8688,151.2093,2/17/20,4,0,4
,Australia,-37.8136,144.9631,2/17/20,4,0,4
,Australia,-28.0167,153.4,2/17/20,5,0,0
,Cambodia,11.55,104.9167,2/17/20,1,0,1
,Sri Lanka,7,81,2/17/20,1,0,1
,Germany,51,9,2/17/20,16,0,1
,Finland,64,26,2/17/20,1,0,1
,United Arab Emirates,24,54,2/17/20,9,0,4
,Philippines,13,122,2/17/20,3,1,1
,India,21,78,2/17/20,3,0,3
,Italy,43,12,2/17/20,3,0,0
,Sweden,63,16,2/17/20,1,0,0
,Spain,40,-4,2/17/20,2,0,2
,Australia,-34.9285,138.6007,2/17/20,2,0,2
,Belgium,50.8333,4,2/17/20,1,0,1
,Egypt,26,30,2/17/20,1,0,0
,Australia,35.4437,139.638,2/17/20,0,0,0
,Lebanon,33.8547,35.8623,2/17/20,0,0,0
,Iraq,33,44,2/17/20,0,0,0
,Oman,21,57,2/17/20,0,0,0
,Afghanistan,33,65,2/17/20,0,0,0
,Bahrain,26.0275,50.55,2/17/20,0,0,0
,Kuwait,29.5,47.75,2/17/20,0,0,0
,Algeria,28.0339,1.6596,2/17/20,0,0,0
,Croatia,45.1,15.2,2/17/20,0,0,0
,Switzerland,46.8182,8.2275,2/17/20,0,0,0
,Austria,47.5162,14.5501,2/17/20,0,0,0
,Israel,31,35,2/17/20,0,0,0
,Pakistan,30.3753,69.3451,2/17/20,0,0,0
,Brazil,-14.235,-51.9253,2/17/20,0,0,0
,Georgia,42.3154,43.3569,2/17/20,0,0,0
,Greece,39.0742,21.8243,2/17/20,0,0,0
,North Macedonia,41.6086,21.7453,2/17/20,0,0,0
,Norway,60.472,8.4689,2/17/20,0,0,0
,Romania,45.9432,24.9668,2/17/20,0,0,0
,Estonia,58.5953,25.0136,2/17/20,0,0,0
,San Marino,43.9424,12.4578,2/17/20,0,0,0
,Belarus,53.7098,27.9534,2/17/20,0,0,0
,Iceland,64.9631,-19.0208,2/17/20,0,0,0
,Lithuania,55.1694,23.8813,2/17/20,0,0,0
,Mexico,23.6345,-102.5528,2/17/20,0,0,0
,New Zealand,-40.9006,174.886,2/17/20,0,0,0
,Nigeria,9.082,8.6753,2/17/20,0,0,0
,Australia,-31.9505,115.8605,2/17/20,0,0,0
,Ireland,53.1424,-7.6921,2/17/20,0,0,0
,Luxembourg,49.8153,6.1296,2/17/20,0,0,0
,Monaco,43.7333,7.4167,2/17/20,0,0,0
,Qatar,25.3548,51.1839,2/17/20,0,0,0
,Ecuador,-1.8312,-78.1834,2/17/20,0,0,0
,Azerbaijan,40.1431,47.5769,2/17/20,0,0,0
,Armenia,40.0691,45.0382,2/17/20,0,0,0
,Dominican Republic,18.7357,-70.1627,2/17/20,0,0,0
,Indonesia,-0.7893,113.9213,2/17/20,0,0,0
,Portugal,39.3999,-8.2245,2/17/20,0,0,0
,Andorra,42.5063,1.5218,2/17/20,0,0,0
,Australia,-41.4545,145.9707,2/17/20,0,0,0
,Latvia,56.8796,24.6032,2/17/20,0,0,0
,Morocco,31.7917,-7.0926,2/17/20,0,0,0
,Saudi Arabia,24,45,2/17/20,0,0,0
,Senegal,14.4974,-14.4524,2/17/20,0,0,0
,Argentina,-38.4161,-63.6167,2/17/20,0,0,0
,Chile,-35.6751,-71.543,2/17/20,0,0,0
,Jordan,31.24,36.51,2/17/20,0,0,0
,Ukraine,48.3794,31.1656,2/17/20,0,0,0
,Hungary,47.1625,19.5033,2/17/20,0,0,0
,Australia,-12.4634,130.8456,2/17/20,0,0,0
,Liechtenstein,47.14,9.55,2/17/20,0,0,0
,Poland,51.9194,19.1451,2/17/20,0,0,0
,Tunisia,34,9,2/17/20,0,0,0
,Bosnia and Herzegovina,43.9159,17.6791,2/17/20,0,0,0
,Slovenia,46.1512,14.9955,2/17/20,0,0,0
,South Africa,-30.5595,22.9375,2/17/20,0,0,0
,Bhutan,27.5142,90.4336,2/17/20,0,0,0
,Cameroon,3.848,11.5021,2/17/20,0,0,0
,Colombia,4.5709,-74.2973,2/17/20,0,0,0
,Costa Rica,9.7489,-83.7534,2/17/20,0,0,0
,Peru,-9.19,-75.0152,2/17/20,0,0,0
,Serbia,44.0165,21.0059,2/17/20,0,0,0
,Slovakia,48.669,19.699,2/17/20,0,0,0
,Togo,8.6195,0.8248,2/17/20,0,0,0
,Malta,35.9375,14.3754,2/17/20,0,0,0
,Martinique,14.6415,-61.0242,2/17/20,0,0,0
,Bulgaria,42.7339,25.4858,2/17/20,0,0,0
,Maldives,3.2028,73.2207,2/17/20,0,0,0
,Bangladesh,23.685,90.3563,2/17/20,0,0,0
,Paraguay,-23.4425,-58.4438,2/17/20,0,0,0
,Canada,51.2538,-85.3232,2/17/20,3,0,1
,Canada,53.9333,-116.5765,2/17/20,0,0,0
,Canada,52.9399,-73.5491,2/17/20,0,0,0
,Albania,41.1533,20.1683,2/17/20,0,0,0
,Cyprus,35.1264,33.4299,2/17/20,0,0,0
,Brunei,4.5353,114.7277,2/17/20,0,0,0
,US,47.4009,-121.4905,2/17/20,0,0,0
,US,42.1657,-74.9481,2/17/20,0,0,0
,US,36.1162,-119.6816,2/17/20,0,0,0
,US,42.2302,-71.5301,2/17/20,0,0,0
,US,35.4437,139.638,2/17/20,0,0,0
,US,37.6489,-122.6655,2/17/20,0,0,0
,US,33.0406,-83.6431,2/17/20,0,0,0
,US,39.0598,-105.3111,2/17/20,0,0,0
,US,27.7663,-81.6868,2/17/20,0,0,0
,US,40.2989,-74.521,2/17/20,0,0,0
,US,44.572,-122.0709,2/17/20,0,0,0
,US,31.0545,-97.5635,2/17/20,0,0,0
,US,40.3495,-88.9861,2/17/20,0,0,0
,US,40.5908,-77.2098,2/17/20,0,0,0
,US,42.0115,-93.2105,2/17/20,0,0,0
,US,39.0639,-76.8021,2/17/20,0,0,0
,US,35.6301,-79.8064,2/17/20,0,0,0
,US,33.8569,-80.945,2/17/20,0,0,0
,US,35.7478,-86.6923,2/17/20,0,0,0
,US,37.7693,-78.17,2/17/20,0,0,0
,US,33.7298,-111.4312,2/17/20,0,0,0
,US,39.8494,-86.2583,2/17/20,0,0,0
,US,37.6681,-84.6701,2/17/20,0,0,0
,US,38.8974,-77.0268,2/17/20,0,0,0
,US,38.3135,-117.0554,2/17/20,0,0,0
,US,43.4525,-71.5639,2/17/20,0,0,0
,US,45.6945,-93.9002,2/17/20,0,0,0
,US,41.1254,-98.2681,2/17/20,0,0,0
,US,40.3888,-82.7649,2/17/20,0,0,0
,US,41.6809,-71.5118,2/17/20,0,0,0
,US,44.2685,-89.6165,2/17/20,0,0,0
,US,41.5978,-72.7554,2/17/20,0,0,0
,US,21.0943,-157.4983,2/17/20,0,0,0
,US,35.5653,-96.9289,2/17/20,0,0,0
,US,40.15,-111.8624,2/17/20,0,0,0
,Burkina Faso,12.2383,-1.5616,2/17/20,0,0,0
,Holy See,41.9029,12.4534,2/17/20,0,0,0
,Mongolia,46.8625,103.8467,2/17/20,0,0,0
,Panama,8.538,-80.7821,2/17/20,0,0,0
,US,38.5266,-96.7265,2/17/20,0,0,0
,US,31.1695,-91.8678,2/17/20,0,0,0
,US,38.4561,-92.2884,2/17/20,0,0,0
,US,44.0459,-72.7107,2/17/20,0,0,0
,US,61.3707,-152.4044,2/17/20,0,0,0
,US,34.9697,-92.3731,2/17/20,0,0,0
,US,39.3185,-75.5071,2/17/20,0,0,0
,US,44.2405,-114.4788,2/17/20,0,0,0
,US,44.6939,-69.3819,2/17/20,0,0,0
,US,43.3266,-84.5361,2/17/20,0,0,0
,US,32.7416,-89.6787,2/17/20,0,0,0
,US,46.9219,-110.4544,2/17/20,0,0,0
,US,34.8405,-106.2485,2/17/20,0,0,0
,US,47.5289,-99.784,2/17/20,0,0,0
,US,44.2998,-99.4388,2/17/20,0,0,0
,US,38.4912,-80.9545,2/17/20,0,0,0
,US,42.756,-107.3025,2/17/20,0,0,0
,Iran,32,53,2/17/20,0,0,0
,South Korea,36,128,2/17/20,30,0,10
,France,46.2276,2.2137,2/17/20,12,1,4
,Cruise Ship,35.4437,139.638,2/17/20,454,0,0
,Denmark,56.2639,9.5018,2/17/20,0,0,0
,Czechia,49.8175,15.473,2/17/20,0,0,0
,Taiwan*,23.7,121,2/17/20,22,1,2
,Vietnam,16,108,2/17/20,16,0,7
,Russia,60,90,2/17/20,2,0,2
,Moldova,47.4116,28.3699,2/17/20,0,0,0
,Bolivia,-16.2902,-63.5887,2/17/20,0,0,0
,Denmark,61.8926,-6.9118,2/17/20,0,0,0
,France,18.0708,-63.0501,2/17/20,0,0,0
,Honduras,15.2,-86.2419,2/17/20,0,0,0
,United Kingdom,49.3723,-2.3644,2/17/20,0,0,0
,Canada,46.5653,-66.4619,2/17/20,0,0,0
,Congo (Kinshasa),-4.0383,21.7587,2/17/20,0,0,0
,Cote d'Ivoire,7.54,-5.5471,2/17/20,0,0,0
,France,17.9,-62.8333,2/17/20,0,0,0
,Jamaica,18.1096,-77.2975,2/17/20,0,0,0
,Turkey,38.9637,35.2433,2/17/20,0,0,0
,United Kingdom,36.1408,-5.3536,2/17/20,0,0,0
,Cuba,22,-80,2/17/20,0,0,0
,Guyana,5,-58.75,2/17/20,0,0,0
,Australia,-35.4735,149.0124,2/17/20,0,0,0
,United Kingdom,55.3781,-3.436,2/17/20,9,0,8
,Kazakhstan,48.0196,66.9237,2/17/20,0,0,0
,France,-17.6797,149.4068,2/17/20,0,0,0
,Canada,53.7609,-98.8139,2/17/20,0,0,0
,Canada,52.9399,-106.4509,2/17/20,0,0,0
,Ethiopia,9.145,40.4897,2/17/20,0,0,0
,Sudan,12.8628,30.2176,2/17/20,0,0,0
,Guinea,9.9456,-9.6966,2/17/20,0,0,0
,Canada,37.6489,-122.6655,2/17/20,0,0,0
,Kenya,-0.0236,37.9062,2/17/20,0,0,0
,Antigua and Barbuda,17.0608,-61.7964,2/17/20,0,0,0
,US,32.3182,-86.9023,2/17/20,0,0,0
,Uruguay,-32.5228,-55.7658,2/17/20,0,0,0
,Ghana,7.9465,-1.0232,2/17/20,0,0,0
,US,18.2208,-66.5901,2/17/20,0,0,0
,Namibia,-22.9576,18.4904,2/17/20,0,0,0
,Seychelles,-4.6796,55.492,2/17/20,0,0,0
,Trinidad and Tobago,10.6918,-61.2225,2/17/20,0,0,0
,Venezuela,6.4238,-66.5897,2/17/20,0,0,0
,Eswatini,-26.5225,31.4659,2/17/20,0,0,0
,Gabon,-0.8037,11.6094,2/17/20,0,0,0
,Guatemala,15.7835,-90.2308,2/17/20,0,0,0
,Mauritania,21.0079,10.9408,2/17/20,0,0,0
,Rwanda,-1.9403,29.8739,2/17/20,0,0,0
,Saint Lucia,13.9094,-60.9789,2/17/20,0,0,0
,Saint Vincent and the Grenadines,12.9843,-61.2872,2/17/20,0,0,0
,Suriname,3.9193,-56.0278,2/17/20,0,0,0
,France,3.9339,-53.1258,2/17/20,0,0,0
,US,13.4443,144.7937,2/17/20,0,0,0
,Kosovo,42.6026,20.903,2/17/20,0,0,0
,Canada,53.1355,-57.6604,2/17/20,0,0,0
,Canada,46.5107,-63.4168,2/17/20,0,0,0
,Central African Republic,6.6111,20.9394,2/17/20,0,0,0
,Congo (Brazzaville),-4.0383,21.7587,2/17/20,0,0,0
,Equatorial Guinea,1.5,10,2/17/20,0,0,0
,France,-12.8275,45.1662,2/17/20,0,0,0
,Uzbekistan,41.3775,64.5853,2/17/20,0,0,0
,Netherlands,52.1326,5.2913,2/17/20,0,0,0
,Canada,44.682,-63.7443,2/17/20,0,0,0
,France,16.25,-61.5833,2/17/20,0,0,0
,Benin,9.3077,2.3158,2/17/20,0,0,0
,Liberia,6.4281,-9.4295,2/17/20,0,0,0
,Netherlands,12.1696,-68.99,2/17/20,0,0,0
,Somalia,5.1521,46.1996,2/17/20,0,0,0
,Tanzania,-6.369,34.8888,2/17/20,0,0,0
,US,18.3358,-64.8963,2/17/20,0,0,0
,United Kingdom,19.3133,-81.2546,2/17/20,0,0,0
,France,-21.1351,55.2471,2/17/20,0,0,0
,Barbados,13.1939,-59.5432,2/17/20,0,0,0
,Montenegro,42.5,19.3,2/17/20,0,0,0
,Kyrgyzstan,41.2044,74.7661,2/17/20,0,0,0
,Mauritius,-20.2,57.5,2/17/20,0,0,0
,Netherlands,12.5186,-70.0358,2/17/20,0,0,0
,Zambia,-15.4167,28.2833,2/17/20,0,0,0
,Djibouti,11.8251,42.5903,2/17/20,0,0,0
,"Gambia, The",13.4432,-15.3101,2/17/20,0,0,0
,United Kingdom,16.7425,-62.1874,2/17/20,0,0,0
,"Bahamas, The",25.0343,-77.3963,2/17/20,0,0,0
,Denmark,71.7069,-42.6043,2/17/20,0,0,0
,France,-20.9043,165.618,2/17/20,0,0,0
,United Kingdom,32.3078,-64.7505,2/17/20,0,0,0
,Chad,15.4542,18.7322,2/17/20,0,0,0
,El Salvador,13.7942,-88.8965,2/17/20,0,0,0
,Fiji,-17.7134,178.065,2/17/20,0,0,0
,Nicaragua,12.8654,-85.2072,2/17/20,0,0,0
,Madagascar,-18.7669,46.8691,2/17/20,0,0,0
,Haiti,18.9712,-72.2852,2/17/20,0,0,0
,Angola,-11.2027,17.8739,2/17/20,0,0,0
,Cabo Verde,16.5388,-23.0418,2/17/20,0,0,0
,Netherlands,18.0425,-63.0548,2/17/20,0,0,0
,Niger,17.6078,8.0817,2/17/20,0,0,0
,Papua New Guinea,-6.315,143.9555,2/17/20,0,0,0
,United Kingdom,54.2361,-4.5481,2/17/20,0,0,0
,Zimbabwe,-20,30,2/17/20,0,0,0
,Canada,64.8255,-124.8457,2/17/20,0,0,0
,Cape Verde,15.1111,-23.6167,2/17/20,0,0,0
,East Timor,-8.55,125.56,2/17/20,0,0,0
,Eritrea,15.1794,39.7823,2/17/20,0,0,0
,Uganda,1,32,2/17/20,0,0,0
,Dominica,15.415,-61.371,2/17/20,0,0,0
,Grenada,12.1165,-61.679,2/17/20,0,0,0
,Mozambique,-18.6657,35.5296,2/17/20,0,0,0
,Syria,34.8021,38.9968,2/17/20,0,0,0
,Timor-Leste,-8.8742,125.7275,2/17/20,0,0,0
,Thailand,15,101,2/18/20,35,0,15
,Japan,36,138,2/18/20,74,1,13
,Singapore,1.2833,103.8333,2/18/20,81,0,29
,Nepal,28.1667,84.25,2/18/20,1,0,1
,Malaysia,2.5,112.5,2/18/20,22,0,13
,Canada,49.2827,-123.1207,2/18/20,5,0,0
,Australia,-33.8688,151.2093,2/18/20,4,0,4
,Australia,-37.8136,144.9631,2/18/20,4,0,4
,Australia,-28.0167,153.4,2/18/20,5,0,0
,Cambodia,11.55,104.9167,2/18/20,1,0,1
,Sri Lanka,7,81,2/18/20,1,0,1
,Germany,51,9,2/18/20,16,0,12
,Finland,64,26,2/18/20,1,0,1
,United Arab Emirates,24,54,2/18/20,9,0,4
,Philippines,13,122,2/18/20,3,1,1
,India,21,78,2/18/20,3,0,3
,Italy,43,12,2/18/20,3,0,0
,Sweden,63,16,2/18/20,1,0,0
,Spain,40,-4,2/18/20,2,0,2
,Australia,-34.9285,138.6007,2/18/20,2,0,2
,Belgium,50.8333,4,2/18/20,1,0,1
,Egypt,26,30,2/18/20,1,0,0
,Australia,35.4437,139.638,2/18/20,0,0,0
,Lebanon,33.8547,35.8623,2/18/20,0,0,0
,Iraq,33,44,2/18/20,0,0,0
,Oman,21,57,2/18/20,0,0,0
,Afghanistan,33,65,2/18/20,0,0,0
,Bahrain,26.0275,50.55,2/18/20,0,0,0
,Kuwait,29.5,47.75,2/18/20,0,0,0
,Algeria,28.0339,1.6596,2/18/20,0,0,0
,Croatia,45.1,15.2,2/18/20,0,0,0
,Switzerland,46.8182,8.2275,2/18/20,0,0,0
,Austria,47.5162,14.5501,2/18/20,0,0,0
,Israel,31,35,2/18/20,0,0,0
,Pakistan,30.3753,69.3451,2/18/20,0,0,0
,Brazil,-14.235,-51.9253,2/18/20,0,0,0
,Georgia,42.3154,43.3569,2/18/20,0,0,0
,Greece,39.0742,21.8243,2/18/20,0,0,0
,North Macedonia,41.6086,21.7453,2/18/20,0,0,0
,Norway,60.472,8.4689,2/18/20,0,0,0
,Romania,45.9432,24.9668,2/18/20,0,0,0
,Estonia,58.5953,25.0136,2/18/20,0,0,0
,San Marino,43.9424,12.4578,2/18/20,0,0,0
,Belarus,53.7098,27.9534,2/18/20,0,0,0
,Iceland,64.9631,-19.0208,2/18/20,0,0,0
,Lithuania,55.1694,23.8813,2/18/20,0,0,0
,Mexico,23.6345,-102.5528,2/18/20,0,0,0
,New Zealand,-40.9006,174.886,2/18/20,0,0,0
,Nigeria,9.082,8.6753,2/18/20,0,0,0
,Australia,-31.9505,115.8605,2/18/20,0,0,0
,Ireland,53.1424,-7.6921,2/18/20,0,0,0
,Luxembourg,49.8153,6.1296,2/18/20,0,0,0
,Monaco,43.7333,7.4167,2/18/20,0,0,0
,Qatar,25.3548,51.1839,2/18/20,0,0,0
,Ecuador,-1.8312,-78.1834,2/18/20,0,0,0
,Azerbaijan,40.1431,47.5769,2/18/20,0,0,0
,Armenia,40.0691,45.0382,2/18/20,0,0,0
,Dominican Republic,18.7357,-70.1627,2/18/20,0,0,0
,Indonesia,-0.7893,113.9213,2/18/20,0,0,0
,Portugal,39.3999,-8.2245,2/18/20,0,0,0
,Andorra,42.5063,1.5218,2/18/20,0,0,0
,Australia,-41.4545,145.9707,2/18/20,0,0,0
,Latvia,56.8796,24.6032,2/18/20,0,0,0
,Morocco,31.7917,-7.0926,2/18/20,0,0,0
,Saudi Arabia,24,45,2/18/20,0,0,0
,Senegal,14.4974,-14.4524,2/18/20,0,0,0
,Argentina,-38.4161,-63.6167,2/18/20,0,0,0
,Chile,-35.6751,-71.543,2/18/20,0,0,0
,Jordan,31.24,36.51,2/18/20,0,0,0
,Ukraine,48.3794,31.1656,2/18/20,0,0,0
,Hungary,47.1625,19.5033,2/18/20,0,0,0
,Australia,-12.4634,130.8456,2/18/20,0,0,0
,Liechtenstein,47.14,9.55,2/18/20,0,0,0
,Poland,51.9194,19.1451,2/18/20,0,0,0
,Tunisia,34,9,2/18/20,0,0,0
,Bosnia and Herzegovina,43.9159,17.6791,2/18/20,0,0,0
,Slovenia,46.1512,14.9955,2/18/20,0,0,0
,South Africa,-30.5595,22.9375,2/18/20,0,0,0
,Bhutan,27.5142,90.4336,2/18/20,0,0,0
,Cameroon,3.848,11.5021,2/18/20,0,0,0
,Colombia,4.5709,-74.2973,2/18/20,0,0,0
,Costa Rica,9.7489,-83.7534,2/18/20,0,0,0
,Peru,-9.19,-75.0152,2/18/20,0,0,0
,Serbia,44.0165,21.0059,2/18/20,0,0,0
,Slovakia,48.669,19.699,2/18/20,0,0,0
,Togo,8.6195,0.8248,2/18/20,0,0,0
,Malta,35.9375,14.3754,2/18/20,0,0,0
,Martinique,14.6415,-61.0242,2/18/20,0,0,0
,Bulgaria,42.7339,25.4858,2/18/20,0,0,0
,Maldives,3.2028,73.2207,2/18/20,0,0,0
,Bangladesh,23.685,90.3563,2/18/20,0,0,0
,Paraguay,-23.4425,-58.4438,2/18/20,0,0,0
,Canada,51.2538,-85.3232,2/18/20,3,0,1
,Canada,53.9333,-116.5765,2/18/20,0,0,0
,Canada,52.9399,-73.5491,2/18/20,0,0,0
,Albania,41.1533,20.1683,2/18/20,0,0,0
,Cyprus,35.1264,33.4299,2/18/20,0,0,0
,Brunei,4.5353,114.7277,2/18/20,0,0,0
,US,47.4009,-121.4905,2/18/20,0,0,0
,US,42.1657,-74.9481,2/18/20,0,0,0
,US,36.1162,-119.6816,2/18/20,0,0,0
,US,42.2302,-71.5301,2/18/20,0,0,0
,US,35.4437,139.638,2/18/20,0,0,0
,US,37.6489,-122.6655,2/18/20,0,0,0
,US,33.0406,-83.6431,2/18/20,0,0,0
,US,39.0598,-105.3111,2/18/20,0,0,0
,US,27.7663,-81.6868,2/18/20,0,0,0
,US,40.2989,-74.521,2/18/20,0,0,0
,US,44.572,-122.0709,2/18/20,0,0,0
,US,31.0545,-97.5635,2/18/20,0,0,0
,US,40.3495,-88.9861,2/18/20,0,0,0
,US,40.5908,-77.2098,2/18/20,0,0,0
,US,42.0115,-93.2105,2/18/20,0,0,0
,US,39.0639,-76.8021,2/18/20,0,0,0
,US,35.6301,-79.8064,2/18/20,0,0,0
,US,33.8569,-80.945,2/18/20,0,0,0
,US,35.7478,-86.6923,2/18/20,0,0,0
,US,37.7693,-78.17,2/18/20,0,0,0
,US,33.7298,-111.4312,2/18/20,0,0,0
,US,39.8494,-86.2583,2/18/20,0,0,0
,US,37.6681,-84.6701,2/18/20,0,0,0
,US,38.8974,-77.0268,2/18/20,0,0,0
,US,38.3135,-117.0554,2/18/20,0,0,0
,US,43.4525,-71.5639,2/18/20,0,0,0
,US,45.6945,-93.9002,2/18/20,0,0,0
,US,41.1254,-98.2681,2/18/20,0,0,0
,US,40.3888,-82.7649,2/18/20,0,0,0
,US,41.6809,-71.5118,2/18/20,0,0,0
,US,44.2685,-89.6165,2/18/20,0,0,0
,US,41.5978,-72.7554,2/18/20,0,0,0
,US,21.0943,-157.4983,2/18/20,0,0,0
,US,35.5653,-96.9289,2/18/20,0,0,0
,US,40.15,-111.8624,2/18/20,0,0,0
,Burkina Faso,12.2383,-1.5616,2/18/20,0,0,0
,Holy See,41.9029,12.4534,2/18/20,0,0,0
,Mongolia,46.8625,103.8467,2/18/20,0,0,0
,Panama,8.538,-80.7821,2/18/20,0,0,0
,US,38.5266,-96.7265,2/18/20,0,0,0
,US,31.1695,-91.8678,2/18/20,0,0,0
,US,38.4561,-92.2884,2/18/20,0,0,0
,US,44.0459,-72.7107,2/18/20,0,0,0
,US,61.3707,-152.4044,2/18/20,0,0,0
,US,34.9697,-92.3731,2/18/20,0,0,0
,US,39.3185,-75.5071,2/18/20,0,0,0
,US,44.2405,-114.4788,2/18/20,0,0,0
,US,44.6939,-69.3819,2/18/20,0,0,0
,US,43.3266,-84.5361,2/18/20,0,0,0
,US,32.7416,-89.6787,2/18/20,0,0,0
,US,46.9219,-110.4544,2/18/20,0,0,0
,US,34.8405,-106.2485,2/18/20,0,0,0
,US,47.5289,-99.784,2/18/20,0,0,0
,US,44.2998,-99.4388,2/18/20,0,0,0
,US,38.4912,-80.9545,2/18/20,0,0,0
,US,42.756,-107.3025,2/18/20,0,0,0
,Iran,32,53,2/18/20,0,0,0
,South Korea,36,128,2/18/20,31,0,12
,France,46.2276,2.2137,2/18/20,12,1,4
,Cruise Ship,35.4437,139.638,2/18/20,542,0,0
,Denmark,56.2639,9.5018,2/18/20,0,0,0
,Czechia,49.8175,15.473,2/18/20,0,0,0
,Taiwan*,23.7,121,2/18/20,22,1,2
,Vietnam,16,108,2/18/20,16,0,7
,Russia,60,90,2/18/20,2,0,2
,Moldova,47.4116,28.3699,2/18/20,0,0,0
,Bolivia,-16.2902,-63.5887,2/18/20,0,0,0
,Denmark,61.8926,-6.9118,2/18/20,0,0,0
,France,18.0708,-63.0501,2/18/20,0,0,0
,Honduras,15.2,-86.2419,2/18/20,0,0,0
,United Kingdom,49.3723,-2.3644,2/18/20,0,0,0
,Canada,46.5653,-66.4619,2/18/20,0,0,0
,Congo (Kinshasa),-4.0383,21.7587,2/18/20,0,0,0
,Cote d'Ivoire,7.54,-5.5471,2/18/20,0,0,0
,France,17.9,-62.8333,2/18/20,0,0,0
,Jamaica,18.1096,-77.2975,2/18/20,0,0,0
,Turkey,38.9637,35.2433,2/18/20,0,0,0
,United Kingdom,36.1408,-5.3536,2/18/20,0,0,0
,Cuba,22,-80,2/18/20,0,0,0
,Guyana,5,-58.75,2/18/20,0,0,0
,Australia,-35.4735,149.0124,2/18/20,0,0,0
,United Kingdom,55.3781,-3.436,2/18/20,9,0,8
,Kazakhstan,48.0196,66.9237,2/18/20,0,0,0
,France,-17.6797,149.4068,2/18/20,0,0,0
,Canada,53.7609,-98.8139,2/18/20,0,0,0
,Canada,52.9399,-106.4509,2/18/20,0,0,0
,Ethiopia,9.145,40.4897,2/18/20,0,0,0
,Sudan,12.8628,30.2176,2/18/20,0,0,0
,Guinea,9.9456,-9.6966,2/18/20,0,0,0
,Canada,37.6489,-122.6655,2/18/20,0,0,0
,Kenya,-0.0236,37.9062,2/18/20,0,0,0
,Antigua and Barbuda,17.0608,-61.7964,2/18/20,0,0,0
,US,32.3182,-86.9023,2/18/20,0,0,0
,Uruguay,-32.5228,-55.7658,2/18/20,0,0,0
,Ghana,7.9465,-1.0232,2/18/20,0,0,0
,US,18.2208,-66.5901,2/18/20,0,0,0
,Namibia,-22.9576,18.4904,2/18/20,0,0,0
,Seychelles,-4.6796,55.492,2/18/20,0,0,0
,Trinidad and Tobago,10.6918,-61.2225,2/18/20,0,0,0
,Venezuela,6.4238,-66.5897,2/18/20,0,0,0
,Eswatini,-26.5225,31.4659,2/18/20,0,0,0
,Gabon,-0.8037,11.6094,2/18/20,0,0,0
,Guatemala,15.7835,-90.2308,2/18/20,0,0,0
,Mauritania,21.0079,10.9408,2/18/20,0,0,0
,Rwanda,-1.9403,29.8739,2/18/20,0,0,0
,Saint Lucia,13.9094,-60.9789,2/18/20,0,0,0
,Saint Vincent and the Grenadines,12.9843,-61.2872,2/18/20,0,0,0
,Suriname,3.9193,-56.0278,2/18/20,0,0,0
,France,3.9339,-53.1258,2/18/20,0,0,0
,US,13.4443,144.7937,2/18/20,0,0,0
,Kosovo,42.6026,20.903,2/18/20,0,0,0
,Canada,53.1355,-57.6604,2/18/20,0,0,0
,Canada,46.5107,-63.4168,2/18/20,0,0,0
,Central African Republic,6.6111,20.9394,2/18/20,0,0,0
,Congo (Brazzaville),-4.0383,21.7587,2/18/20,0,0,0
,Equatorial Guinea,1.5,10,2/18/20,0,0,0
,France,-12.8275,45.1662,2/18/20,0,0,0
,Uzbekistan,41.3775,64.5853,2/18/20,0,0,0
,Netherlands,52.1326,5.2913,2/18/20,0,0,0
,Canada,44.682,-63.7443,2/18/20,0,0,0
,France,16.25,-61.5833,2/18/20,0,0,0
,Benin,9.3077,2.3158,2/18/20,0,0,0
,Liberia,6.4281,-9.4295,2/18/20,0,0,0
,Netherlands,12.1696,-68.99,2/18/20,0,0,0
,Somalia,5.1521,46.1996,2/18/20,0,0,0
,Tanzania,-6.369,34.8888,2/18/20,0,0,0
,US,18.3358,-64.8963,2/18/20,0,0,0
,United Kingdom,19.3133,-81.2546,2/18/20,0,0,0
,France,-21.1351,55.2471,2/18/20,0,0,0
,Barbados,13.1939,-59.5432,2/18/20,0,0,0
,Montenegro,42.5,19.3,2/18/20,0,0,0
,Kyrgyzstan,41.2044,74.7661,2/18/20,0,0,0
,Mauritius,-20.2,57.5,2/18/20,0,0,0
,Netherlands,12.5186,-70.0358,2/18/20,0,0,0
,Zambia,-15.4167,28.2833,2/18/20,0,0,0
,Djibouti,11.8251,42.5903,2/18/20,0,0,0
,"Gambia, The",13.4432,-15.3101,2/18/20,0,0,0
,United Kingdom,16.7425,-62.1874,2/18/20,0,0,0
,"Bahamas, The",25.0343,-77.3963,2/18/20,0,0,0
,Denmark,71.7069,-42.6043,2/18/20,0,0,0
,France,-20.9043,165.618,2/18/20,0,0,0
,United Kingdom,32.3078,-64.7505,2/18/20,0,0,0
,Chad,15.4542,18.7322,2/18/20,0,0,0
,El Salvador,13.7942,-88.8965,2/18/20,0,0,0
,Fiji,-17.7134,178.065,2/18/20,0,0,0
,Nicaragua,12.8654,-85.2072,2/18/20,0,0,0
,Madagascar,-18.7669,46.8691,2/18/20,0,0,0
,Haiti,18.9712,-72.2852,2/18/20,0,0,0
,Angola,-11.2027,17.8739,2/18/20,0,0,0
,Cabo Verde,16.5388,-23.0418,2/18/20,0,0,0
,Netherlands,18.0425,-63.0548,2/18/20,0,0,0
,Niger,17.6078,8.0817,2/18/20,0,0,0
,Papua New Guinea,-6.315,143.9555,2/18/20,0,0,0
,United Kingdom,54.2361,-4.5481,2/18/20,0,0,0
,Zimbabwe,-20,30,2/18/20,0,0,0
,Canada,64.8255,-124.8457,2/18/20,0,0,0
,Cape Verde,15.1111,-23.6167,2/18/20,0,0,0
,East Timor,-8.55,125.56,2/18/20,0,0,0
,Eritrea,15.1794,39.7823,2/18/20,0,0,0
,Uganda,1,32,2/18/20,0,0,0
,Dominica,15.415,-61.371,2/18/20,0,0,0
,Grenada,12.1165,-61.679,2/18/20,0,0,0
,Mozambique,-18.6657,35.5296,2/18/20,0,0,0
,Syria,34.8021,38.9968,2/18/20,0,0,0
,Timor-Leste,-8.8742,125.7275,2/18/20,0,0,0
,Thailand,15,101,2/19/20,35,0,15
,Japan,36,138,2/19/20,84,1,18
,Singapore,1.2833,103.8333,2/19/20,84,0,34
,Nepal,28.1667,84.25,2/19/20,1,0,1
,Malaysia,2.5,112.5,2/19/20,22,0,15
,Canada,49.2827,-123.1207,2/19/20,5,0,0
,Australia,-33.8688,151.2093,2/19/20,4,0,4
,Australia,-37.8136,144.9631,2/19/20,4,0,4
,Australia,-28.0167,153.4,2/19/20,5,0,0
,Cambodia,11.55,104.9167,2/19/20,1,0,1
,Sri Lanka,7,81,2/19/20,1,0,1
,Germany,51,9,2/19/20,16,0,12
,Finland,64,26,2/19/20,1,0,1
,United Arab Emirates,24,54,2/19/20,9,0,4
,Philippines,13,122,2/19/20,3,1,1
,India,21,78,2/19/20,3,0,3
,Italy,43,12,2/19/20,3,0,0
,Sweden,63,16,2/19/20,1,0,0
,Spain,40,-4,2/19/20,2,0,2
,Australia,-34.9285,138.6007,2/19/20,2,0,2
,Belgium,50.8333,4,2/19/20,1,0,1
,Egypt,26,30,2/19/20,1,0,0
,Australia,35.4437,139.638,2/19/20,0,0,0
,Lebanon,33.8547,35.8623,2/19/20,0,0,0
,Iraq,33,44,2/19/20,0,0,0
,Oman,21,57,2/19/20,0,0,0
,Afghanistan,33,65,2/19/20,0,0,0
,Bahrain,26.0275,50.55,2/19/20,0,0,0
,Kuwait,29.5,47.75,2/19/20,0,0,0
,Algeria,28.0339,1.6596,2/19/20,0,0,0
,Croatia,45.1,15.2,2/19/20,0,0,0
,Switzerland,46.8182,8.2275,2/19/20,0,0,0
,Austria,47.5162,14.5501,2/19/20,0,0,0
,Israel,31,35,2/19/20,0,0,0
,Pakistan,30.3753,69.3451,2/19/20,0,0,0
,Brazil,-14.235,-51.9253,2/19/20,0,0,0
,Georgia,42.3154,43.3569,2/19/20,0,0,0
,Greece,39.0742,21.8243,2/19/20,0,0,0
,North Macedonia,41.6086,21.7453,2/19/20,0,0,0
,Norway,60.472,8.4689,2/19/20,0,0,0
,Romania,45.9432,24.9668,2/19/20,0,0,0
,Estonia,58.5953,25.0136,2/19/20,0,0,0
,San Marino,43.9424,12.4578,2/19/20,0,0,0
,Belarus,53.7098,27.9534,2/19/20,0,0,0
,Iceland,64.9631,-19.0208,2/19/20,0,0,0
,Lithuania,55.1694,23.8813,2/19/20,0,0,0
,Mexico,23.6345,-102.5528,2/19/20,0,0,0
,New Zealand,-40.9006,174.886,2/19/20,0,0,0
,Nigeria,9.082,8.6753,2/19/20,0,0,0
,Australia,-31.9505,115.8605,2/19/20,0,0,0
,Ireland,53.1424,-7.6921,2/19/20,0,0,0
,Luxembourg,49.8153,6.1296,2/19/20,0,0,0
,Monaco,43.7333,7.4167,2/19/20,0,0,0
,Qatar,25.3548,51.1839,2/19/20,0,0,0
,Ecuador,-1.8312,-78.1834,2/19/20,0,0,0
,Azerbaijan,40.1431,47.5769,2/19/20,0,0,0
,Armenia,40.0691,45.0382,2/19/20,0,0,0
,Dominican Republic,18.7357,-70.1627,2/19/20,0,0,0
,Indonesia,-0.7893,113.9213,2/19/20,0,0,0
,Portugal,39.3999,-8.2245,2/19/20,0,0,0
,Andorra,42.5063,1.5218,2/19/20,0,0,0
,Australia,-41.4545,145.9707,2/19/20,0,0,0
,Latvia,56.8796,24.6032,2/19/20,0,0,0
,Morocco,31.7917,-7.0926,2/19/20,0,0,0
,Saudi Arabia,24,45,2/19/20,0,0,0
,Senegal,14.4974,-14.4524,2/19/20,0,0,0
,Argentina,-38.4161,-63.6167,2/19/20,0,0,0
,Chile,-35.6751,-71.543,2/19/20,0,0,0
,Jordan,31.24,36.51,2/19/20,0,0,0
,Ukraine,48.3794,31.1656,2/19/20,0,0,0
,Hungary,47.1625,19.5033,2/19/20,0,0,0
,Australia,-12.4634,130.8456,2/19/20,0,0,0
,Liechtenstein,47.14,9.55,2/19/20,0,0,0
,Poland,51.9194,19.1451,2/19/20,0,0,0
,Tunisia,34,9,2/19/20,0,0,0
,Bosnia and Herzegovina,43.9159,17.6791,2/19/20,0,0,0
,Slovenia,46.1512,14.9955,2/19/20,0,0,0
,South Africa,-30.5595,22.9375,2/19/20,0,0,0
,Bhutan,27.5142,90.4336,2/19/20,0,0,0
,Cameroon,3.848,11.5021,2/19/20,0,0,0
,Colombia,4.5709,-74.2973,2/19/20,0,0,0
,Costa Rica,9.7489,-83.7534,2/19/20,0,0,0
,Peru,-9.19,-75.0152,2/19/20,0,0,0
,Serbia,44.0165,21.0059,2/19/20,0,0,0
,Slovakia,48.669,19.699,2/19/20,0,0,0
,Togo,8.6195,0.8248,2/19/20,0,0,0
,Malta,35.9375,14.3754,2/19/20,0,0,0
,Martinique,14.6415,-61.0242,2/19/20,0,0,0
,Bulgaria,42.7339,25.4858,2/19/20,0,0,0
,Maldives,3.2028,73.2207,2/19/20,0,0,0
,Bangladesh,23.685,90.3563,2/19/20,0,0,0
,Paraguay,-23.4425,-58.4438,2/19/20,0,0,0
,Canada,51.2538,-85.3232,2/19/20,3,0,1
,Canada,53.9333,-116.5765,2/19/20,0,0,0
,Canada,52.9399,-73.5491,2/19/20,0,0,0
,Albania,41.1533,20.1683,2/19/20,0,0,0
,Cyprus,35.1264,33.4299,2/19/20,0,0,0
,Brunei,4.5353,114.7277,2/19/20,0,0,0
,US,47.4009,-121.4905,2/19/20,0,0,0
,US,42.1657,-74.9481,2/19/20,0,0,0
,US,36.1162,-119.6816,2/19/20,0,0,0
,US,42.2302,-71.5301,2/19/20,0,0,0
,US,35.4437,139.638,2/19/20,0,0,0
,US,37.6489,-122.6655,2/19/20,0,0,0
,US,33.0406,-83.6431,2/19/20,0,0,0
,US,39.0598,-105.3111,2/19/20,0,0,0
,US,27.7663,-81.6868,2/19/20,0,0,0
,US,40.2989,-74.521,2/19/20,0,0,0
,US,44.572,-122.0709,2/19/20,0,0,0
,US,31.0545,-97.5635,2/19/20,0,0,0
,US,40.3495,-88.9861,2/19/20,0,0,0
,US,40.5908,-77.2098,2/19/20,0,0,0
,US,42.0115,-93.2105,2/19/20,0,0,0
,US,39.0639,-76.8021,2/19/20,0,0,0
,US,35.6301,-79.8064,2/19/20,0,0,0
,US,33.8569,-80.945,2/19/20,0,0,0
,US,35.7478,-86.6923,2/19/20,0,0,0
,US,37.7693,-78.17,2/19/20,0,0,0
,US,33.7298,-111.4312,2/19/20,0,0,0
,US,39.8494,-86.2583,2/19/20,0,0,0
,US,37.6681,-84.6701,2/19/20,0,0,0
,US,38.8974,-77.0268,2/19/20,0,0,0
,US,38.3135,-117.0554,2/19/20,0,0,0
,US,43.4525,-71.5639,2/19/20,0,0,0
,US,45.6945,-93.9002,2/19/20,0,0,0
,US,41.1254,-98.2681,2/19/20,0,0,0
,US,40.3888,-82.7649,2/19/20,0,0,0
,US,41.6809,-71.5118,2/19/20,0,0,0
,US,44.2685,-89.6165,2/19/20,0,0,0
,US,41.5978,-72.7554,2/19/20,0,0,0
,US,21.0943,-157.4983,2/19/20,0,0,0
,US,35.5653,-96.9289,2/19/20,0,0,0
,US,40.15,-111.8624,2/19/20,0,0,0
,Burkina Faso,12.2383,-1.5616,2/19/20,0,0,0
,Holy See,41.9029,12.4534,2/19/20,0,0,0
,Mongolia,46.8625,103.8467,2/19/20,0,0,0
,Panama,8.538,-80.7821,2/19/20,0,0,0
,US,38.5266,-96.7265,2/19/20,0,0,0
,US,31.1695,-91.8678,2/19/20,0,0,0
,US,38.4561,-92.2884,2/19/20,0,0,0
,US,44.0459,-72.7107,2/19/20,0,0,0
,US,61.3707,-152.4044,2/19/20,0,0,0
,US,34.9697,-92.3731,2/19/20,0,0,0
,US,39.3185,-75.5071,2/19/20,0,0,0
,US,44.2405,-114.4788,2/19/20,0,0,0
,US,44.6939,-69.3819,2/19/20,0,0,0
,US,43.3266,-84.5361,2/19/20,0,0,0
,US,32.7416,-89.6787,2/19/20,0,0,0
,US,46.9219,-110.4544,2/19/20,0,0,0
,US,34.8405,-106.2485,2/19/20,0,0,0
,US,47.5289,-99.784,2/19/20,0,0,0
,US,44.2998,-99.4388,2/19/20,0,0,0
,US,38.4912,-80.9545,2/19/20,0,0,0
,US,42.756,-107.3025,2/19/20,0,0,0
,Iran,32,53,2/19/20,2,2,0
,South Korea,36,128,2/19/20,31,0,12
,France,46.2276,2.2137,2/19/20,12,1,4
,Cruise Ship,35.4437,139.638,2/19/20,621,0,1
,Denmark,56.2639,9.5018,2/19/20,0,0,0
,Czechia,49.8175,15.473,2/19/20,0,0,0
,Taiwan*,23.7,121,2/19/20,23,1,2
,Vietnam,16,108,2/19/20,16,0,7
,Russia,60,90,2/19/20,2,0,2
,Moldova,47.4116,28.3699,2/19/20,0,0,0
,Bolivia,-16.2902,-63.5887,2/19/20,0,0,0
,Denmark,61.8926,-6.9118,2/19/20,0,0,0
,France,18.0708,-63.0501,2/19/20,0,0,0
,Honduras,15.2,-86.2419,2/19/20,0,0,0
,United Kingdom,49.3723,-2.3644,2/19/20,0,0,0
,Canada,46.5653,-66.4619,2/19/20,0,0,0
,Congo (Kinshasa),-4.0383,21.7587,2/19/20,0,0,0
,Cote d'Ivoire,7.54,-5.5471,2/19/20,0,0,0
,France,17.9,-62.8333,2/19/20,0,0,0
,Jamaica,18.1096,-77.2975,2/19/20,0,0,0
,Turkey,38.9637,35.2433,2/19/20,0,0,0
,United Kingdom,36.1408,-5.3536,2/19/20,0,0,0
,Cuba,22,-80,2/19/20,0,0,0
,Guyana,5,-58.75,2/19/20,0,0,0
,Australia,-35.4735,149.0124,2/19/20,0,0,0
,United Kingdom,55.3781,-3.436,2/19/20,9,0,8
,Kazakhstan,48.0196,66.9237,2/19/20,0,0,0
,France,-17.6797,149.4068,2/19/20,0,0,0
,Canada,53.7609,-98.8139,2/19/20,0,0,0
,Canada,52.9399,-106.4509,2/19/20,0,0,0
,Ethiopia,9.145,40.4897,2/19/20,0,0,0
,Sudan,12.8628,30.2176,2/19/20,0,0,0
,Guinea,9.9456,-9.6966,2/19/20,0,0,0
,Canada,37.6489,-122.6655,2/19/20,0,0,0
,Kenya,-0.0236,37.9062,2/19/20,0,0,0
,Antigua and Barbuda,17.0608,-61.7964,2/19/20,0,0,0
,US,32.3182,-86.9023,2/19/20,0,0,0
,Uruguay,-32.5228,-55.7658,2/19/20,0,0,0
,Ghana,7.9465,-1.0232,2/19/20,0,0,0
,US,18.2208,-66.5901,2/19/20,0,0,0
,Namibia,-22.9576,18.4904,2/19/20,0,0,0
,Seychelles,-4.6796,55.492,2/19/20,0,0,0
,Trinidad and Tobago,10.6918,-61.2225,2/19/20,0,0,0
,Venezuela,6.4238,-66.5897,2/19/20,0,0,0
,Eswatini,-26.5225,31.4659,2/19/20,0,0,0
,Gabon,-0.8037,11.6094,2/19/20,0,0,0
,Guatemala,15.7835,-90.2308,2/19/20,0,0,0
,Mauritania,21.0079,10.9408,2/19/20,0,0,0
,Rwanda,-1.9403,29.8739,2/19/20,0,0,0
,Saint Lucia,13.9094,-60.9789,2/19/20,0,0,0
,Saint Vincent and the Grenadines,12.9843,-61.2872,2/19/20,0,0,0
,Suriname,3.9193,-56.0278,2/19/20,0,0,0
,France,3.9339,-53.1258,2/19/20,0,0,0
,US,13.4443,144.7937,2/19/20,0,0,0
,Kosovo,42.6026,20.903,2/19/20,0,0,0
,Canada,53.1355,-57.6604,2/19/20,0,0,0
,Canada,46.5107,-63.4168,2/19/20,0,0,0
,Central African Republic,6.6111,20.9394,2/19/20,0,0,0
,Congo (Brazzaville),-4.0383,21.7587,2/19/20,0,0,0
,Equatorial Guinea,1.5,10,2/19/20,0,0,0
,France,-12.8275,45.1662,2/19/20,0,0,0
,Uzbekistan,41.3775,64.5853,2/19/20,0,0,0
,Netherlands,52.1326,5.2913,2/19/20,0,0,0
,Canada,44.682,-63.7443,2/19/20,0,0,0
,France,16.25,-61.5833,2/19/20,0,0,0
,Benin,9.3077,2.3158,2/19/20,0,0,0
,Liberia,6.4281,-9.4295,2/19/20,0,0,0
,Netherlands,12.1696,-68.99,2/19/20,0,0,0
,Somalia,5.1521,46.1996,2/19/20,0,0,0
,Tanzania,-6.369,34.8888,2/19/20,0,0,0
,US,18.3358,-64.8963,2/19/20,0,0,0
,United Kingdom,19.3133,-81.2546,2/19/20,0,0,0
,France,-21.1351,55.2471,2/19/20,0,0,0
,Barbados,13.1939,-59.5432,2/19/20,0,0,0
,Montenegro,42.5,19.3,2/19/20,0,0,0
,Kyrgyzstan,41.2044,74.7661,2/19/20,0,0,0
,Mauritius,-20.2,57.5,2/19/20,0,0,0
,Netherlands,12.5186,-70.0358,2/19/20,0,0,0
,Zambia,-15.4167,28.2833,2/19/20,0,0,0
,Djibouti,11.8251,42.5903,2/19/20,0,0,0
,"Gambia, The",13.4432,-15.3101,2/19/20,0,0,0
,United Kingdom,16.7425,-62.1874,2/19/20,0,0,0
,"Bahamas, The",25.0343,-77.3963,2/19/20,0,0,0
,Denmark,71.7069,-42.6043,2/19/20,0,0,0
,France,-20.9043,165.618,2/19/20,0,0,0
,United Kingdom,32.3078,-64.7505,2/19/20,0,0,0
,Chad,15.4542,18.7322,2/19/20,0,0,0
,El Salvador,13.7942,-88.8965,2/19/20,0,0,0
,Fiji,-17.7134,178.065,2/19/20,0,0,0
,Nicaragua,12.8654,-85.2072,2/19/20,0,0,0
,Madagascar,-18.7669,46.8691,2/19/20,0,0,0
,Haiti,18.9712,-72.2852,2/19/20,0,0,0
,Angola,-11.2027,17.8739,2/19/20,0,0,0
,Cabo Verde,16.5388,-23.0418,2/19/20,0,0,0
,Netherlands,18.0425,-63.0548,2/19/20,0,0,0
,Niger,17.6078,8.0817,2/19/20,0,0,0
,Papua New Guinea,-6.315,143.9555,2/19/20,0,0,0
,United Kingdom,54.2361,-4.5481,2/19/20,0,0,0
,Zimbabwe,-20,30,2/19/20,0,0,0
,Canada,64.8255,-124.8457,2/19/20,0,0,0
,Cape Verde,15.1111,-23.6167,2/19/20,0,0,0
,East Timor,-8.55,125.56,2/19/20,0,0,0
,Eritrea,15.1794,39.7823,2/19/20,0,0,0
,Uganda,1,32,2/19/20,0,0,0
,Dominica,15.415,-61.371,2/19/20,0,0,0
,Grenada,12.1165,-61.679,2/19/20,0,0,0
,Mozambique,-18.6657,35.5296,2/19/20,0,0,0
,Syria,34.8021,38.9968,2/19/20,0,0,0
,Timor-Leste,-8.8742,125.7275,2/19/20,0,0,0
,Thailand,15,101,2/20/20,35,0,15
,Japan,36,138,2/20/20,94,1,18
,Singapore,1.2833,103.8333,2/20/20,84,0,34
,Nepal,28.1667,84.25,2/20/20,1,0,1
,Malaysia,2.5,112.5,2/20/20,22,0,15
,Canada,49.2827,-123.1207,2/20/20,5,0,0
,Australia,-33.8688,151.2093,2/20/20,4,0,4
,Australia,-37.8136,144.9631,2/20/20,4,0,4
,Australia,-28.0167,153.4,2/20/20,5,0,0
,Cambodia,11.55,104.9167,2/20/20,1,0,1
,Sri Lanka,7,81,2/20/20,1,0,1
,Germany,51,9,2/20/20,16,0,12
,Finland,64,26,2/20/20,1,0,1
,United Arab Emirates,24,54,2/20/20,9,0,4
,Philippines,13,122,2/20/20,3,1,1
,India,21,78,2/20/20,3,0,3
,Italy,43,12,2/20/20,3,0,0
,Sweden,63,16,2/20/20,1,0,0
,Spain,40,-4,2/20/20,2,0,2
,Australia,-34.9285,138.6007,2/20/20,2,0,2
,Belgium,50.8333,4,2/20/20,1,0,1
,Egypt,26,30,2/20/20,1,0,0
,Australia,35.4437,139.638,2/20/20,0,0,0
,Lebanon,33.8547,35.8623,2/20/20,0,0,0
,Iraq,33,44,2/20/20,0,0,0
,Oman,21,57,2/20/20,0,0,0
,Afghanistan,33,65,2/20/20,0,0,0
,Bahrain,26.0275,50.55,2/20/20,0,0,0
,Kuwait,29.5,47.75,2/20/20,0,0,0
,Algeria,28.0339,1.6596,2/20/20,0,0,0
,Croatia,45.1,15.2,2/20/20,0,0,0
,Switzerland,46.8182,8.2275,2/20/20,0,0,0
,Austria,47.5162,14.5501,2/20/20,0,0,0
,Israel,31,35,2/20/20,0,0,0
,Pakistan,30.3753,69.3451,2/20/20,0,0,0
,Brazil,-14.235,-51.9253,2/20/20,0,0,0
,Georgia,42.3154,43.3569,2/20/20,0,0,0
,Greece,39.0742,21.8243,2/20/20,0,0,0
,North Macedonia,41.6086,21.7453,2/20/20,0,0,0
,Norway,60.472,8.4689,2/20/20,0,0,0
,Romania,45.9432,24.9668,2/20/20,0,0,0
,Estonia,58.5953,25.0136,2/20/20,0,0,0
,San Marino,43.9424,12.4578,2/20/20,0,0,0
,Belarus,53.7098,27.9534,2/20/20,0,0,0
,Iceland,64.9631,-19.0208,2/20/20,0,0,0
,Lithuania,55.1694,23.8813,2/20/20,0,0,0
,Mexico,23.6345,-102.5528,2/20/20,0,0,0
,New Zealand,-40.9006,174.886,2/20/20,0,0,0
,Nigeria,9.082,8.6753,2/20/20,0,0,0
,Australia,-31.9505,115.8605,2/20/20,0,0,0
,Ireland,53.1424,-7.6921,2/20/20,0,0,0
,Luxembourg,49.8153,6.1296,2/20/20,0,0,0
,Monaco,43.7333,7.4167,2/20/20,0,0,0
,Qatar,25.3548,51.1839,2/20/20,0,0,0
,Ecuador,-1.8312,-78.1834,2/20/20,0,0,0
,Azerbaijan,40.1431,47.5769,2/20/20,0,0,0
,Armenia,40.0691,45.0382,2/20/20,0,0,0
,Dominican Republic,18.7357,-70.1627,2/20/20,0,0,0
,Indonesia,-0.7893,113.9213,2/20/20,0,0,0
,Portugal,39.3999,-8.2245,2/20/20,0,0,0
,Andorra,42.5063,1.5218,2/20/20,0,0,0
,Australia,-41.4545,145.9707,2/20/20,0,0,0
,Latvia,56.8796,24.6032,2/20/20,0,0,0
,Morocco,31.7917,-7.0926,2/20/20,0,0,0
,Saudi Arabia,24,45,2/20/20,0,0,0
,Senegal,14.4974,-14.4524,2/20/20,0,0,0
,Argentina,-38.4161,-63.6167,2/20/20,0,0,0
,Chile,-35.6751,-71.543,2/20/20,0,0,0
,Jordan,31.24,36.51,2/20/20,0,0,0
,Ukraine,48.3794,31.1656,2/20/20,0,0,0
,Hungary,47.1625,19.5033,2/20/20,0,0,0
,Australia,-12.4634,130.8456,2/20/20,0,0,0
,Liechtenstein,47.14,9.55,2/20/20,0,0,0
,Poland,51.9194,19.1451,2/20/20,0,0,0
,Tunisia,34,9,2/20/20,0,0,0
,Bosnia and Herzegovina,43.9159,17.6791,2/20/20,0,0,0
,Slovenia,46.1512,14.9955,2/20/20,0,0,0
,South Africa,-30.5595,22.9375,2/20/20,0,0,0
,Bhutan,27.5142,90.4336,2/20/20,0,0,0
,Cameroon,3.848,11.5021,2/20/20,0,0,0
,Colombia,4.5709,-74.2973,2/20/20,0,0,0
,Costa Rica,9.7489,-83.7534,2/20/20,0,0,0
,Peru,-9.19,-75.0152,2/20/20,0,0,0
,Serbia,44.0165,21.0059,2/20/20,0,0,0
,Slovakia,48.669,19.699,2/20/20,0,0,0
,Togo,8.6195,0.8248,2/20/20,0,0,0
,Malta,35.9375,14.3754,2/20/20,0,0,0
,Martinique,14.6415,-61.0242,2/20/20,0,0,0
,Bulgaria,42.7339,25.4858,2/20/20,0,0,0
,Maldives,3.2028,73.2207,2/20/20,0,0,0
,Bangladesh,23.685,90.3563,2/20/20,0,0,0
,Paraguay,-23.4425,-58.4438,2/20/20,0,0,0
,Canada,51.2538,-85.3232,2/20/20,3,0,1
,Canada,53.9333,-116.5765,2/20/20,0,0,0
,Canada,52.9399,-73.5491,2/20/20,0,0,0
,Albania,41.1533,20.1683,2/20/20,0,0,0
,Cyprus,35.1264,33.4299,2/20/20,0,0,0
,Brunei,4.5353,114.7277,2/20/20,0,0,0
,US,47.4009,-121.4905,2/20/20,0,0,0
,US,42.1657,-74.9481,2/20/20,0,0,0
,US,36.1162,-119.6816,2/20/20,0,0,0
,US,42.2302,-71.5301,2/20/20,0,0,0
,US,35.4437,139.638,2/20/20,0,0,0
,US,37.6489,-122.6655,2/20/20,0,0,0
,US,33.0406,-83.6431,2/20/20,0,0,0
,US,39.0598,-105.3111,2/20/20,0,0,0
,US,27.7663,-81.6868,2/20/20,0,0,0
,US,40.2989,-74.521,2/20/20,0,0,0
,US,44.572,-122.0709,2/20/20,0,0,0
,US,31.0545,-97.5635,2/20/20,0,0,0
,US,40.3495,-88.9861,2/20/20,0,0,0
,US,40.5908,-77.2098,2/20/20,0,0,0
,US,42.0115,-93.2105,2/20/20,0,0,0
,US,39.0639,-76.8021,2/20/20,0,0,0
,US,35.6301,-79.8064,2/20/20,0,0,0
,US,33.8569,-80.945,2/20/20,0,0,0
,US,35.7478,-86.6923,2/20/20,0,0,0
,US,37.7693,-78.17,2/20/20,0,0,0
,US,33.7298,-111.4312,2/20/20,0,0,0
,US,39.8494,-86.2583,2/20/20,0,0,0
,US,37.6681,-84.6701,2/20/20,0,0,0
,US,38.8974,-77.0268,2/20/20,0,0,0
,US,38.3135,-117.0554,2/20/20,0,0,0
,US,43.4525,-71.5639,2/20/20,0,0,0
,US,45.6945,-93.9002,2/20/20,0,0,0
,US,41.1254,-98.2681,2/20/20,0,0,0
,US,40.3888,-82.7649,2/20/20,0,0,0
,US,41.6809,-71.5118,2/20/20,0,0,0
,US,44.2685,-89.6165,2/20/20,0,0,0
,US,41.5978,-72.7554,2/20/20,0,0,0
,US,21.0943,-157.4983,2/20/20,0,0,0
,US,35.5653,-96.9289,2/20/20,0,0,0
,US,40.15,-111.8624,2/20/20,0,0,0
,Burkina Faso,12.2383,-1.5616,2/20/20,0,0,0
,Holy See,41.9029,12.4534,2/20/20,0,0,0
,Mongolia,46.8625,103.8467,2/20/20,0,0,0
,Panama,8.538,-80.7821,2/20/20,0,0,0
,US,38.5266,-96.7265,2/20/20,0,0,0
,US,31.1695,-91.8678,2/20/20,0,0,0
,US,38.4561,-92.2884,2/20/20,0,0,0
,US,44.0459,-72.7107,2/20/20,0,0,0
,US,61.3707,-152.4044,2/20/20,0,0,0
,US,34.9697,-92.3731,2/20/20,0,0,0
,US,39.3185,-75.5071,2/20/20,0,0,0
,US,44.2405,-114.4788,2/20/20,0,0,0
,US,44.6939,-69.3819,2/20/20,0,0,0
,US,43.3266,-84.5361,2/20/20,0,0,0
,US,32.7416,-89.6787,2/20/20,0,0,0
,US,46.9219,-110.4544,2/20/20,0,0,0
,US,34.8405,-106.2485,2/20/20,0,0,0
,US,47.5289,-99.784,2/20/20,0,0,0
,US,44.2998,-99.4388,2/20/20,0,0,0
,US,38.4912,-80.9545,2/20/20,0,0,0
,US,42.756,-107.3025,2/20/20,0,0,0
,Iran,32,53,2/20/20,5,2,0
,South Korea,36,128,2/20/20,104,1,16
,France,46.2276,2.2137,2/20/20,12,1,4
,Cruise Ship,35.4437,139.638,2/20/20,634,2,1
,Denmark,56.2639,9.5018,2/20/20,0,0,0
,Czechia,49.8175,15.473,2/20/20,0,0,0
,Taiwan*,23.7,121,2/20/20,24,1,2
,Vietnam,16,108,2/20/20,16,0,7
,Russia,60,90,2/20/20,2,0,2
,Moldova,47.4116,28.3699,2/20/20,0,0,0
,Bolivia,-16.2902,-63.5887,2/20/20,0,0,0
,Denmark,61.8926,-6.9118,2/20/20,0,0,0
,France,18.0708,-63.0501,2/20/20,0,0,0
,Honduras,15.2,-86.2419,2/20/20,0,0,0
,United Kingdom,49.3723,-2.3644,2/20/20,0,0,0
,Canada,46.5653,-66.4619,2/20/20,0,0,0
,Congo (Kinshasa),-4.0383,21.7587,2/20/20,0,0,0
,Cote d'Ivoire,7.54,-5.5471,2/20/20,0,0,0
,France,17.9,-62.8333,2/20/20,0,0,0
,Jamaica,18.1096,-77.2975,2/20/20,0,0,0
,Turkey,38.9637,35.2433,2/20/20,0,0,0
,United Kingdom,36.1408,-5.3536,2/20/20,0,0,0
,Cuba,22,-80,2/20/20,0,0,0
,Guyana,5,-58.75,2/20/20,0,0,0
,Australia,-35.4735,149.0124,2/20/20,0,0,0
,United Kingdom,55.3781,-3.436,2/20/20,9,0,8
,Kazakhstan,48.0196,66.9237,2/20/20,0,0,0
,France,-17.6797,149.4068,2/20/20,0,0,0
,Canada,53.7609,-98.8139,2/20/20,0,0,0
,Canada,52.9399,-106.4509,2/20/20,0,0,0
,Ethiopia,9.145,40.4897,2/20/20,0,0,0
,Sudan,12.8628,30.2176,2/20/20,0,0,0
,Guinea,9.9456,-9.6966,2/20/20,0,0,0
,Canada,37.6489,-122.6655,2/20/20,0,0,0
,Kenya,-0.0236,37.9062,2/20/20,0,0,0
,Antigua and Barbuda,17.0608,-61.7964,2/20/20,0,0,0
,US,32.3182,-86.9023,2/20/20,0,0,0
,Uruguay,-32.5228,-55.7658,2/20/20,0,0,0
,Ghana,7.9465,-1.0232,2/20/20,0,0,0
,US,18.2208,-66.5901,2/20/20,0,0,0
,Namibia,-22.9576,18.4904,2/20/20,0,0,0
,Seychelles,-4.6796,55.492,2/20/20,0,0,0
,Trinidad and Tobago,10.6918,-61.2225,2/20/20,0,0,0
,Venezuela,6.4238,-66.5897,2/20/20,0,0,0
,Eswatini,-26.5225,31.4659,2/20/20,0,0,0
,Gabon,-0.8037,11.6094,2/20/20,0,0,0
,Guatemala,15.7835,-90.2308,2/20/20,0,0,0
,Mauritania,21.0079,10.9408,2/20/20,0,0,0
,Rwanda,-1.9403,29.8739,2/20/20,0,0,0
,Saint Lucia,13.9094,-60.9789,2/20/20,0,0,0
,Saint Vincent and the Grenadines,12.9843,-61.2872,2/20/20,0,0,0
,Suriname,3.9193,-56.0278,2/20/20,0,0,0
,France,3.9339,-53.1258,2/20/20,0,0,0
,US,13.4443,144.7937,2/20/20,0,0,0
,Kosovo,42.6026,20.903,2/20/20,0,0,0
,Canada,53.1355,-57.6604,2/20/20,0,0,0
,Canada,46.5107,-63.4168,2/20/20,0,0,0
,Central African Republic,6.6111,20.9394,2/20/20,0,0,0
,Congo (Brazzaville),-4.0383,21.7587,2/20/20,0,0,0
,Equatorial Guinea,1.5,10,2/20/20,0,0,0
,France,-12.8275,45.1662,2/20/20,0,0,0
,Uzbekistan,41.3775,64.5853,2/20/20,0,0,0
,Netherlands,52.1326,5.2913,2/20/20,0,0,0
,Canada,44.682,-63.7443,2/20/20,0,0,0
,France,16.25,-61.5833,2/20/20,0,0,0
,Benin,9.3077,2.3158,2/20/20,0,0,0
,Liberia,6.4281,-9.4295,2/20/20,0,0,0
,Netherlands,12.1696,-68.99,2/20/20,0,0,0
,Somalia,5.1521,46.1996,2/20/20,0,0,0
,Tanzania,-6.369,34.8888,2/20/20,0,0,0
,US,18.3358,-64.8963,2/20/20,0,0,0
,United Kingdom,19.3133,-81.2546,2/20/20,0,0,0
,France,-21.1351,55.2471,2/20/20,0,0,0
,Barbados,13.1939,-59.5432,2/20/20,0,0,0
,Montenegro,42.5,19.3,2/20/20,0,0,0
,Kyrgyzstan,41.2044,74.7661,2/20/20,0,0,0
,Mauritius,-20.2,57.5,2/20/20,0,0,0
,Netherlands,12.5186,-70.0358,2/20/20,0,0,0
,Zambia,-15.4167,28.2833,2/20/20,0,0,0
,Djibouti,11.8251,42.5903,2/20/20,0,0,0
,"Gambia, The",13.4432,-15.3101,2/20/20,0,0,0
,United Kingdom,16.7425,-62.1874,2/20/20,0,0,0
,"Bahamas, The",25.0343,-77.3963,2/20/20,0,0,0
,Denmark,71.7069,-42.6043,2/20/20,0,0,0
,France,-20.9043,165.618,2/20/20,0,0,0
,United Kingdom,32.3078,-64.7505,2/20/20,0,0,0
,Chad,15.4542,18.7322,2/20/20,0,0,0
,El Salvador,13.7942,-88.8965,2/20/20,0,0,0
,Fiji,-17.7134,178.065,2/20/20,0,0,0
,Nicaragua,12.8654,-85.2072,2/20/20,0,0,0
,Madagascar,-18.7669,46.8691,2/20/20,0,0,0
,Haiti,18.9712,-72.2852,2/20/20,0,0,0
,Angola,-11.2027,17.8739,2/20/20,0,0,0
,Cabo Verde,16.5388,-23.0418,2/20/20,0,0,0
,Netherlands,18.0425,-63.0548,2/20/20,0,0,0
,Niger,17.6078,8.0817,2/20/20,0,0,0
,Papua New Guinea,-6.315,143.9555,2/20/20,0,0,0
,United Kingdom,54.2361,-4.5481,2/20/20,0,0,0
,Zimbabwe,-20,30,2/20/20,0,0,0
,Canada,64.8255,-124.8457,2/20/20,0,0,0
,Cape Verde,15.1111,-23.6167,2/20/20,0,0,0
,East Timor,-8.55,125.56,2/20/20,0,0,0
,Eritrea,15.1794,39.7823,2/20/20,0,0,0
,Uganda,1,32,2/20/20,0,0,0
,Dominica,15.415,-61.371,2/20/20,0,0,0
,Grenada,12.1165,-61.679,2/20/20,0,0,0
,Mozambique,-18.6657,35.5296,2/20/20,0,0,0
,Syria,34.8021,38.9968,2/20/20,0,0,0
,Timor-Leste,-8.8742,125.7275,2/20/20,0,0,0
,Thailand,15,101,2/21/20,35,0,17
,Japan,36,138,2/21/20,105,1,22
,Singapore,1.2833,103.8333,2/21/20,85,0,37
,Nepal,28.1667,84.25,2/21/20,1,0,1
,Malaysia,2.5,112.5,2/21/20,22,0,15
,Canada,49.2827,-123.1207,2/21/20,6,0,0
,Australia,-33.8688,151.2093,2/21/20,4,0,4
,Australia,-37.8136,144.9631,2/21/20,4,0,4
,Australia,-28.0167,153.4,2/21/20,5,0,1
,Cambodia,11.55,104.9167,2/21/20,1,0,1
,Sri Lanka,7,81,2/21/20,1,0,1
,Germany,51,9,2/21/20,16,0,14
,Finland,64,26,2/21/20,1,0,1
,United Arab Emirates,24,54,2/21/20,9,0,4
,Philippines,13,122,2/21/20,3,1,1
,India,21,78,2/21/20,3,0,3
,Italy,43,12,2/21/20,20,1,0
,Sweden,63,16,2/21/20,1,0,0
,Spain,40,-4,2/21/20,2,0,2
,Australia,-34.9285,138.6007,2/21/20,2,0,2
,Belgium,50.8333,4,2/21/20,1,0,1
,Egypt,26,30,2/21/20,1,0,0
,Australia,35.4437,139.638,2/21/20,4,0,0
,Lebanon,33.8547,35.8623,2/21/20,1,0,0
,Iraq,33,44,2/21/20,0,0,0
,Oman,21,57,2/21/20,0,0,0
,Afghanistan,33,65,2/21/20,0,0,0
,Bahrain,26.0275,50.55,2/21/20,0,0,0
,Kuwait,29.5,47.75,2/21/20,0,0,0
,Algeria,28.0339,1.6596,2/21/20,0,0,0
,Croatia,45.1,15.2,2/21/20,0,0,0
,Switzerland,46.8182,8.2275,2/21/20,0,0,0
,Austria,47.5162,14.5501,2/21/20,0,0,0
,Israel,31,35,2/21/20,1,0,0
,Pakistan,30.3753,69.3451,2/21/20,0,0,0
,Brazil,-14.235,-51.9253,2/21/20,0,0,0
,Georgia,42.3154,43.3569,2/21/20,0,0,0
,Greece,39.0742,21.8243,2/21/20,0,0,0
,North Macedonia,41.6086,21.7453,2/21/20,0,0,0
,Norway,60.472,8.4689,2/21/20,0,0,0
,Romania,45.9432,24.9668,2/21/20,0,0,0
,Estonia,58.5953,25.0136,2/21/20,0,0,0
,San Marino,43.9424,12.4578,2/21/20,0,0,0
,Belarus,53.7098,27.9534,2/21/20,0,0,0
,Iceland,64.9631,-19.0208,2/21/20,0,0,0
,Lithuania,55.1694,23.8813,2/21/20,0,0,0
,Mexico,23.6345,-102.5528,2/21/20,0,0,0
,New Zealand,-40.9006,174.886,2/21/20,0,0,0
,Nigeria,9.082,8.6753,2/21/20,0,0,0
,Australia,-31.9505,115.8605,2/21/20,0,0,0
,Ireland,53.1424,-7.6921,2/21/20,0,0,0
,Luxembourg,49.8153,6.1296,2/21/20,0,0,0
,Monaco,43.7333,7.4167,2/21/20,0,0,0
,Qatar,25.3548,51.1839,2/21/20,0,0,0
,Ecuador,-1.8312,-78.1834,2/21/20,0,0,0
,Azerbaijan,40.1431,47.5769,2/21/20,0,0,0
,Armenia,40.0691,45.0382,2/21/20,0,0,0
,Dominican Republic,18.7357,-70.1627,2/21/20,0,0,0
,Indonesia,-0.7893,113.9213,2/21/20,0,0,0
,Portugal,39.3999,-8.2245,2/21/20,0,0,0
,Andorra,42.5063,1.5218,2/21/20,0,0,0
,Australia,-41.4545,145.9707,2/21/20,0,0,0
,Latvia,56.8796,24.6032,2/21/20,0,0,0
,Morocco,31.7917,-7.0926,2/21/20,0,0,0
,Saudi Arabia,24,45,2/21/20,0,0,0
,Senegal,14.4974,-14.4524,2/21/20,0,0,0
,Argentina,-38.4161,-63.6167,2/21/20,0,0,0
,Chile,-35.6751,-71.543,2/21/20,0,0,0
,Jordan,31.24,36.51,2/21/20,0,0,0
,Ukraine,48.3794,31.1656,2/21/20,0,0,0
,Hungary,47.1625,19.5033,2/21/20,0,0,0
,Australia,-12.4634,130.8456,2/21/20,0,0,0
,Liechtenstein,47.14,9.55,2/21/20,0,0,0
,Poland,51.9194,19.1451,2/21/20,0,0,0
,Tunisia,34,9,2/21/20,0,0,0
,Bosnia and Herzegovina,43.9159,17.6791,2/21/20,0,0,0
,Slovenia,46.1512,14.9955,2/21/20,0,0,0
,South Africa,-30.5595,22.9375,2/21/20,0,0,0
,Bhutan,27.5142,90.4336,2/21/20,0,0,0
,Cameroon,3.848,11.5021,2/21/20,0,0,0
,Colombia,4.5709,-74.2973,2/21/20,0,0,0
,Costa Rica,9.7489,-83.7534,2/21/20,0,0,0
,Peru,-9.19,-75.0152,2/21/20,0,0,0
,Serbia,44.0165,21.0059,2/21/20,0,0,0
,Slovakia,48.669,19.699,2/21/20,0,0,0
,Togo,8.6195,0.8248,2/21/20,0,0,0
,Malta,35.9375,14.3754,2/21/20,0,0,0
,Martinique,14.6415,-61.0242,2/21/20,0,0,0
,Bulgaria,42.7339,25.4858,2/21/20,0,0,0
,Maldives,3.2028,73.2207,2/21/20,0,0,0
,Bangladesh,23.685,90.3563,2/21/20,0,0,0
,Paraguay,-23.4425,-58.4438,2/21/20,0,0,0
,Canada,51.2538,-85.3232,2/21/20,3,0,3
,Canada,53.9333,-116.5765,2/21/20,0,0,0
,Canada,52.9399,-73.5491,2/21/20,0,0,0
,Albania,41.1533,20.1683,2/21/20,0,0,0
,Cyprus,35.1264,33.4299,2/21/20,0,0,0
,Brunei,4.5353,114.7277,2/21/20,0,0,0
,US,47.4009,-121.4905,2/21/20,0,0,0
,US,42.1657,-74.9481,2/21/20,0,0,0
,US,36.1162,-119.6816,2/21/20,0,0,0
,US,42.2302,-71.5301,2/21/20,0,0,0
,US,35.4437,139.638,2/21/20,0,0,0
,US,37.6489,-122.6655,2/21/20,0,0,0
,US,33.0406,-83.6431,2/21/20,0,0,0
,US,39.0598,-105.3111,2/21/20,0,0,0
,US,27.7663,-81.6868,2/21/20,0,0,0
,US,40.2989,-74.521,2/21/20,0,0,0
,US,44.572,-122.0709,2/21/20,0,0,0
,US,31.0545,-97.5635,2/21/20,0,0,0
,US,40.3495,-88.9861,2/21/20,0,0,0
,US,40.5908,-77.2098,2/21/20,0,0,0
,US,42.0115,-93.2105,2/21/20,0,0,0
,US,39.0639,-76.8021,2/21/20,0,0,0
,US,35.6301,-79.8064,2/21/20,0,0,0
,US,33.8569,-80.945,2/21/20,0,0,0
,US,35.7478,-86.6923,2/21/20,0,0,0
,US,37.7693,-78.17,2/21/20,0,0,0
,US,33.7298,-111.4312,2/21/20,0,0,0
,US,39.8494,-86.2583,2/21/20,0,0,0
,US,37.6681,-84.6701,2/21/20,0,0,0
,US,38.8974,-77.0268,2/21/20,0,0,0
,US,38.3135,-117.0554,2/21/20,0,0,0
,US,43.4525,-71.5639,2/21/20,0,0,0
,US,45.6945,-93.9002,2/21/20,0,0,0
,US,41.1254,-98.2681,2/21/20,0,0,0
,US,40.3888,-82.7649,2/21/20,0,0,0
,US,41.6809,-71.5118,2/21/20,0,0,0
,US,44.2685,-89.6165,2/21/20,0,0,0
,US,41.5978,-72.7554,2/21/20,0,0,0
,US,21.0943,-157.4983,2/21/20,0,0,0
,US,35.5653,-96.9289,2/21/20,0,0,0
,US,40.15,-111.8624,2/21/20,0,0,0
,Burkina Faso,12.2383,-1.5616,2/21/20,0,0,0
,Holy See,41.9029,12.4534,2/21/20,0,0,0
,Mongolia,46.8625,103.8467,2/21/20,0,0,0
,Panama,8.538,-80.7821,2/21/20,0,0,0
,US,38.5266,-96.7265,2/21/20,0,0,0
,US,31.1695,-91.8678,2/21/20,0,0,0
,US,38.4561,-92.2884,2/21/20,0,0,0
,US,44.0459,-72.7107,2/21/20,0,0,0
,US,61.3707,-152.4044,2/21/20,0,0,0
,US,34.9697,-92.3731,2/21/20,0,0,0
,US,39.3185,-75.5071,2/21/20,0,0,0
,US,44.2405,-114.4788,2/21/20,0,0,0
,US,44.6939,-69.3819,2/21/20,0,0,0
,US,43.3266,-84.5361,2/21/20,0,0,0
,US,32.7416,-89.6787,2/21/20,0,0,0
,US,46.9219,-110.4544,2/21/20,0,0,0
,US,34.8405,-106.2485,2/21/20,0,0,0
,US,47.5289,-99.784,2/21/20,0,0,0
,US,44.2998,-99.4388,2/21/20,0,0,0
,US,38.4912,-80.9545,2/21/20,0,0,0
,US,42.756,-107.3025,2/21/20,0,0,0
,Iran,32,53,2/21/20,18,4,0
,South Korea,36,128,2/21/20,204,2,16
,France,46.2276,2.2137,2/21/20,12,1,4
,Cruise Ship,35.4437,139.638,2/21/20,634,2,1
,Denmark,56.2639,9.5018,2/21/20,0,0,0
,Czechia,49.8175,15.473,2/21/20,0,0,0
,Taiwan*,23.7,121,2/21/20,26,1,2
,Vietnam,16,108,2/21/20,16,0,14
,Russia,60,90,2/21/20,2,0,2
,Moldova,47.4116,28.3699,2/21/20,0,0,0
,Bolivia,-16.2902,-63.5887,2/21/20,0,0,0
,Denmark,61.8926,-6.9118,2/21/20,0,0,0
,France,18.0708,-63.0501,2/21/20,0,0,0
,Honduras,15.2,-86.2419,2/21/20,0,0,0
,United Kingdom,49.3723,-2.3644,2/21/20,0,0,0
,Canada,46.5653,-66.4619,2/21/20,0,0,0
,Congo (Kinshasa),-4.0383,21.7587,2/21/20,0,0,0
,Cote d'Ivoire,7.54,-5.5471,2/21/20,0,0,0
,France,17.9,-62.8333,2/21/20,0,0,0
,Jamaica,18.1096,-77.2975,2/21/20,0,0,0
,Turkey,38.9637,35.2433,2/21/20,0,0,0
,United Kingdom,36.1408,-5.3536,2/21/20,0,0,0
,Cuba,22,-80,2/21/20,0,0,0
,Guyana,5,-58.75,2/21/20,0,0,0
,Australia,-35.4735,149.0124,2/21/20,0,0,0
,United Kingdom,55.3781,-3.436,2/21/20,9,0,8
,Kazakhstan,48.0196,66.9237,2/21/20,0,0,0
,France,-17.6797,149.4068,2/21/20,0,0,0
,Canada,53.7609,-98.8139,2/21/20,0,0,0
,Canada,52.9399,-106.4509,2/21/20,0,0,0
,Ethiopia,9.145,40.4897,2/21/20,0,0,0
,Sudan,12.8628,30.2176,2/21/20,0,0,0
,Guinea,9.9456,-9.6966,2/21/20,0,0,0
,Canada,37.6489,-122.6655,2/21/20,0,0,0
,Kenya,-0.0236,37.9062,2/21/20,0,0,0
,Antigua and Barbuda,17.0608,-61.7964,2/21/20,0,0,0
,US,32.3182,-86.9023,2/21/20,0,0,0
,Uruguay,-32.5228,-55.7658,2/21/20,0,0,0
,Ghana,7.9465,-1.0232,2/21/20,0,0,0
,US,18.2208,-66.5901,2/21/20,0,0,0
,Namibia,-22.9576,18.4904,2/21/20,0,0,0
,Seychelles,-4.6796,55.492,2/21/20,0,0,0
,Trinidad and Tobago,10.6918,-61.2225,2/21/20,0,0,0
,Venezuela,6.4238,-66.5897,2/21/20,0,0,0
,Eswatini,-26.5225,31.4659,2/21/20,0,0,0
,Gabon,-0.8037,11.6094,2/21/20,0,0,0
,Guatemala,15.7835,-90.2308,2/21/20,0,0,0
,Mauritania,21.0079,10.9408,2/21/20,0,0,0
,Rwanda,-1.9403,29.8739,2/21/20,0,0,0
,Saint Lucia,13.9094,-60.9789,2/21/20,0,0,0
,Saint Vincent and the Grenadines,12.9843,-61.2872,2/21/20,0,0,0
,Suriname,3.9193,-56.0278,2/21/20,0,0,0
,France,3.9339,-53.1258,2/21/20,0,0,0
,US,13.4443,144.7937,2/21/20,0,0,0
,Kosovo,42.6026,20.903,2/21/20,0,0,0
,Canada,53.1355,-57.6604,2/21/20,0,0,0
,Canada,46.5107,-63.4168,2/21/20,0,0,0
,Central African Republic,6.6111,20.9394,2/21/20,0,0,0
,Congo (Brazzaville),-4.0383,21.7587,2/21/20,0,0,0
,Equatorial Guinea,1.5,10,2/21/20,0,0,0
,France,-12.8275,45.1662,2/21/20,0,0,0
,Uzbekistan,41.3775,64.5853,2/21/20,0,0,0
,Netherlands,52.1326,5.2913,2/21/20,0,0,0
,Canada,44.682,-63.7443,2/21/20,0,0,0
,France,16.25,-61.5833,2/21/20,0,0,0
,Benin,9.3077,2.3158,2/21/20,0,0,0
,Liberia,6.4281,-9.4295,2/21/20,0,0,0
,Netherlands,12.1696,-68.99,2/21/20,0,0,0
,Somalia,5.1521,46.1996,2/21/20,0,0,0
,Tanzania,-6.369,34.8888,2/21/20,0,0,0
,US,18.3358,-64.8963,2/21/20,0,0,0
,United Kingdom,19.3133,-81.2546,2/21/20,0,0,0
,France,-21.1351,55.2471,2/21/20,0,0,0
,Barbados,13.1939,-59.5432,2/21/20,0,0,0
,Montenegro,42.5,19.3,2/21/20,0,0,0
,Kyrgyzstan,41.2044,74.7661,2/21/20,0,0,0
,Mauritius,-20.2,57.5,2/21/20,0,0,0
,Netherlands,12.5186,-70.0358,2/21/20,0,0,0
,Zambia,-15.4167,28.2833,2/21/20,0,0,0
,Djibouti,11.8251,42.5903,2/21/20,0,0,0
,"Gambia, The",13.4432,-15.3101,2/21/20,0,0,0
,United Kingdom,16.7425,-62.1874,2/21/20,0,0,0
,"Bahamas, The",25.0343,-77.3963,2/21/20,0,0,0
,Denmark,71.7069,-42.6043,2/21/20,0,0,0
,France,-20.9043,165.618,2/21/20,0,0,0
,United Kingdom,32.3078,-64.7505,2/21/20,0,0,0
,Chad,15.4542,18.7322,2/21/20,0,0,0
,El Salvador,13.7942,-88.8965,2/21/20,0,0,0
,Fiji,-17.7134,178.065,2/21/20,0,0,0
,Nicaragua,12.8654,-85.2072,2/21/20,0,0,0
,Madagascar,-18.7669,46.8691,2/21/20,0,0,0
,Haiti,18.9712,-72.2852,2/21/20,0,0,0
,Angola,-11.2027,17.8739,2/21/20,0,0,0
,Cabo Verde,16.5388,-23.0418,2/21/20,0,0,0
,Netherlands,18.0425,-63.0548,2/21/20,0,0,0
,Niger,17.6078,8.0817,2/21/20,0,0,0
,Papua New Guinea,-6.315,143.9555,2/21/20,0,0,0
,United Kingdom,54.2361,-4.5481,2/21/20,0,0,0
,Zimbabwe,-20,30,2/21/20,0,0,0
,Canada,64.8255,-124.8457,2/21/20,0,0,0
,Cape Verde,15.1111,-23.6167,2/21/20,0,0,0
,East Timor,-8.55,125.56,2/21/20,0,0,0
,Eritrea,15.1794,39.7823,2/21/20,0,0,0
,Uganda,1,32,2/21/20,0,0,0
,Dominica,15.415,-61.371,2/21/20,0,0,0
,Grenada,12.1165,-61.679,2/21/20,0,0,0
,Mozambique,-18.6657,35.5296,2/21/20,0,0,0
,Syria,34.8021,38.9968,2/21/20,0,0,0
,Timor-Leste,-8.8742,125.7275,2/21/20,0,0,0
,Thailand,15,101,2/22/20,35,0,17
,Japan,36,138,2/22/20,122,1,22
,Singapore,1.2833,103.8333,2/22/20,85,0,37
,Nepal,28.1667,84.25,2/22/20,1,0,1
,Malaysia,2.5,112.5,2/22/20,22,0,15
,Canada,49.2827,-123.1207,2/22/20,6,0,0
,Australia,-33.8688,151.2093,2/22/20,4,0,4
,Australia,-37.8136,144.9631,2/22/20,4,0,4
,Australia,-28.0167,153.4,2/22/20,5,0,1
,Cambodia,11.55,104.9167,2/22/20,1,0,1
,Sri Lanka,7,81,2/22/20,1,0,1
,Germany,51,9,2/22/20,16,0,14
,Finland,64,26,2/22/20,1,0,1
,United Arab Emirates,24,54,2/22/20,13,0,4
,Philippines,13,122,2/22/20,3,1,1
,India,21,78,2/22/20,3,0,3
,Italy,43,12,2/22/20,62,2,1
,Sweden,63,16,2/22/20,1,0,0
,Spain,40,-4,2/22/20,2,0,2
,Australia,-34.9285,138.6007,2/22/20,2,0,2
,Belgium,50.8333,4,2/22/20,1,0,1
,Egypt,26,30,2/22/20,1,0,0
,Australia,35.4437,139.638,2/22/20,7,0,0
,Lebanon,33.8547,35.8623,2/22/20,1,0,0
,Iraq,33,44,2/22/20,0,0,0
,Oman,21,57,2/22/20,0,0,0
,Afghanistan,33,65,2/22/20,0,0,0
,Bahrain,26.0275,50.55,2/22/20,0,0,0
,Kuwait,29.5,47.75,2/22/20,0,0,0
,Algeria,28.0339,1.6596,2/22/20,0,0,0
,Croatia,45.1,15.2,2/22/20,0,0,0
,Switzerland,46.8182,8.2275,2/22/20,0,0,0
,Austria,47.5162,14.5501,2/22/20,0,0,0
,Israel,31,35,2/22/20,1,0,0
,Pakistan,30.3753,69.3451,2/22/20,0,0,0
,Brazil,-14.235,-51.9253,2/22/20,0,0,0
,Georgia,42.3154,43.3569,2/22/20,0,0,0
,Greece,39.0742,21.8243,2/22/20,0,0,0
,North Macedonia,41.6086,21.7453,2/22/20,0,0,0
,Norway,60.472,8.4689,2/22/20,0,0,0
,Romania,45.9432,24.9668,2/22/20,0,0,0
,Estonia,58.5953,25.0136,2/22/20,0,0,0
,San Marino,43.9424,12.4578,2/22/20,0,0,0
,Belarus,53.7098,27.9534,2/22/20,0,0,0
,Iceland,64.9631,-19.0208,2/22/20,0,0,0
,Lithuania,55.1694,23.8813,2/22/20,0,0,0
,Mexico,23.6345,-102.5528,2/22/20,0,0,0
,New Zealand,-40.9006,174.886,2/22/20,0,0,0
,Nigeria,9.082,8.6753,2/22/20,0,0,0
,Australia,-31.9505,115.8605,2/22/20,0,0,0
,Ireland,53.1424,-7.6921,2/22/20,0,0,0
,Luxembourg,49.8153,6.1296,2/22/20,0,0,0
,Monaco,43.7333,7.4167,2/22/20,0,0,0
,Qatar,25.3548,51.1839,2/22/20,0,0,0
,Ecuador,-1.8312,-78.1834,2/22/20,0,0,0
,Azerbaijan,40.1431,47.5769,2/22/20,0,0,0
,Armenia,40.0691,45.0382,2/22/20,0,0,0
,Dominican Republic,18.7357,-70.1627,2/22/20,0,0,0
,Indonesia,-0.7893,113.9213,2/22/20,0,0,0
,Portugal,39.3999,-8.2245,2/22/20,0,0,0
,Andorra,42.5063,1.5218,2/22/20,0,0,0
,Australia,-41.4545,145.9707,2/22/20,0,0,0
,Latvia,56.8796,24.6032,2/22/20,0,0,0
,Morocco,31.7917,-7.0926,2/22/20,0,0,0
,Saudi Arabia,24,45,2/22/20,0,0,0
,Senegal,14.4974,-14.4524,2/22/20,0,0,0
,Argentina,-38.4161,-63.6167,2/22/20,0,0,0
,Chile,-35.6751,-71.543,2/22/20,0,0,0
,Jordan,31.24,36.51,2/22/20,0,0,0
,Ukraine,48.3794,31.1656,2/22/20,0,0,0
,Hungary,47.1625,19.5033,2/22/20,0,0,0
,Australia,-12.4634,130.8456,2/22/20,0,0,0
,Liechtenstein,47.14,9.55,2/22/20,0,0,0
,Poland,51.9194,19.1451,2/22/20,0,0,0
,Tunisia,34,9,2/22/20,0,0,0
,Bosnia and Herzegovina,43.9159,17.6791,2/22/20,0,0,0
,Slovenia,46.1512,14.9955,2/22/20,0,0,0
,South Africa,-30.5595,22.9375,2/22/20,0,0,0
,Bhutan,27.5142,90.4336,2/22/20,0,0,0
,Cameroon,3.848,11.5021,2/22/20,0,0,0
,Colombia,4.5709,-74.2973,2/22/20,0,0,0
,Costa Rica,9.7489,-83.7534,2/22/20,0,0,0
,Peru,-9.19,-75.0152,2/22/20,0,0,0
,Serbia,44.0165,21.0059,2/22/20,0,0,0
,Slovakia,48.669,19.699,2/22/20,0,0,0
,Togo,8.6195,0.8248,2/22/20,0,0,0
,Malta,35.9375,14.3754,2/22/20,0,0,0
,Martinique,14.6415,-61.0242,2/22/20,0,0,0
,Bulgaria,42.7339,25.4858,2/22/20,0,0,0
,Maldives,3.2028,73.2207,2/22/20,0,0,0
,Bangladesh,23.685,90.3563,2/22/20,0,0,0
,Paraguay,-23.4425,-58.4438,2/22/20,0,0,0
,Canada,51.2538,-85.3232,2/22/20,3,0,3
,Canada,53.9333,-116.5765,2/22/20,0,0,0
,Canada,52.9399,-73.5491,2/22/20,0,0,0
,Albania,41.1533,20.1683,2/22/20,0,0,0
,Cyprus,35.1264,33.4299,2/22/20,0,0,0
,Brunei,4.5353,114.7277,2/22/20,0,0,0
,US,47.4009,-121.4905,2/22/20,0,0,0
,US,42.1657,-74.9481,2/22/20,0,0,0
,US,36.1162,-119.6816,2/22/20,0,0,0
,US,42.2302,-71.5301,2/22/20,0,0,0
,US,35.4437,139.638,2/22/20,0,0,0
,US,37.6489,-122.6655,2/22/20,0,0,0
,US,33.0406,-83.6431,2/22/20,0,0,0
,US,39.0598,-105.3111,2/22/20,0,0,0
,US,27.7663,-81.6868,2/22/20,0,0,0
,US,40.2989,-74.521,2/22/20,0,0,0
,US,44.572,-122.0709,2/22/20,0,0,0
,US,31.0545,-97.5635,2/22/20,0,0,0
,US,40.3495,-88.9861,2/22/20,0,0,0
,US,40.5908,-77.2098,2/22/20,0,0,0
,US,42.0115,-93.2105,2/22/20,0,0,0
,US,39.0639,-76.8021,2/22/20,0,0,0
,US,35.6301,-79.8064,2/22/20,0,0,0
,US,33.8569,-80.945,2/22/20,0,0,0
,US,35.7478,-86.6923,2/22/20,0,0,0
,US,37.7693,-78.17,2/22/20,0,0,0
,US,33.7298,-111.4312,2/22/20,0,0,0
,US,39.8494,-86.2583,2/22/20,0,0,0
,US,37.6681,-84.6701,2/22/20,0,0,0
,US,38.8974,-77.0268,2/22/20,0,0,0
,US,38.3135,-117.0554,2/22/20,0,0,0
,US,43.4525,-71.5639,2/22/20,0,0,0
,US,45.6945,-93.9002,2/22/20,0,0,0
,US,41.1254,-98.2681,2/22/20,0,0,0
,US,40.3888,-82.7649,2/22/20,0,0,0
,US,41.6809,-71.5118,2/22/20,0,0,0
,US,44.2685,-89.6165,2/22/20,0,0,0
,US,41.5978,-72.7554,2/22/20,0,0,0
,US,21.0943,-157.4983,2/22/20,0,0,0
,US,35.5653,-96.9289,2/22/20,0,0,0
,US,40.15,-111.8624,2/22/20,0,0,0
,Burkina Faso,12.2383,-1.5616,2/22/20,0,0,0
,Holy See,41.9029,12.4534,2/22/20,0,0,0
,Mongolia,46.8625,103.8467,2/22/20,0,0,0
,Panama,8.538,-80.7821,2/22/20,0,0,0
,US,38.5266,-96.7265,2/22/20,0,0,0
,US,31.1695,-91.8678,2/22/20,0,0,0
,US,38.4561,-92.2884,2/22/20,0,0,0
,US,44.0459,-72.7107,2/22/20,0,0,0
,US,61.3707,-152.4044,2/22/20,0,0,0
,US,34.9697,-92.3731,2/22/20,0,0,0
,US,39.3185,-75.5071,2/22/20,0,0,0
,US,44.2405,-114.4788,2/22/20,0,0,0
,US,44.6939,-69.3819,2/22/20,0,0,0
,US,43.3266,-84.5361,2/22/20,0,0,0
,US,32.7416,-89.6787,2/22/20,0,0,0
,US,46.9219,-110.4544,2/22/20,0,0,0
,US,34.8405,-106.2485,2/22/20,0,0,0
,US,47.5289,-99.784,2/22/20,0,0,0
,US,44.2998,-99.4388,2/22/20,0,0,0
,US,38.4912,-80.9545,2/22/20,0,0,0
,US,42.756,-107.3025,2/22/20,0,0,0
,Iran,32,53,2/22/20,28,5,0
,South Korea,36,128,2/22/20,433,2,16
,France,46.2276,2.2137,2/22/20,12,1,4
,Cruise Ship,35.4437,139.638,2/22/20,634,2,1
,Denmark,56.2639,9.5018,2/22/20,0,0,0
,Czechia,49.8175,15.473,2/22/20,0,0,0
,Taiwan*,23.7,121,2/22/20,26,1,2
,Vietnam,16,108,2/22/20,16,0,14
,Russia,60,90,2/22/20,2,0,2
,Moldova,47.4116,28.3699,2/22/20,0,0,0
,Bolivia,-16.2902,-63.5887,2/22/20,0,0,0
,Denmark,61.8926,-6.9118,2/22/20,0,0,0
,France,18.0708,-63.0501,2/22/20,0,0,0
,Honduras,15.2,-86.2419,2/22/20,0,0,0
,United Kingdom,49.3723,-2.3644,2/22/20,0,0,0
,Canada,46.5653,-66.4619,2/22/20,0,0,0
,Congo (Kinshasa),-4.0383,21.7587,2/22/20,0,0,0
,Cote d'Ivoire,7.54,-5.5471,2/22/20,0,0,0
,France,17.9,-62.8333,2/22/20,0,0,0
,Jamaica,18.1096,-77.2975,2/22/20,0,0,0
,Turkey,38.9637,35.2433,2/22/20,0,0,0
,United Kingdom,36.1408,-5.3536,2/22/20,0,0,0
,Cuba,22,-80,2/22/20,0,0,0
,Guyana,5,-58.75,2/22/20,0,0,0
,Australia,-35.4735,149.0124,2/22/20,0,0,0
,United Kingdom,55.3781,-3.436,2/22/20,9,0,8
,Kazakhstan,48.0196,66.9237,2/22/20,0,0,0
,France,-17.6797,149.4068,2/22/20,0,0,0
,Canada,53.7609,-98.8139,2/22/20,0,0,0
,Canada,52.9399,-106.4509,2/22/20,0,0,0
,Ethiopia,9.145,40.4897,2/22/20,0,0,0
,Sudan,12.8628,30.2176,2/22/20,0,0,0
,Guinea,9.9456,-9.6966,2/22/20,0,0,0
,Canada,37.6489,-122.6655,2/22/20,0,0,0
,Kenya,-0.0236,37.9062,2/22/20,0,0,0
,Antigua and Barbuda,17.0608,-61.7964,2/22/20,0,0,0
,US,32.3182,-86.9023,2/22/20,0,0,0
,Uruguay,-32.5228,-55.7658,2/22/20,0,0,0
,Ghana,7.9465,-1.0232,2/22/20,0,0,0
,US,18.2208,-66.5901,2/22/20,0,0,0
,Namibia,-22.9576,18.4904,2/22/20,0,0,0
,Seychelles,-4.6796,55.492,2/22/20,0,0,0
,Trinidad and Tobago,10.6918,-61.2225,2/22/20,0,0,0
,Venezuela,6.4238,-66.5897,2/22/20,0,0,0
,Eswatini,-26.5225,31.4659,2/22/20,0,0,0
,Gabon,-0.8037,11.6094,2/22/20,0,0,0
,Guatemala,15.7835,-90.2308,2/22/20,0,0,0
,Mauritania,21.0079,10.9408,2/22/20,0,0,0
,Rwanda,-1.9403,29.8739,2/22/20,0,0,0
,Saint Lucia,13.9094,-60.9789,2/22/20,0,0,0
,Saint Vincent and the Grenadines,12.9843,-61.2872,2/22/20,0,0,0
,Suriname,3.9193,-56.0278,2/22/20,0,0,0
,France,3.9339,-53.1258,2/22/20,0,0,0
,US,13.4443,144.7937,2/22/20,0,0,0
,Kosovo,42.6026,20.903,2/22/20,0,0,0
,Canada,53.1355,-57.6604,2/22/20,0,0,0
,Canada,46.5107,-63.4168,2/22/20,0,0,0
,Central African Republic,6.6111,20.9394,2/22/20,0,0,0
,Congo (Brazzaville),-4.0383,21.7587,2/22/20,0,0,0
,Equatorial Guinea,1.5,10,2/22/20,0,0,0
,France,-12.8275,45.1662,2/22/20,0,0,0
,Uzbekistan,41.3775,64.5853,2/22/20,0,0,0
,Netherlands,52.1326,5.2913,2/22/20,0,0,0
,Canada,44.682,-63.7443,2/22/20,0,0,0
,France,16.25,-61.5833,2/22/20,0,0,0
,Benin,9.3077,2.3158,2/22/20,0,0,0
,Liberia,6.4281,-9.4295,2/22/20,0,0,0
,Netherlands,12.1696,-68.99,2/22/20,0,0,0
,Somalia,5.1521,46.1996,2/22/20,0,0,0
,Tanzania,-6.369,34.8888,2/22/20,0,0,0
,US,18.3358,-64.8963,2/22/20,0,0,0
,United Kingdom,19.3133,-81.2546,2/22/20,0,0,0
,France,-21.1351,55.2471,2/22/20,0,0,0
,Barbados,13.1939,-59.5432,2/22/20,0,0,0
,Montenegro,42.5,19.3,2/22/20,0,0,0
,Kyrgyzstan,41.2044,74.7661,2/22/20,0,0,0
,Mauritius,-20.2,57.5,2/22/20,0,0,0
,Netherlands,12.5186,-70.0358,2/22/20,0,0,0
,Zambia,-15.4167,28.2833,2/22/20,0,0,0
,Djibouti,11.8251,42.5903,2/22/20,0,0,0
,"Gambia, The",13.4432,-15.3101,2/22/20,0,0,0
,United Kingdom,16.7425,-62.1874,2/22/20,0,0,0
,"Bahamas, The",25.0343,-77.3963,2/22/20,0,0,0
,Denmark,71.7069,-42.6043,2/22/20,0,0,0
,France,-20.9043,165.618,2/22/20,0,0,0
,United Kingdom,32.3078,-64.7505,2/22/20,0,0,0
,Chad,15.4542,18.7322,2/22/20,0,0,0
,El Salvador,13.7942,-88.8965,2/22/20,0,0,0
,Fiji,-17.7134,178.065,2/22/20,0,0,0
,Nicaragua,12.8654,-85.2072,2/22/20,0,0,0
,Madagascar,-18.7669,46.8691,2/22/20,0,0,0
,Haiti,18.9712,-72.2852,2/22/20,0,0,0
,Angola,-11.2027,17.8739,2/22/20,0,0,0
,Cabo Verde,16.5388,-23.0418,2/22/20,0,0,0
,Netherlands,18.0425,-63.0548,2/22/20,0,0,0
,Niger,17.6078,8.0817,2/22/20,0,0,0
,Papua New Guinea,-6.315,143.9555,2/22/20,0,0,0
,United Kingdom,54.2361,-4.5481,2/22/20,0,0,0
,Zimbabwe,-20,30,2/22/20,0,0,0
,Canada,64.8255,-124.8457,2/22/20,0,0,0
,Cape Verde,15.1111,-23.6167,2/22/20,0,0,0
,East Timor,-8.55,125.56,2/22/20,0,0,0
,Eritrea,15.1794,39.7823,2/22/20,0,0,0
,Uganda,1,32,2/22/20,0,0,0
,Dominica,15.415,-61.371,2/22/20,0,0,0
,Grenada,12.1165,-61.679,2/22/20,0,0,0
,Mozambique,-18.6657,35.5296,2/22/20,0,0,0
,Syria,34.8021,38.9968,2/22/20,0,0,0
,Timor-Leste,-8.8742,125.7275,2/22/20,0,0,0
,Thailand,15,101,2/23/20,35,0,21
,Japan,36,138,2/23/20,147,1,22
,Singapore,1.2833,103.8333,2/23/20,89,0,51
,Nepal,28.1667,84.25,2/23/20,1,0,1
,Malaysia,2.5,112.5,2/23/20,22,0,15
,Canada,49.2827,-123.1207,2/23/20,6,0,0
,Australia,-33.8688,151.2093,2/23/20,4,0,4
,Australia,-37.8136,144.9631,2/23/20,4,0,4
,Australia,-28.0167,153.4,2/23/20,5,0,1
,Cambodia,11.55,104.9167,2/23/20,1,0,1
,Sri Lanka,7,81,2/23/20,1,0,1
,Germany,51,9,2/23/20,16,0,14
,Finland,64,26,2/23/20,1,0,1
,United Arab Emirates,24,54,2/23/20,13,0,4
,Philippines,13,122,2/23/20,3,1,1
,India,21,78,2/23/20,3,0,3
,Italy,43,12,2/23/20,155,3,2
,Sweden,63,16,2/23/20,1,0,0
,Spain,40,-4,2/23/20,2,0,2
,Australia,-34.9285,138.6007,2/23/20,2,0,2
,Belgium,50.8333,4,2/23/20,1,0,1
,Egypt,26,30,2/23/20,1,0,0
,Australia,35.4437,139.638,2/23/20,7,0,0
,Lebanon,33.8547,35.8623,2/23/20,1,0,0
,Iraq,33,44,2/23/20,0,0,0
,Oman,21,57,2/23/20,0,0,0
,Afghanistan,33,65,2/23/20,0,0,0
,Bahrain,26.0275,50.55,2/23/20,0,0,0
,Kuwait,29.5,47.75,2/23/20,0,0,0
,Algeria,28.0339,1.6596,2/23/20,0,0,0
,Croatia,45.1,15.2,2/23/20,0,0,0
,Switzerland,46.8182,8.2275,2/23/20,0,0,0
,Austria,47.5162,14.5501,2/23/20,0,0,0
,Israel,31,35,2/23/20,1,0,0
,Pakistan,30.3753,69.3451,2/23/20,0,0,0
,Brazil,-14.235,-51.9253,2/23/20,0,0,0
,Georgia,42.3154,43.3569,2/23/20,0,0,0
,Greece,39.0742,21.8243,2/23/20,0,0,0
,North Macedonia,41.6086,21.7453,2/23/20,0,0,0
,Norway,60.472,8.4689,2/23/20,0,0,0
,Romania,45.9432,24.9668,2/23/20,0,0,0
,Estonia,58.5953,25.0136,2/23/20,0,0,0
,San Marino,43.9424,12.4578,2/23/20,0,0,0
,Belarus,53.7098,27.9534,2/23/20,0,0,0
,Iceland,64.9631,-19.0208,2/23/20,0,0,0
,Lithuania,55.1694,23.8813,2/23/20,0,0,0
,Mexico,23.6345,-102.5528,2/23/20,0,0,0
,New Zealand,-40.9006,174.886,2/23/20,0,0,0
,Nigeria,9.082,8.6753,2/23/20,0,0,0
,Australia,-31.9505,115.8605,2/23/20,0,0,0
,Ireland,53.1424,-7.6921,2/23/20,0,0,0
,Luxembourg,49.8153,6.1296,2/23/20,0,0,0
,Monaco,43.7333,7.4167,2/23/20,0,0,0
,Qatar,25.3548,51.1839,2/23/20,0,0,0
,Ecuador,-1.8312,-78.1834,2/23/20,0,0,0
,Azerbaijan,40.1431,47.5769,2/23/20,0,0,0
,Armenia,40.0691,45.0382,2/23/20,0,0,0
,Dominican Republic,18.7357,-70.1627,2/23/20,0,0,0
,Indonesia,-0.7893,113.9213,2/23/20,0,0,0
,Portugal,39.3999,-8.2245,2/23/20,0,0,0
,Andorra,42.5063,1.5218,2/23/20,0,0,0
,Australia,-41.4545,145.9707,2/23/20,0,0,0
,Latvia,56.8796,24.6032,2/23/20,0,0,0
,Morocco,31.7917,-7.0926,2/23/20,0,0,0
,Saudi Arabia,24,45,2/23/20,0,0,0
,Senegal,14.4974,-14.4524,2/23/20,0,0,0
,Argentina,-38.4161,-63.6167,2/23/20,0,0,0
,Chile,-35.6751,-71.543,2/23/20,0,0,0
,Jordan,31.24,36.51,2/23/20,0,0,0
,Ukraine,48.3794,31.1656,2/23/20,0,0,0
,Hungary,47.1625,19.5033,2/23/20,0,0,0
,Australia,-12.4634,130.8456,2/23/20,0,0,0
,Liechtenstein,47.14,9.55,2/23/20,0,0,0
,Poland,51.9194,19.1451,2/23/20,0,0,0
,Tunisia,34,9,2/23/20,0,0,0
,Bosnia and Herzegovina,43.9159,17.6791,2/23/20,0,0,0
,Slovenia,46.1512,14.9955,2/23/20,0,0,0
,South Africa,-30.5595,22.9375,2/23/20,0,0,0
,Bhutan,27.5142,90.4336,2/23/20,0,0,0
,Cameroon,3.848,11.5021,2/23/20,0,0,0
,Colombia,4.5709,-74.2973,2/23/20,0,0,0
,Costa Rica,9.7489,-83.7534,2/23/20,0,0,0
,Peru,-9.19,-75.0152,2/23/20,0,0,0
,Serbia,44.0165,21.0059,2/23/20,0,0,0
,Slovakia,48.669,19.699,2/23/20,0,0,0
,Togo,8.6195,0.8248,2/23/20,0,0,0
,Malta,35.9375,14.3754,2/23/20,0,0,0
,Martinique,14.6415,-61.0242,2/23/20,0,0,0
,Bulgaria,42.7339,25.4858,2/23/20,0,0,0
,Maldives,3.2028,73.2207,2/23/20,0,0,0
,Bangladesh,23.685,90.3563,2/23/20,0,0,0
,Paraguay,-23.4425,-58.4438,2/23/20,0,0,0
,Canada,51.2538,-85.3232,2/23/20,3,0,3
,Canada,53.9333,-116.5765,2/23/20,0,0,0
,Canada,52.9399,-73.5491,2/23/20,0,0,0
,Albania,41.1533,20.1683,2/23/20,0,0,0
,Cyprus,35.1264,33.4299,2/23/20,0,0,0
,Brunei,4.5353,114.7277,2/23/20,0,0,0
,US,47.4009,-121.4905,2/23/20,0,0,0
,US,42.1657,-74.9481,2/23/20,0,0,0
,US,36.1162,-119.6816,2/23/20,0,0,0
,US,42.2302,-71.5301,2/23/20,0,0,0
,US,35.4437,139.638,2/23/20,0,0,0
,US,37.6489,-122.6655,2/23/20,0,0,0
,US,33.0406,-83.6431,2/23/20,0,0,0
,US,39.0598,-105.3111,2/23/20,0,0,0
,US,27.7663,-81.6868,2/23/20,0,0,0
,US,40.2989,-74.521,2/23/20,0,0,0
,US,44.572,-122.0709,2/23/20,0,0,0
,US,31.0545,-97.5635,2/23/20,0,0,0
,US,40.3495,-88.9861,2/23/20,0,0,0
,US,40.5908,-77.2098,2/23/20,0,0,0
,US,42.0115,-93.2105,2/23/20,0,0,0
,US,39.0639,-76.8021,2/23/20,0,0,0
,US,35.6301,-79.8064,2/23/20,0,0,0
,US,33.8569,-80.945,2/23/20,0,0,0
,US,35.7478,-86.6923,2/23/20,0,0,0
,US,37.7693,-78.17,2/23/20,0,0,0
,US,33.7298,-111.4312,2/23/20,0,0,0
,US,39.8494,-86.2583,2/23/20,0,0,0
,US,37.6681,-84.6701,2/23/20,0,0,0
,US,38.8974,-77.0268,2/23/20,0,0,0
,US,38.3135,-117.0554,2/23/20,0,0,0
,US,43.4525,-71.5639,2/23/20,0,0,0
,US,45.6945,-93.9002,2/23/20,0,0,0
,US,41.1254,-98.2681,2/23/20,0,0,0
,US,40.3888,-82.7649,2/23/20,0,0,0
,US,41.6809,-71.5118,2/23/20,0,0,0
,US,44.2685,-89.6165,2/23/20,0,0,0
,US,41.5978,-72.7554,2/23/20,0,0,0
,US,21.0943,-157.4983,2/23/20,0,0,0
,US,35.5653,-96.9289,2/23/20,0,0,0
,US,40.15,-111.8624,2/23/20,0,0,0
,Burkina Faso,12.2383,-1.5616,2/23/20,0,0,0
,Holy See,41.9029,12.4534,2/23/20,0,0,0
,Mongolia,46.8625,103.8467,2/23/20,0,0,0
,Panama,8.538,-80.7821,2/23/20,0,0,0
,US,38.5266,-96.7265,2/23/20,0,0,0
,US,31.1695,-91.8678,2/23/20,0,0,0
,US,38.4561,-92.2884,2/23/20,0,0,0
,US,44.0459,-72.7107,2/23/20,0,0,0
,US,61.3707,-152.4044,2/23/20,0,0,0
,US,34.9697,-92.3731,2/23/20,0,0,0
,US,39.3185,-75.5071,2/23/20,0,0,0
,US,44.2405,-114.4788,2/23/20,0,0,0
,US,44.6939,-69.3819,2/23/20,0,0,0
,US,43.3266,-84.5361,2/23/20,0,0,0
,US,32.7416,-89.6787,2/23/20,0,0,0
,US,46.9219,-110.4544,2/23/20,0,0,0
,US,34.8405,-106.2485,2/23/20,0,0,0
,US,47.5289,-99.784,2/23/20,0,0,0
,US,44.2998,-99.4388,2/23/20,0,0,0
,US,38.4912,-80.9545,2/23/20,0,0,0
,US,42.756,-107.3025,2/23/20,0,0,0
,Iran,32,53,2/23/20,43,8,0
,South Korea,36,128,2/23/20,602,6,18
,France,46.2276,2.2137,2/23/20,12,1,4
,Cruise Ship,35.4437,139.638,2/23/20,691,3,0
,Denmark,56.2639,9.5018,2/23/20,0,0,0
,Czechia,49.8175,15.473,2/23/20,0,0,0
,Taiwan*,23.7,121,2/23/20,28,1,2
,Vietnam,16,108,2/23/20,16,0,14
,Russia,60,90,2/23/20,2,0,2
,Moldova,47.4116,28.3699,2/23/20,0,0,0
,Bolivia,-16.2902,-63.5887,2/23/20,0,0,0
,Denmark,61.8926,-6.9118,2/23/20,0,0,0
,France,18.0708,-63.0501,2/23/20,0,0,0
,Honduras,15.2,-86.2419,2/23/20,0,0,0
,United Kingdom,49.3723,-2.3644,2/23/20,0,0,0
,Canada,46.5653,-66.4619,2/23/20,0,0,0
,Congo (Kinshasa),-4.0383,21.7587,2/23/20,0,0,0
,Cote d'Ivoire,7.54,-5.5471,2/23/20,0,0,0
,France,17.9,-62.8333,2/23/20,0,0,0
,Jamaica,18.1096,-77.2975,2/23/20,0,0,0
,Turkey,38.9637,35.2433,2/23/20,0,0,0
,United Kingdom,36.1408,-5.3536,2/23/20,0,0,0
,Cuba,22,-80,2/23/20,0,0,0
,Guyana,5,-58.75,2/23/20,0,0,0
,Australia,-35.4735,149.0124,2/23/20,0,0,0
,United Kingdom,55.3781,-3.436,2/23/20,9,0,8
,Kazakhstan,48.0196,66.9237,2/23/20,0,0,0
,France,-17.6797,149.4068,2/23/20,0,0,0
,Canada,53.7609,-98.8139,2/23/20,0,0,0
,Canada,52.9399,-106.4509,2/23/20,0,0,0
,Ethiopia,9.145,40.4897,2/23/20,0,0,0
,Sudan,12.8628,30.2176,2/23/20,0,0,0
,Guinea,9.9456,-9.6966,2/23/20,0,0,0
,Canada,37.6489,-122.6655,2/23/20,0,0,0
,Kenya,-0.0236,37.9062,2/23/20,0,0,0
,Antigua and Barbuda,17.0608,-61.7964,2/23/20,0,0,0
,US,32.3182,-86.9023,2/23/20,0,0,0
,Uruguay,-32.5228,-55.7658,2/23/20,0,0,0
,Ghana,7.9465,-1.0232,2/23/20,0,0,0
,US,18.2208,-66.5901,2/23/20,0,0,0
,Namibia,-22.9576,18.4904,2/23/20,0,0,0
,Seychelles,-4.6796,55.492,2/23/20,0,0,0
,Trinidad and Tobago,10.6918,-61.2225,2/23/20,0,0,0
,Venezuela,6.4238,-66.5897,2/23/20,0,0,0
,Eswatini,-26.5225,31.4659,2/23/20,0,0,0
,Gabon,-0.8037,11.6094,2/23/20,0,0,0
,Guatemala,15.7835,-90.2308,2/23/20,0,0,0
,Mauritania,21.0079,10.9408,2/23/20,0,0,0
,Rwanda,-1.9403,29.8739,2/23/20,0,0,0
,Saint Lucia,13.9094,-60.9789,2/23/20,0,0,0
,Saint Vincent and the Grenadines,12.9843,-61.2872,2/23/20,0,0,0
,Suriname,3.9193,-56.0278,2/23/20,0,0,0
,France,3.9339,-53.1258,2/23/20,0,0,0
,US,13.4443,144.7937,2/23/20,0,0,0
,Kosovo,42.6026,20.903,2/23/20,0,0,0
,Canada,53.1355,-57.6604,2/23/20,0,0,0
,Canada,46.5107,-63.4168,2/23/20,0,0,0
,Central African Republic,6.6111,20.9394,2/23/20,0,0,0
,Congo (Brazzaville),-4.0383,21.7587,2/23/20,0,0,0
,Equatorial Guinea,1.5,10,2/23/20,0,0,0
,France,-12.8275,45.1662,2/23/20,0,0,0
,Uzbekistan,41.3775,64.5853,2/23/20,0,0,0
,Netherlands,52.1326,5.2913,2/23/20,0,0,0
,Canada,44.682,-63.7443,2/23/20,0,0,0
,France,16.25,-61.5833,2/23/20,0,0,0
,Benin,9.3077,2.3158,2/23/20,0,0,0
,Liberia,6.4281,-9.4295,2/23/20,0,0,0
,Netherlands,12.1696,-68.99,2/23/20,0,0,0
,Somalia,5.1521,46.1996,2/23/20,0,0,0
,Tanzania,-6.369,34.8888,2/23/20,0,0,0
,US,18.3358,-64.8963,2/23/20,0,0,0
,United Kingdom,19.3133,-81.2546,2/23/20,0,0,0
,France,-21.1351,55.2471,2/23/20,0,0,0
,Barbados,13.1939,-59.5432,2/23/20,0,0,0
,Montenegro,42.5,19.3,2/23/20,0,0,0
,Kyrgyzstan,41.2044,74.7661,2/23/20,0,0,0
,Mauritius,-20.2,57.5,2/23/20,0,0,0
,Netherlands,12.5186,-70.0358,2/23/20,0,0,0
,Zambia,-15.4167,28.2833,2/23/20,0,0,0
,Djibouti,11.8251,42.5903,2/23/20,0,0,0
,"Gambia, The",13.4432,-15.3101,2/23/20,0,0,0
,United Kingdom,16.7425,-62.1874,2/23/20,0,0,0
,"Bahamas, The",25.0343,-77.3963,2/23/20,0,0,0
,Denmark,71.7069,-42.6043,2/23/20,0,0,0
,France,-20.9043,165.618,2/23/20,0,0,0
,United Kingdom,32.3078,-64.7505,2/23/20,0,0,0
,Chad,15.4542,18.7322,2/23/20,0,0,0
,El Salvador,13.7942,-88.8965,2/23/20,0,0,0
,Fiji,-17.7134,178.065,2/23/20,0,0,0
,Nicaragua,12.8654,-85.2072,2/23/20,0,0,0
,Madagascar,-18.7669,46.8691,2/23/20,0,0,0
,Haiti,18.9712,-72.2852,2/23/20,0,0,0
,Angola,-11.2027,17.8739,2/23/20,0,0,0
,Cabo Verde,16.5388,-23.0418,2/23/20,0,0,0
,Netherlands,18.0425,-63.0548,2/23/20,0,0,0
,Niger,17.6078,8.0817,2/23/20,0,0,0
,Papua New Guinea,-6.315,143.9555,2/23/20,0,0,0
,United Kingdom,54.2361,-4.5481,2/23/20,0,0,0
,Zimbabwe,-20,30,2/23/20,0,0,0
,Canada,64.8255,-124.8457,2/23/20,0,0,0
,Cape Verde,15.1111,-23.6167,2/23/20,0,0,0
,East Timor,-8.55,125.56,2/23/20,0,0,0
,Eritrea,15.1794,39.7823,2/23/20,0,0,0
,Uganda,1,32,2/23/20,0,0,0
,Dominica,15.415,-61.371,2/23/20,0,0,0
,Grenada,12.1165,-61.679,2/23/20,0,0,0
,Mozambique,-18.6657,35.5296,2/23/20,0,0,0
,Syria,34.8021,38.9968,2/23/20,0,0,0
,Timor-Leste,-8.8742,125.7275,2/23/20,0,0,0
,Thailand,15,101,2/24/20,35,0,21
,Japan,36,138,2/24/20,159,1,22
,Singapore,1.2833,103.8333,2/24/20,89,0,51
,Nepal,28.1667,84.25,2/24/20,1,0,1
,Malaysia,2.5,112.5,2/24/20,22,0,18
,Canada,49.2827,-123.1207,2/24/20,6,0,0
,Australia,-33.8688,151.2093,2/24/20,4,0,4
,Australia,-37.8136,144.9631,2/24/20,4,0,4
,Australia,-28.0167,153.4,2/24/20,5,0,1
,Cambodia,11.55,104.9167,2/24/20,1,0,1
,Sri Lanka,7,81,2/24/20,1,0,1
,Germany,51,9,2/24/20,16,0,14
,Finland,64,26,2/24/20,1,0,1
,United Arab Emirates,24,54,2/24/20,13,0,4
,Philippines,13,122,2/24/20,3,1,1
,India,21,78,2/24/20,3,0,3
,Italy,43,12,2/24/20,229,7,1
,Sweden,63,16,2/24/20,1,0,0
,Spain,40,-4,2/24/20,2,0,2
,Australia,-34.9285,138.6007,2/24/20,2,0,2
,Belgium,50.8333,4,2/24/20,1,0,1
,Egypt,26,30,2/24/20,1,0,0
,Australia,35.4437,139.638,2/24/20,7,0,0
,Lebanon,33.8547,35.8623,2/24/20,1,0,0
,Iraq,33,44,2/24/20,1,0,0
,Oman,21,57,2/24/20,2,0,0
,Afghanistan,33,65,2/24/20,1,0,0
,Bahrain,26.0275,50.55,2/24/20,1,0,0
,Kuwait,29.5,47.75,2/24/20,1,0,0
,Algeria,28.0339,1.6596,2/24/20,0,0,0
,Croatia,45.1,15.2,2/24/20,0,0,0
,Switzerland,46.8182,8.2275,2/24/20,0,0,0
,Austria,47.5162,14.5501,2/24/20,0,0,0
,Israel,31,35,2/24/20,1,0,0
,Pakistan,30.3753,69.3451,2/24/20,0,0,0
,Brazil,-14.235,-51.9253,2/24/20,0,0,0
,Georgia,42.3154,43.3569,2/24/20,0,0,0
,Greece,39.0742,21.8243,2/24/20,0,0,0
,North Macedonia,41.6086,21.7453,2/24/20,0,0,0
,Norway,60.472,8.4689,2/24/20,0,0,0
,Romania,45.9432,24.9668,2/24/20,0,0,0
,Estonia,58.5953,25.0136,2/24/20,0,0,0
,San Marino,43.9424,12.4578,2/24/20,0,0,0
,Belarus,53.7098,27.9534,2/24/20,0,0,0
,Iceland,64.9631,-19.0208,2/24/20,0,0,0
,Lithuania,55.1694,23.8813,2/24/20,0,0,0
,Mexico,23.6345,-102.5528,2/24/20,0,0,0
,New Zealand,-40.9006,174.886,2/24/20,0,0,0
,Nigeria,9.082,8.6753,2/24/20,0,0,0
,Australia,-31.9505,115.8605,2/24/20,0,0,0
,Ireland,53.1424,-7.6921,2/24/20,0,0,0
,Luxembourg,49.8153,6.1296,2/24/20,0,0,0
,Monaco,43.7333,7.4167,2/24/20,0,0,0
,Qatar,25.3548,51.1839,2/24/20,0,0,0
,Ecuador,-1.8312,-78.1834,2/24/20,0,0,0
,Azerbaijan,40.1431,47.5769,2/24/20,0,0,0
,Armenia,40.0691,45.0382,2/24/20,0,0,0
,Dominican Republic,18.7357,-70.1627,2/24/20,0,0,0
,Indonesia,-0.7893,113.9213,2/24/20,0,0,0
,Portugal,39.3999,-8.2245,2/24/20,0,0,0
,Andorra,42.5063,1.5218,2/24/20,0,0,0
,Australia,-41.4545,145.9707,2/24/20,0,0,0
,Latvia,56.8796,24.6032,2/24/20,0,0,0
,Morocco,31.7917,-7.0926,2/24/20,0,0,0
,Saudi Arabia,24,45,2/24/20,0,0,0
,Senegal,14.4974,-14.4524,2/24/20,0,0,0
,Argentina,-38.4161,-63.6167,2/24/20,0,0,0
,Chile,-35.6751,-71.543,2/24/20,0,0,0
,Jordan,31.24,36.51,2/24/20,0,0,0
,Ukraine,48.3794,31.1656,2/24/20,0,0,0
,Hungary,47.1625,19.5033,2/24/20,0,0,0
,Australia,-12.4634,130.8456,2/24/20,0,0,0
,Liechtenstein,47.14,9.55,2/24/20,0,0,0
,Poland,51.9194,19.1451,2/24/20,0,0,0
,Tunisia,34,9,2/24/20,0,0,0
,Bosnia and Herzegovina,43.9159,17.6791,2/24/20,0,0,0
,Slovenia,46.1512,14.9955,2/24/20,0,0,0
,South Africa,-30.5595,22.9375,2/24/20,0,0,0
,Bhutan,27.5142,90.4336,2/24/20,0,0,0
,Cameroon,3.848,11.5021,2/24/20,0,0,0
,Colombia,4.5709,-74.2973,2/24/20,0,0,0
,Costa Rica,9.7489,-83.7534,2/24/20,0,0,0
,Peru,-9.19,-75.0152,2/24/20,0,0,0
,Serbia,44.0165,21.0059,2/24/20,0,0,0
,Slovakia,48.669,19.699,2/24/20,0,0,0
,Togo,8.6195,0.8248,2/24/20,0,0,0
,Malta,35.9375,14.3754,2/24/20,0,0,0
,Martinique,14.6415,-61.0242,2/24/20,0,0,0
,Bulgaria,42.7339,25.4858,2/24/20,0,0,0
,Maldives,3.2028,73.2207,2/24/20,0,0,0
,Bangladesh,23.685,90.3563,2/24/20,0,0,0
,Paraguay,-23.4425,-58.4438,2/24/20,0,0,0
,Canada,51.2538,-85.3232,2/24/20,4,0,3
,Canada,53.9333,-116.5765,2/24/20,0,0,0
,Canada,52.9399,-73.5491,2/24/20,0,0,0
,Albania,41.1533,20.1683,2/24/20,0,0,0
,Cyprus,35.1264,33.4299,2/24/20,0,0,0
,Brunei,4.5353,114.7277,2/24/20,0,0,0
,US,47.4009,-121.4905,2/24/20,0,0,0
,US,42.1657,-74.9481,2/24/20,0,0,0
,US,36.1162,-119.6816,2/24/20,0,0,0
,US,42.2302,-71.5301,2/24/20,0,0,0
,US,35.4437,139.638,2/24/20,36,0,0
,US,37.6489,-122.6655,2/24/20,0,0,0
,US,33.0406,-83.6431,2/24/20,0,0,0
,US,39.0598,-105.3111,2/24/20,0,0,0
,US,27.7663,-81.6868,2/24/20,0,0,0
,US,40.2989,-74.521,2/24/20,0,0,0
,US,44.572,-122.0709,2/24/20,0,0,0
,US,31.0545,-97.5635,2/24/20,0,0,0
,US,40.3495,-88.9861,2/24/20,0,0,0
,US,40.5908,-77.2098,2/24/20,0,0,0
,US,42.0115,-93.2105,2/24/20,0,0,0
,US,39.0639,-76.8021,2/24/20,0,0,0
,US,35.6301,-79.8064,2/24/20,0,0,0
,US,33.8569,-80.945,2/24/20,0,0,0
,US,35.7478,-86.6923,2/24/20,0,0,0
,US,37.7693,-78.17,2/24/20,0,0,0
,US,33.7298,-111.4312,2/24/20,0,0,0
,US,39.8494,-86.2583,2/24/20,0,0,0
,US,37.6681,-84.6701,2/24/20,0,0,0
,US,38.8974,-77.0268,2/24/20,0,0,0
,US,38.3135,-117.0554,2/24/20,0,0,0
,US,43.4525,-71.5639,2/24/20,0,0,0
,US,45.6945,-93.9002,2/24/20,0,0,0
,US,41.1254,-98.2681,2/24/20,0,0,0
,US,40.3888,-82.7649,2/24/20,0,0,0
,US,41.6809,-71.5118,2/24/20,0,0,0
,US,44.2685,-89.6165,2/24/20,0,0,0
,US,41.5978,-72.7554,2/24/20,0,0,0
,US,21.0943,-157.4983,2/24/20,0,0,0
,US,35.5653,-96.9289,2/24/20,0,0,0
,US,40.15,-111.8624,2/24/20,0,0,0
,Burkina Faso,12.2383,-1.5616,2/24/20,0,0,0
,Holy See,41.9029,12.4534,2/24/20,0,0,0
,Mongolia,46.8625,103.8467,2/24/20,0,0,0
,Panama,8.538,-80.7821,2/24/20,0,0,0
,US,38.5266,-96.7265,2/24/20,0,0,0
,US,31.1695,-91.8678,2/24/20,0,0,0
,US,38.4561,-92.2884,2/24/20,0,0,0
,US,44.0459,-72.7107,2/24/20,0,0,0
,US,61.3707,-152.4044,2/24/20,0,0,0
,US,34.9697,-92.3731,2/24/20,0,0,0
,US,39.3185,-75.5071,2/24/20,0,0,0
,US,44.2405,-114.4788,2/24/20,0,0,0
,US,44.6939,-69.3819,2/24/20,0,0,0
,US,43.3266,-84.5361,2/24/20,0,0,0
,US,32.7416,-89.6787,2/24/20,0,0,0
,US,46.9219,-110.4544,2/24/20,0,0,0
,US,34.8405,-106.2485,2/24/20,0,0,0
,US,47.5289,-99.784,2/24/20,0,0,0
,US,44.2998,-99.4388,2/24/20,0,0,0
,US,38.4912,-80.9545,2/24/20,0,0,0
,US,42.756,-107.3025,2/24/20,0,0,0
,Iran,32,53,2/24/20,61,12,0
,South Korea,36,128,2/24/20,833,8,18
,France,46.2276,2.2137,2/24/20,12,1,4
,Cruise Ship,35.4437,139.638,2/24/20,691,3,0
,Denmark,56.2639,9.5018,2/24/20,0,0,0
,Czechia,49.8175,15.473,2/24/20,0,0,0
,Taiwan*,23.7,121,2/24/20,30,1,5
,Vietnam,16,108,2/24/20,16,0,14
,Russia,60,90,2/24/20,2,0,2
,Moldova,47.4116,28.3699,2/24/20,0,0,0
,Bolivia,-16.2902,-63.5887,2/24/20,0,0,0
,Denmark,61.8926,-6.9118,2/24/20,0,0,0
,France,18.0708,-63.0501,2/24/20,0,0,0
,Honduras,15.2,-86.2419,2/24/20,0,0,0
,United Kingdom,49.3723,-2.3644,2/24/20,0,0,0
,Canada,46.5653,-66.4619,2/24/20,0,0,0
,Congo (Kinshasa),-4.0383,21.7587,2/24/20,0,0,0
,Cote d'Ivoire,7.54,-5.5471,2/24/20,0,0,0
,France,17.9,-62.8333,2/24/20,0,0,0
,Jamaica,18.1096,-77.2975,2/24/20,0,0,0
,Turkey,38.9637,35.2433,2/24/20,0,0,0
,United Kingdom,36.1408,-5.3536,2/24/20,0,0,0
,Cuba,22,-80,2/24/20,0,0,0
,Guyana,5,-58.75,2/24/20,0,0,0
,Australia,-35.4735,149.0124,2/24/20,0,0,0
,United Kingdom,55.3781,-3.436,2/24/20,13,0,8
,Kazakhstan,48.0196,66.9237,2/24/20,0,0,0
,France,-17.6797,149.4068,2/24/20,0,0,0
,Canada,53.7609,-98.8139,2/24/20,0,0,0
,Canada,52.9399,-106.4509,2/24/20,0,0,0
,Ethiopia,9.145,40.4897,2/24/20,0,0,0
,Sudan,12.8628,30.2176,2/24/20,0,0,0
,Guinea,9.9456,-9.6966,2/24/20,0,0,0
,Canada,37.6489,-122.6655,2/24/20,0,0,0
,Kenya,-0.0236,37.9062,2/24/20,0,0,0
,Antigua and Barbuda,17.0608,-61.7964,2/24/20,0,0,0
,US,32.3182,-86.9023,2/24/20,0,0,0
,Uruguay,-32.5228,-55.7658,2/24/20,0,0,0
,Ghana,7.9465,-1.0232,2/24/20,0,0,0
,US,18.2208,-66.5901,2/24/20,0,0,0
,Namibia,-22.9576,18.4904,2/24/20,0,0,0
,Seychelles,-4.6796,55.492,2/24/20,0,0,0
,Trinidad and Tobago,10.6918,-61.2225,2/24/20,0,0,0
,Venezuela,6.4238,-66.5897,2/24/20,0,0,0
,Eswatini,-26.5225,31.4659,2/24/20,0,0,0
,Gabon,-0.8037,11.6094,2/24/20,0,0,0
,Guatemala,15.7835,-90.2308,2/24/20,0,0,0
,Mauritania,21.0079,10.9408,2/24/20,0,0,0
,Rwanda,-1.9403,29.8739,2/24/20,0,0,0
,Saint Lucia,13.9094,-60.9789,2/24/20,0,0,0
,Saint Vincent and the Grenadines,12.9843,-61.2872,2/24/20,0,0,0
,Suriname,3.9193,-56.0278,2/24/20,0,0,0
,France,3.9339,-53.1258,2/24/20,0,0,0
,US,13.4443,144.7937,2/24/20,0,0,0
,Kosovo,42.6026,20.903,2/24/20,0,0,0
,Canada,53.1355,-57.6604,2/24/20,0,0,0
,Canada,46.5107,-63.4168,2/24/20,0,0,0
,Central African Republic,6.6111,20.9394,2/24/20,0,0,0
,Congo (Brazzaville),-4.0383,21.7587,2/24/20,0,0,0
,Equatorial Guinea,1.5,10,2/24/20,0,0,0
,France,-12.8275,45.1662,2/24/20,0,0,0
,Uzbekistan,41.3775,64.5853,2/24/20,0,0,0
,Netherlands,52.1326,5.2913,2/24/20,0,0,0
,Canada,44.682,-63.7443,2/24/20,0,0,0
,France,16.25,-61.5833,2/24/20,0,0,0
,Benin,9.3077,2.3158,2/24/20,0,0,0
,Liberia,6.4281,-9.4295,2/24/20,0,0,0
,Netherlands,12.1696,-68.99,2/24/20,0,0,0
,Somalia,5.1521,46.1996,2/24/20,0,0,0
,Tanzania,-6.369,34.8888,2/24/20,0,0,0
,US,18.3358,-64.8963,2/24/20,0,0,0
,United Kingdom,19.3133,-81.2546,2/24/20,0,0,0
,France,-21.1351,55.2471,2/24/20,0,0,0
,Barbados,13.1939,-59.5432,2/24/20,0,0,0
,Montenegro,42.5,19.3,2/24/20,0,0,0
,Kyrgyzstan,41.2044,74.7661,2/24/20,0,0,0
,Mauritius,-20.2,57.5,2/24/20,0,0,0
,Netherlands,12.5186,-70.0358,2/24/20,0,0,0
,Zambia,-15.4167,28.2833,2/24/20,0,0,0
,Djibouti,11.8251,42.5903,2/24/20,0,0,0
,"Gambia, The",13.4432,-15.3101,2/24/20,0,0,0
,United Kingdom,16.7425,-62.1874,2/24/20,0,0,0
,"Bahamas, The",25.0343,-77.3963,2/24/20,0,0,0
,Denmark,71.7069,-42.6043,2/24/20,0,0,0
,France,-20.9043,165.618,2/24/20,0,0,0
,United Kingdom,32.3078,-64.7505,2/24/20,0,0,0
,Chad,15.4542,18.7322,2/24/20,0,0,0
,El Salvador,13.7942,-88.8965,2/24/20,0,0,0
,Fiji,-17.7134,178.065,2/24/20,0,0,0
,Nicaragua,12.8654,-85.2072,2/24/20,0,0,0
,Madagascar,-18.7669,46.8691,2/24/20,0,0,0
,Haiti,18.9712,-72.2852,2/24/20,0,0,0
,Angola,-11.2027,17.8739,2/24/20,0,0,0
,Cabo Verde,16.5388,-23.0418,2/24/20,0,0,0
,Netherlands,18.0425,-63.0548,2/24/20,0,0,0
,Niger,17.6078,8.0817,2/24/20,0,0,0
,Papua New Guinea,-6.315,143.9555,2/24/20,0,0,0
,United Kingdom,54.2361,-4.5481,2/24/20,0,0,0
,Zimbabwe,-20,30,2/24/20,0,0,0
,Canada,64.8255,-124.8457,2/24/20,0,0,0
,Cape Verde,15.1111,-23.6167,2/24/20,0,0,0
,East Timor,-8.55,125.56,2/24/20,0,0,0
,Eritrea,15.1794,39.7823,2/24/20,0,0,0
,Uganda,1,32,2/24/20,0,0,0
,Dominica,15.415,-61.371,2/24/20,0,0,0
,Grenada,12.1165,-61.679,2/24/20,0,0,0
,Mozambique,-18.6657,35.5296,2/24/20,0,0,0
,Syria,34.8021,38.9968,2/24/20,0,0,0
,Timor-Leste,-8.8742,125.7275,2/24/20,0,0,0
,Thailand,15,101,2/25/20,37,0,22
,Japan,36,138,2/25/20,170,1,22
,Singapore,1.2833,103.8333,2/25/20,91,0,53
,Nepal,28.1667,84.25,2/25/20,1,0,1
,Malaysia,2.5,112.5,2/25/20,22,0,18
,Canada,49.2827,-123.1207,2/25/20,7,0,0
,Australia,-33.8688,151.2093,2/25/20,4,0,4
,Australia,-37.8136,144.9631,2/25/20,4,0,4
,Australia,-28.0167,153.4,2/25/20,5,0,1
,Cambodia,11.55,104.9167,2/25/20,1,0,1
,Sri Lanka,7,81,2/25/20,1,0,1
,Germany,51,9,2/25/20,17,0,14
,Finland,64,26,2/25/20,1,0,1
,United Arab Emirates,24,54,2/25/20,13,0,4
,Philippines,13,122,2/25/20,3,1,1
,India,21,78,2/25/20,3,0,3
,Italy,43,12,2/25/20,322,10,1
,Sweden,63,16,2/25/20,1,0,0
,Spain,40,-4,2/25/20,6,0,2
,Australia,-34.9285,138.6007,2/25/20,2,0,2
,Belgium,50.8333,4,2/25/20,1,0,1
,Egypt,26,30,2/25/20,1,0,0
,Australia,35.4437,139.638,2/25/20,7,0,0
,Lebanon,33.8547,35.8623,2/25/20,1,0,0
,Iraq,33,44,2/25/20,1,0,0
,Oman,21,57,2/25/20,2,0,0
,Afghanistan,33,65,2/25/20,1,0,0
,Bahrain,26.0275,50.55,2/25/20,23,0,0
,Kuwait,29.5,47.75,2/25/20,11,0,0
,Algeria,28.0339,1.6596,2/25/20,1,0,0
,Croatia,45.1,15.2,2/25/20,1,0,0
,Switzerland,46.8182,8.2275,2/25/20,1,0,0
,Austria,47.5162,14.5501,2/25/20,2,0,0
,Israel,31,35,2/25/20,1,0,0
,Pakistan,30.3753,69.3451,2/25/20,0,0,0
,Brazil,-14.235,-51.9253,2/25/20,0,0,0
,Georgia,42.3154,43.3569,2/25/20,0,0,0
,Greece,39.0742,21.8243,2/25/20,0,0,0
,North Macedonia,41.6086,21.7453,2/25/20,0,0,0
,Norway,60.472,8.4689,2/25/20,0,0,0
,Romania,45.9432,24.9668,2/25/20,0,0,0
,Estonia,58.5953,25.0136,2/25/20,0,0,0
,San Marino,43.9424,12.4578,2/25/20,0,0,0
,Belarus,53.7098,27.9534,2/25/20,0,0,0
,Iceland,64.9631,-19.0208,2/25/20,0,0,0
,Lithuania,55.1694,23.8813,2/25/20,0,0,0
,Mexico,23.6345,-102.5528,2/25/20,0,0,0
,New Zealand,-40.9006,174.886,2/25/20,0,0,0
,Nigeria,9.082,8.6753,2/25/20,0,0,0
,Australia,-31.9505,115.8605,2/25/20,0,0,0
,Ireland,53.1424,-7.6921,2/25/20,0,0,0
,Luxembourg,49.8153,6.1296,2/25/20,0,0,0
,Monaco,43.7333,7.4167,2/25/20,0,0,0
,Qatar,25.3548,51.1839,2/25/20,0,0,0
,Ecuador,-1.8312,-78.1834,2/25/20,0,0,0
,Azerbaijan,40.1431,47.5769,2/25/20,0,0,0
,Armenia,40.0691,45.0382,2/25/20,0,0,0
,Dominican Republic,18.7357,-70.1627,2/25/20,0,0,0
,Indonesia,-0.7893,113.9213,2/25/20,0,0,0
,Portugal,39.3999,-8.2245,2/25/20,0,0,0
,Andorra,42.5063,1.5218,2/25/20,0,0,0
,Australia,-41.4545,145.9707,2/25/20,0,0,0
,Latvia,56.8796,24.6032,2/25/20,0,0,0
,Morocco,31.7917,-7.0926,2/25/20,0,0,0
,Saudi Arabia,24,45,2/25/20,0,0,0
,Senegal,14.4974,-14.4524,2/25/20,0,0,0
,Argentina,-38.4161,-63.6167,2/25/20,0,0,0
,Chile,-35.6751,-71.543,2/25/20,0,0,0
,Jordan,31.24,36.51,2/25/20,0,0,0
,Ukraine,48.3794,31.1656,2/25/20,0,0,0
,Hungary,47.1625,19.5033,2/25/20,0,0,0
,Australia,-12.4634,130.8456,2/25/20,0,0,0
,Liechtenstein,47.14,9.55,2/25/20,0,0,0
,Poland,51.9194,19.1451,2/25/20,0,0,0
,Tunisia,34,9,2/25/20,0,0,0
,Bosnia and Herzegovina,43.9159,17.6791,2/25/20,0,0,0
,Slovenia,46.1512,14.9955,2/25/20,0,0,0
,South Africa,-30.5595,22.9375,2/25/20,0,0,0
,Bhutan,27.5142,90.4336,2/25/20,0,0,0
,Cameroon,3.848,11.5021,2/25/20,0,0,0
,Colombia,4.5709,-74.2973,2/25/20,0,0,0
,Costa Rica,9.7489,-83.7534,2/25/20,0,0,0
,Peru,-9.19,-75.0152,2/25/20,0,0,0
,Serbia,44.0165,21.0059,2/25/20,0,0,0
,Slovakia,48.669,19.699,2/25/20,0,0,0
,Togo,8.6195,0.8248,2/25/20,0,0,0
,Malta,35.9375,14.3754,2/25/20,0,0,0
,Martinique,14.6415,-61.0242,2/25/20,0,0,0
,Bulgaria,42.7339,25.4858,2/25/20,0,0,0
,Maldives,3.2028,73.2207,2/25/20,0,0,0
,Bangladesh,23.685,90.3563,2/25/20,0,0,0
,Paraguay,-23.4425,-58.4438,2/25/20,0,0,0
,Canada,51.2538,-85.3232,2/25/20,4,0,3
,Canada,53.9333,-116.5765,2/25/20,0,0,0
,Canada,52.9399,-73.5491,2/25/20,0,0,0
,Albania,41.1533,20.1683,2/25/20,0,0,0
,Cyprus,35.1264,33.4299,2/25/20,0,0,0
,Brunei,4.5353,114.7277,2/25/20,0,0,0
,US,47.4009,-121.4905,2/25/20,0,0,0
,US,42.1657,-74.9481,2/25/20,0,0,0
,US,36.1162,-119.6816,2/25/20,0,0,0
,US,42.2302,-71.5301,2/25/20,0,0,0
,US,35.4437,139.638,2/25/20,36,0,0
,US,37.6489,-122.6655,2/25/20,0,0,0
,US,33.0406,-83.6431,2/25/20,0,0,0
,US,39.0598,-105.3111,2/25/20,0,0,0
,US,27.7663,-81.6868,2/25/20,0,0,0
,US,40.2989,-74.521,2/25/20,0,0,0
,US,44.572,-122.0709,2/25/20,0,0,0
,US,31.0545,-97.5635,2/25/20,0,0,0
,US,40.3495,-88.9861,2/25/20,0,0,0
,US,40.5908,-77.2098,2/25/20,0,0,0
,US,42.0115,-93.2105,2/25/20,0,0,0
,US,39.0639,-76.8021,2/25/20,0,0,0
,US,35.6301,-79.8064,2/25/20,0,0,0
,US,33.8569,-80.945,2/25/20,0,0,0
,US,35.7478,-86.6923,2/25/20,0,0,0
,US,37.7693,-78.17,2/25/20,0,0,0
,US,33.7298,-111.4312,2/25/20,0,0,0
,US,39.8494,-86.2583,2/25/20,0,0,0
,US,37.6681,-84.6701,2/25/20,0,0,0
,US,38.8974,-77.0268,2/25/20,0,0,0
,US,38.3135,-117.0554,2/25/20,0,0,0
,US,43.4525,-71.5639,2/25/20,0,0,0
,US,45.6945,-93.9002,2/25/20,0,0,0
,US,41.1254,-98.2681,2/25/20,0,0,0
,US,40.3888,-82.7649,2/25/20,0,0,0
,US,41.6809,-71.5118,2/25/20,0,0,0
,US,44.2685,-89.6165,2/25/20,0,0,0
,US,41.5978,-72.7554,2/25/20,0,0,0
,US,21.0943,-157.4983,2/25/20,0,0,0
,US,35.5653,-96.9289,2/25/20,0,0,0
,US,40.15,-111.8624,2/25/20,0,0,0
,Burkina Faso,12.2383,-1.5616,2/25/20,0,0,0
,Holy See,41.9029,12.4534,2/25/20,0,0,0
,Mongolia,46.8625,103.8467,2/25/20,0,0,0
,Panama,8.538,-80.7821,2/25/20,0,0,0
,US,38.5266,-96.7265,2/25/20,0,0,0
,US,31.1695,-91.8678,2/25/20,0,0,0
,US,38.4561,-92.2884,2/25/20,0,0,0
,US,44.0459,-72.7107,2/25/20,0,0,0
,US,61.3707,-152.4044,2/25/20,0,0,0
,US,34.9697,-92.3731,2/25/20,0,0,0
,US,39.3185,-75.5071,2/25/20,0,0,0
,US,44.2405,-114.4788,2/25/20,0,0,0
,US,44.6939,-69.3819,2/25/20,0,0,0
,US,43.3266,-84.5361,2/25/20,0,0,0
,US,32.7416,-89.6787,2/25/20,0,0,0
,US,46.9219,-110.4544,2/25/20,0,0,0
,US,34.8405,-106.2485,2/25/20,0,0,0
,US,47.5289,-99.784,2/25/20,0,0,0
,US,44.2998,-99.4388,2/25/20,0,0,0
,US,38.4912,-80.9545,2/25/20,0,0,0
,US,42.756,-107.3025,2/25/20,0,0,0
,Iran,32,53,2/25/20,95,16,0
,South Korea,36,128,2/25/20,977,10,22
,France,46.2276,2.2137,2/25/20,14,1,11
,Cruise Ship,35.4437,139.638,2/25/20,691,3,0
,Denmark,56.2639,9.5018,2/25/20,0,0,0
,Czechia,49.8175,15.473,2/25/20,0,0,0
,Taiwan*,23.7,121,2/25/20,31,1,5
,Vietnam,16,108,2/25/20,16,0,16
,Russia,60,90,2/25/20,2,0,2
,Moldova,47.4116,28.3699,2/25/20,0,0,0
,Bolivia,-16.2902,-63.5887,2/25/20,0,0,0
,Denmark,61.8926,-6.9118,2/25/20,0,0,0
,France,18.0708,-63.0501,2/25/20,0,0,0
,Honduras,15.2,-86.2419,2/25/20,0,0,0
,United Kingdom,49.3723,-2.3644,2/25/20,0,0,0
,Canada,46.5653,-66.4619,2/25/20,0,0,0
,Congo (Kinshasa),-4.0383,21.7587,2/25/20,0,0,0
,Cote d'Ivoire,7.54,-5.5471,2/25/20,0,0,0
,France,17.9,-62.8333,2/25/20,0,0,0
,Jamaica,18.1096,-77.2975,2/25/20,0,0,0
,Turkey,38.9637,35.2433,2/25/20,0,0,0
,United Kingdom,36.1408,-5.3536,2/25/20,0,0,0
,Cuba,22,-80,2/25/20,0,0,0
,Guyana,5,-58.75,2/25/20,0,0,0
,Australia,-35.4735,149.0124,2/25/20,0,0,0
,United Kingdom,55.3781,-3.436,2/25/20,13,0,8
,Kazakhstan,48.0196,66.9237,2/25/20,0,0,0
,France,-17.6797,149.4068,2/25/20,0,0,0
,Canada,53.7609,-98.8139,2/25/20,0,0,0
,Canada,52.9399,-106.4509,2/25/20,0,0,0
,Ethiopia,9.145,40.4897,2/25/20,0,0,0
,Sudan,12.8628,30.2176,2/25/20,0,0,0
,Guinea,9.9456,-9.6966,2/25/20,0,0,0
,Canada,37.6489,-122.6655,2/25/20,0,0,0
,Kenya,-0.0236,37.9062,2/25/20,0,0,0
,Antigua and Barbuda,17.0608,-61.7964,2/25/20,0,0,0
,US,32.3182,-86.9023,2/25/20,0,0,0
,Uruguay,-32.5228,-55.7658,2/25/20,0,0,0
,Ghana,7.9465,-1.0232,2/25/20,0,0,0
,US,18.2208,-66.5901,2/25/20,0,0,0
,Namibia,-22.9576,18.4904,2/25/20,0,0,0
,Seychelles,-4.6796,55.492,2/25/20,0,0,0
,Trinidad and Tobago,10.6918,-61.2225,2/25/20,0,0,0
,Venezuela,6.4238,-66.5897,2/25/20,0,0,0
,Eswatini,-26.5225,31.4659,2/25/20,0,0,0
,Gabon,-0.8037,11.6094,2/25/20,0,0,0
,Guatemala,15.7835,-90.2308,2/25/20,0,0,0
,Mauritania,21.0079,10.9408,2/25/20,0,0,0
,Rwanda,-1.9403,29.8739,2/25/20,0,0,0
,Saint Lucia,13.9094,-60.9789,2/25/20,0,0,0
,Saint Vincent and the Grenadines,12.9843,-61.2872,2/25/20,0,0,0
,Suriname,3.9193,-56.0278,2/25/20,0,0,0
,France,3.9339,-53.1258,2/25/20,0,0,0
,US,13.4443,144.7937,2/25/20,0,0,0
,Kosovo,42.6026,20.903,2/25/20,0,0,0
,Canada,53.1355,-57.6604,2/25/20,0,0,0
,Canada,46.5107,-63.4168,2/25/20,0,0,0
,Central African Republic,6.6111,20.9394,2/25/20,0,0,0
,Congo (Brazzaville),-4.0383,21.7587,2/25/20,0,0,0
,Equatorial Guinea,1.5,10,2/25/20,0,0,0
,France,-12.8275,45.1662,2/25/20,0,0,0
,Uzbekistan,41.3775,64.5853,2/25/20,0,0,0
,Netherlands,52.1326,5.2913,2/25/20,0,0,0
,Canada,44.682,-63.7443,2/25/20,0,0,0
,France,16.25,-61.5833,2/25/20,0,0,0
,Benin,9.3077,2.3158,2/25/20,0,0,0
,Liberia,6.4281,-9.4295,2/25/20,0,0,0
,Netherlands,12.1696,-68.99,2/25/20,0,0,0
,Somalia,5.1521,46.1996,2/25/20,0,0,0
,Tanzania,-6.369,34.8888,2/25/20,0,0,0
,US,18.3358,-64.8963,2/25/20,0,0,0
,United Kingdom,19.3133,-81.2546,2/25/20,0,0,0
,France,-21.1351,55.2471,2/25/20,0,0,0
,Barbados,13.1939,-59.5432,2/25/20,0,0,0
,Montenegro,42.5,19.3,2/25/20,0,0,0
,Kyrgyzstan,41.2044,74.7661,2/25/20,0,0,0
,Mauritius,-20.2,57.5,2/25/20,0,0,0
,Netherlands,12.5186,-70.0358,2/25/20,0,0,0
,Zambia,-15.4167,28.2833,2/25/20,0,0,0
,Djibouti,11.8251,42.5903,2/25/20,0,0,0
,"Gambia, The",13.4432,-15.3101,2/25/20,0,0,0
,United Kingdom,16.7425,-62.1874,2/25/20,0,0,0
,"Bahamas, The",25.0343,-77.3963,2/25/20,0,0,0
,Denmark,71.7069,-42.6043,2/25/20,0,0,0
,France,-20.9043,165.618,2/25/20,0,0,0
,United Kingdom,32.3078,-64.7505,2/25/20,0,0,0
,Chad,15.4542,18.7322,2/25/20,0,0,0
,El Salvador,13.7942,-88.8965,2/25/20,0,0,0
,Fiji,-17.7134,178.065,2/25/20,0,0,0
,Nicaragua,12.8654,-85.2072,2/25/20,0,0,0
,Madagascar,-18.7669,46.8691,2/25/20,0,0,0
,Haiti,18.9712,-72.2852,2/25/20,0,0,0
,Angola,-11.2027,17.8739,2/25/20,0,0,0
,Cabo Verde,16.5388,-23.0418,2/25/20,0,0,0
,Netherlands,18.0425,-63.0548,2/25/20,0,0,0
,Niger,17.6078,8.0817,2/25/20,0,0,0
,Papua New Guinea,-6.315,143.9555,2/25/20,0,0,0
,United Kingdom,54.2361,-4.5481,2/25/20,0,0,0
,Zimbabwe,-20,30,2/25/20,0,0,0
,Canada,64.8255,-124.8457,2/25/20,0,0,0
,Cape Verde,15.1111,-23.6167,2/25/20,0,0,0
,East Timor,-8.55,125.56,2/25/20,0,0,0
,Eritrea,15.1794,39.7823,2/25/20,0,0,0
,Uganda,1,32,2/25/20,0,0,0
,Dominica,15.415,-61.371,2/25/20,0,0,0
,Grenada,12.1165,-61.679,2/25/20,0,0,0
,Mozambique,-18.6657,35.5296,2/25/20,0,0,0
,Syria,34.8021,38.9968,2/25/20,0,0,0
,Timor-Leste,-8.8742,125.7275,2/25/20,0,0,0
,Thailand,15,101,2/26/20,40,0,22
,Japan,36,138,2/26/20,189,2,22
,Singapore,1.2833,103.8333,2/26/20,93,0,62
,Nepal,28.1667,84.25,2/26/20,1,0,1
,Malaysia,2.5,112.5,2/26/20,22,0,18
,Canada,49.2827,-123.1207,2/26/20,7,0,0
,Australia,-33.8688,151.2093,2/26/20,4,0,4
,Australia,-37.8136,144.9631,2/26/20,4,0,4
,Australia,-28.0167,153.4,2/26/20,5,0,1
,Cambodia,11.55,104.9167,2/26/20,1,0,1
,Sri Lanka,7,81,2/26/20,1,0,1
,Germany,51,9,2/26/20,27,0,15
,Finland,64,26,2/26/20,2,0,1
,United Arab Emirates,24,54,2/26/20,13,0,4
,Philippines,13,122,2/26/20,3,1,1
,India,21,78,2/26/20,3,0,3
,Italy,43,12,2/26/20,453,12,3
,Sweden,63,16,2/26/20,2,0,0
,Spain,40,-4,2/26/20,13,0,2
,Australia,-34.9285,138.6007,2/26/20,2,0,2
,Belgium,50.8333,4,2/26/20,1,0,1
,Egypt,26,30,2/26/20,1,0,0
,Australia,35.4437,139.638,2/26/20,7,0,0
,Lebanon,33.8547,35.8623,2/26/20,2,0,0
,Iraq,33,44,2/26/20,5,0,0
,Oman,21,57,2/26/20,4,0,0
,Afghanistan,33,65,2/26/20,1,0,0
,Bahrain,26.0275,50.55,2/26/20,33,0,0
,Kuwait,29.5,47.75,2/26/20,26,0,0
,Algeria,28.0339,1.6596,2/26/20,1,0,0
,Croatia,45.1,15.2,2/26/20,3,0,0
,Switzerland,46.8182,8.2275,2/26/20,1,0,0
,Austria,47.5162,14.5501,2/26/20,2,0,0
,Israel,31,35,2/26/20,2,0,0
,Pakistan,30.3753,69.3451,2/26/20,2,0,0
,Brazil,-14.235,-51.9253,2/26/20,1,0,0
,Georgia,42.3154,43.3569,2/26/20,1,0,0
,Greece,39.0742,21.8243,2/26/20,1,0,0
,North Macedonia,41.6086,21.7453,2/26/20,1,0,0
,Norway,60.472,8.4689,2/26/20,1,0,0
,Romania,45.9432,24.9668,2/26/20,1,0,0
,Estonia,58.5953,25.0136,2/26/20,0,0,0
,San Marino,43.9424,12.4578,2/26/20,0,0,0
,Belarus,53.7098,27.9534,2/26/20,0,0,0
,Iceland,64.9631,-19.0208,2/26/20,0,0,0
,Lithuania,55.1694,23.8813,2/26/20,0,0,0
,Mexico,23.6345,-102.5528,2/26/20,0,0,0
,New Zealand,-40.9006,174.886,2/26/20,0,0,0
,Nigeria,9.082,8.6753,2/26/20,0,0,0
,Australia,-31.9505,115.8605,2/26/20,0,0,0
,Ireland,53.1424,-7.6921,2/26/20,0,0,0
,Luxembourg,49.8153,6.1296,2/26/20,0,0,0
,Monaco,43.7333,7.4167,2/26/20,0,0,0
,Qatar,25.3548,51.1839,2/26/20,0,0,0
,Ecuador,-1.8312,-78.1834,2/26/20,0,0,0
,Azerbaijan,40.1431,47.5769,2/26/20,0,0,0
,Armenia,40.0691,45.0382,2/26/20,0,0,0
,Dominican Republic,18.7357,-70.1627,2/26/20,0,0,0
,Indonesia,-0.7893,113.9213,2/26/20,0,0,0
,Portugal,39.3999,-8.2245,2/26/20,0,0,0
,Andorra,42.5063,1.5218,2/26/20,0,0,0
,Australia,-41.4545,145.9707,2/26/20,0,0,0
,Latvia,56.8796,24.6032,2/26/20,0,0,0
,Morocco,31.7917,-7.0926,2/26/20,0,0,0
,Saudi Arabia,24,45,2/26/20,0,0,0
,Senegal,14.4974,-14.4524,2/26/20,0,0,0
,Argentina,-38.4161,-63.6167,2/26/20,0,0,0
,Chile,-35.6751,-71.543,2/26/20,0,0,0
,Jordan,31.24,36.51,2/26/20,0,0,0
,Ukraine,48.3794,31.1656,2/26/20,0,0,0
,Hungary,47.1625,19.5033,2/26/20,0,0,0
,Australia,-12.4634,130.8456,2/26/20,0,0,0
,Liechtenstein,47.14,9.55,2/26/20,0,0,0
,Poland,51.9194,19.1451,2/26/20,0,0,0
,Tunisia,34,9,2/26/20,0,0,0
,Bosnia and Herzegovina,43.9159,17.6791,2/26/20,0,0,0
,Slovenia,46.1512,14.9955,2/26/20,0,0,0
,South Africa,-30.5595,22.9375,2/26/20,0,0,0
,Bhutan,27.5142,90.4336,2/26/20,0,0,0
,Cameroon,3.848,11.5021,2/26/20,0,0,0
,Colombia,4.5709,-74.2973,2/26/20,0,0,0
,Costa Rica,9.7489,-83.7534,2/26/20,0,0,0
,Peru,-9.19,-75.0152,2/26/20,0,0,0
,Serbia,44.0165,21.0059,2/26/20,0,0,0
,Slovakia,48.669,19.699,2/26/20,0,0,0
,Togo,8.6195,0.8248,2/26/20,0,0,0
,Malta,35.9375,14.3754,2/26/20,0,0,0
,Martinique,14.6415,-61.0242,2/26/20,0,0,0
,Bulgaria,42.7339,25.4858,2/26/20,0,0,0
,Maldives,3.2028,73.2207,2/26/20,0,0,0
,Bangladesh,23.685,90.3563,2/26/20,0,0,0
,Paraguay,-23.4425,-58.4438,2/26/20,0,0,0
,Canada,51.2538,-85.3232,2/26/20,4,0,3
,Canada,53.9333,-116.5765,2/26/20,0,0,0
,Canada,52.9399,-73.5491,2/26/20,0,0,0
,Albania,41.1533,20.1683,2/26/20,0,0,0
,Cyprus,35.1264,33.4299,2/26/20,0,0,0
,Brunei,4.5353,114.7277,2/26/20,0,0,0
,US,47.4009,-121.4905,2/26/20,0,0,0
,US,42.1657,-74.9481,2/26/20,0,0,0
,US,36.1162,-119.6816,2/26/20,0,0,0
,US,42.2302,-71.5301,2/26/20,0,0,0
,US,35.4437,139.638,2/26/20,42,0,0
,US,37.6489,-122.6655,2/26/20,0,0,0
,US,33.0406,-83.6431,2/26/20,0,0,0
,US,39.0598,-105.3111,2/26/20,0,0,0
,US,27.7663,-81.6868,2/26/20,0,0,0
,US,40.2989,-74.521,2/26/20,0,0,0
,US,44.572,-122.0709,2/26/20,0,0,0
,US,31.0545,-97.5635,2/26/20,0,0,0
,US,40.3495,-88.9861,2/26/20,0,0,0
,US,40.5908,-77.2098,2/26/20,0,0,0
,US,42.0115,-93.2105,2/26/20,0,0,0
,US,39.0639,-76.8021,2/26/20,0,0,0
,US,35.6301,-79.8064,2/26/20,0,0,0
,US,33.8569,-80.945,2/26/20,0,0,0
,US,35.7478,-86.6923,2/26/20,0,0,0
,US,37.7693,-78.17,2/26/20,0,0,0
,US,33.7298,-111.4312,2/26/20,0,0,0
,US,39.8494,-86.2583,2/26/20,0,0,0
,US,37.6681,-84.6701,2/26/20,0,0,0
,US,38.8974,-77.0268,2/26/20,0,0,0
,US,38.3135,-117.0554,2/26/20,0,0,0
,US,43.4525,-71.5639,2/26/20,0,0,0
,US,45.6945,-93.9002,2/26/20,0,0,0
,US,41.1254,-98.2681,2/26/20,0,0,0
,US,40.3888,-82.7649,2/26/20,0,0,0
,US,41.6809,-71.5118,2/26/20,0,0,0
,US,44.2685,-89.6165,2/26/20,0,0,0
,US,41.5978,-72.7554,2/26/20,0,0,0
,US,21.0943,-157.4983,2/26/20,0,0,0
,US,35.5653,-96.9289,2/26/20,0,0,0
,US,40.15,-111.8624,2/26/20,0,0,0
,Burkina Faso,12.2383,-1.5616,2/26/20,0,0,0
,Holy See,41.9029,12.4534,2/26/20,0,0,0
,Mongolia,46.8625,103.8467,2/26/20,0,0,0
,Panama,8.538,-80.7821,2/26/20,0,0,0
,US,38.5266,-96.7265,2/26/20,0,0,0
,US,31.1695,-91.8678,2/26/20,0,0,0
,US,38.4561,-92.2884,2/26/20,0,0,0
,US,44.0459,-72.7107,2/26/20,0,0,0
,US,61.3707,-152.4044,2/26/20,0,0,0
,US,34.9697,-92.3731,2/26/20,0,0,0
,US,39.3185,-75.5071,2/26/20,0,0,0
,US,44.2405,-114.4788,2/26/20,0,0,0
,US,44.6939,-69.3819,2/26/20,0,0,0
,US,43.3266,-84.5361,2/26/20,0,0,0
,US,32.7416,-89.6787,2/26/20,0,0,0
,US,46.9219,-110.4544,2/26/20,0,0,0
,US,34.8405,-106.2485,2/26/20,0,0,0
,US,47.5289,-99.784,2/26/20,0,0,0
,US,44.2998,-99.4388,2/26/20,0,0,0
,US,38.4912,-80.9545,2/26/20,0,0,0
,US,42.756,-107.3025,2/26/20,0,0,0
,Iran,32,53,2/26/20,139,19,49
,South Korea,36,128,2/26/20,1261,12,22
,France,46.2276,2.2137,2/26/20,18,2,11
,Cruise Ship,35.4437,139.638,2/26/20,705,4,10
,Denmark,56.2639,9.5018,2/26/20,0,0,0
,Czechia,49.8175,15.473,2/26/20,0,0,0
,Taiwan*,23.7,121,2/26/20,32,1,5
,Vietnam,16,108,2/26/20,16,0,16
,Russia,60,90,2/26/20,2,0,2
,Moldova,47.4116,28.3699,2/26/20,0,0,0
,Bolivia,-16.2902,-63.5887,2/26/20,0,0,0
,Denmark,61.8926,-6.9118,2/26/20,0,0,0
,France,18.0708,-63.0501,2/26/20,0,0,0
,Honduras,15.2,-86.2419,2/26/20,0,0,0
,United Kingdom,49.3723,-2.3644,2/26/20,0,0,0
,Canada,46.5653,-66.4619,2/26/20,0,0,0
,Congo (Kinshasa),-4.0383,21.7587,2/26/20,0,0,0
,Cote d'Ivoire,7.54,-5.5471,2/26/20,0,0,0
,France,17.9,-62.8333,2/26/20,0,0,0
,Jamaica,18.1096,-77.2975,2/26/20,0,0,0
,Turkey,38.9637,35.2433,2/26/20,0,0,0
,United Kingdom,36.1408,-5.3536,2/26/20,0,0,0
,Cuba,22,-80,2/26/20,0,0,0
,Guyana,5,-58.75,2/26/20,0,0,0
,Australia,-35.4735,149.0124,2/26/20,0,0,0
,United Kingdom,55.3781,-3.436,2/26/20,13,0,8
,Kazakhstan,48.0196,66.9237,2/26/20,0,0,0
,France,-17.6797,149.4068,2/26/20,0,0,0
,Canada,53.7609,-98.8139,2/26/20,0,0,0
,Canada,52.9399,-106.4509,2/26/20,0,0,0
,Ethiopia,9.145,40.4897,2/26/20,0,0,0
,Sudan,12.8628,30.2176,2/26/20,0,0,0
,Guinea,9.9456,-9.6966,2/26/20,0,0,0
,Canada,37.6489,-122.6655,2/26/20,0,0,0
,Kenya,-0.0236,37.9062,2/26/20,0,0,0
,Antigua and Barbuda,17.0608,-61.7964,2/26/20,0,0,0
,US,32.3182,-86.9023,2/26/20,0,0,0
,Uruguay,-32.5228,-55.7658,2/26/20,0,0,0
,Ghana,7.9465,-1.0232,2/26/20,0,0,0
,US,18.2208,-66.5901,2/26/20,0,0,0
,Namibia,-22.9576,18.4904,2/26/20,0,0,0
,Seychelles,-4.6796,55.492,2/26/20,0,0,0
,Trinidad and Tobago,10.6918,-61.2225,2/26/20,0,0,0
,Venezuela,6.4238,-66.5897,2/26/20,0,0,0
,Eswatini,-26.5225,31.4659,2/26/20,0,0,0
,Gabon,-0.8037,11.6094,2/26/20,0,0,0
,Guatemala,15.7835,-90.2308,2/26/20,0,0,0
,Mauritania,21.0079,10.9408,2/26/20,0,0,0
,Rwanda,-1.9403,29.8739,2/26/20,0,0,0
,Saint Lucia,13.9094,-60.9789,2/26/20,0,0,0
,Saint Vincent and the Grenadines,12.9843,-61.2872,2/26/20,0,0,0
,Suriname,3.9193,-56.0278,2/26/20,0,0,0
,France,3.9339,-53.1258,2/26/20,0,0,0
,US,13.4443,144.7937,2/26/20,0,0,0
,Kosovo,42.6026,20.903,2/26/20,0,0,0
,Canada,53.1355,-57.6604,2/26/20,0,0,0
,Canada,46.5107,-63.4168,2/26/20,0,0,0
,Central African Republic,6.6111,20.9394,2/26/20,0,0,0
,Congo (Brazzaville),-4.0383,21.7587,2/26/20,0,0,0
,Equatorial Guinea,1.5,10,2/26/20,0,0,0
,France,-12.8275,45.1662,2/26/20,0,0,0
,Uzbekistan,41.3775,64.5853,2/26/20,0,0,0
,Netherlands,52.1326,5.2913,2/26/20,0,0,0
,Canada,44.682,-63.7443,2/26/20,0,0,0
,France,16.25,-61.5833,2/26/20,0,0,0
,Benin,9.3077,2.3158,2/26/20,0,0,0
,Liberia,6.4281,-9.4295,2/26/20,0,0,0
,Netherlands,12.1696,-68.99,2/26/20,0,0,0
,Somalia,5.1521,46.1996,2/26/20,0,0,0
,Tanzania,-6.369,34.8888,2/26/20,0,0,0
,US,18.3358,-64.8963,2/26/20,0,0,0
,United Kingdom,19.3133,-81.2546,2/26/20,0,0,0
,France,-21.1351,55.2471,2/26/20,0,0,0
,Barbados,13.1939,-59.5432,2/26/20,0,0,0
,Montenegro,42.5,19.3,2/26/20,0,0,0
,Kyrgyzstan,41.2044,74.7661,2/26/20,0,0,0
,Mauritius,-20.2,57.5,2/26/20,0,0,0
,Netherlands,12.5186,-70.0358,2/26/20,0,0,0
,Zambia,-15.4167,28.2833,2/26/20,0,0,0
,Djibouti,11.8251,42.5903,2/26/20,0,0,0
,"Gambia, The",13.4432,-15.3101,2/26/20,0,0,0
,United Kingdom,16.7425,-62.1874,2/26/20,0,0,0
,"Bahamas, The",25.0343,-77.3963,2/26/20,0,0,0
,Denmark,71.7069,-42.6043,2/26/20,0,0,0
,France,-20.9043,165.618,2/26/20,0,0,0
,United Kingdom,32.3078,-64.7505,2/26/20,0,0,0
,Chad,15.4542,18.7322,2/26/20,0,0,0
,El Salvador,13.7942,-88.8965,2/26/20,0,0,0
,Fiji,-17.7134,178.065,2/26/20,0,0,0
,Nicaragua,12.8654,-85.2072,2/26/20,0,0,0
,Madagascar,-18.7669,46.8691,2/26/20,0,0,0
,Haiti,18.9712,-72.2852,2/26/20,0,0,0
,Angola,-11.2027,17.8739,2/26/20,0,0,0
,Cabo Verde,16.5388,-23.0418,2/26/20,0,0,0
,Netherlands,18.0425,-63.0548,2/26/20,0,0,0
,Niger,17.6078,8.0817,2/26/20,0,0,0
,Papua New Guinea,-6.315,143.9555,2/26/20,0,0,0
,United Kingdom,54.2361,-4.5481,2/26/20,0,0,0
,Zimbabwe,-20,30,2/26/20,0,0,0
,Canada,64.8255,-124.8457,2/26/20,0,0,0
,Cape Verde,15.1111,-23.6167,2/26/20,0,0,0
,East Timor,-8.55,125.56,2/26/20,0,0,0
,Eritrea,15.1794,39.7823,2/26/20,0,0,0
,Uganda,1,32,2/26/20,0,0,0
,Dominica,15.415,-61.371,2/26/20,0,0,0
,Grenada,12.1165,-61.679,2/26/20,0,0,0
,Mozambique,-18.6657,35.5296,2/26/20,0,0,0
,Syria,34.8021,38.9968,2/26/20,0,0,0
,Timor-Leste,-8.8742,125.7275,2/26/20,0,0,0
,Thailand,15,101,2/27/20,40,0,22
,Japan,36,138,2/27/20,214,4,22
,Singapore,1.2833,103.8333,2/27/20,93,0,62
,Nepal,28.1667,84.25,2/27/20,1,0,1
,Malaysia,2.5,112.5,2/27/20,23,0,18
,Canada,49.2827,-123.1207,2/27/20,7,0,3
,Australia,-33.8688,151.2093,2/27/20,4,0,4
,Australia,-37.8136,144.9631,2/27/20,4,0,4
,Australia,-28.0167,153.4,2/27/20,5,0,1
,Cambodia,11.55,104.9167,2/27/20,1,0,1
,Sri Lanka,7,81,2/27/20,1,0,1
,Germany,51,9,2/27/20,46,0,16
,Finland,64,26,2/27/20,2,0,1
,United Arab Emirates,24,54,2/27/20,13,0,4
,Philippines,13,122,2/27/20,3,1,1
,India,21,78,2/27/20,3,0,3
,Italy,43,12,2/27/20,655,17,45
,Sweden,63,16,2/27/20,7,0,0
,Spain,40,-4,2/27/20,15,0,2
,Australia,-34.9285,138.6007,2/27/20,2,0,2
,Belgium,50.8333,4,2/27/20,1,0,1
,Egypt,26,30,2/27/20,1,0,0
,Australia,35.4437,139.638,2/27/20,8,0,0
,Lebanon,33.8547,35.8623,2/27/20,2,0,0
,Iraq,33,44,2/27/20,7,0,0
,Oman,21,57,2/27/20,4,0,0
,Afghanistan,33,65,2/27/20,1,0,0
,Bahrain,26.0275,50.55,2/27/20,33,0,0
,Kuwait,29.5,47.75,2/27/20,43,0,0
,Algeria,28.0339,1.6596,2/27/20,1,0,0
,Croatia,45.1,15.2,2/27/20,3,0,0
,Switzerland,46.8182,8.2275,2/27/20,8,0,0
,Austria,47.5162,14.5501,2/27/20,3,0,0
,Israel,31,35,2/27/20,3,0,1
,Pakistan,30.3753,69.3451,2/27/20,2,0,0
,Brazil,-14.235,-51.9253,2/27/20,1,0,0
,Georgia,42.3154,43.3569,2/27/20,1,0,0
,Greece,39.0742,21.8243,2/27/20,3,0,0
,North Macedonia,41.6086,21.7453,2/27/20,1,0,0
,Norway,60.472,8.4689,2/27/20,1,0,0
,Romania,45.9432,24.9668,2/27/20,1,0,0
,Estonia,58.5953,25.0136,2/27/20,1,0,0
,San Marino,43.9424,12.4578,2/27/20,1,0,0
,Belarus,53.7098,27.9534,2/27/20,0,0,0
,Iceland,64.9631,-19.0208,2/27/20,0,0,0
,Lithuania,55.1694,23.8813,2/27/20,0,0,0
,Mexico,23.6345,-102.5528,2/27/20,0,0,0
,New Zealand,-40.9006,174.886,2/27/20,0,0,0
,Nigeria,9.082,8.6753,2/27/20,0,0,0
,Australia,-31.9505,115.8605,2/27/20,0,0,0
,Ireland,53.1424,-7.6921,2/27/20,0,0,0
,Luxembourg,49.8153,6.1296,2/27/20,0,0,0
,Monaco,43.7333,7.4167,2/27/20,0,0,0
,Qatar,25.3548,51.1839,2/27/20,0,0,0
,Ecuador,-1.8312,-78.1834,2/27/20,0,0,0
,Azerbaijan,40.1431,47.5769,2/27/20,0,0,0
,Armenia,40.0691,45.0382,2/27/20,0,0,0
,Dominican Republic,18.7357,-70.1627,2/27/20,0,0,0
,Indonesia,-0.7893,113.9213,2/27/20,0,0,0
,Portugal,39.3999,-8.2245,2/27/20,0,0,0
,Andorra,42.5063,1.5218,2/27/20,0,0,0
,Australia,-41.4545,145.9707,2/27/20,0,0,0
,Latvia,56.8796,24.6032,2/27/20,0,0,0
,Morocco,31.7917,-7.0926,2/27/20,0,0,0
,Saudi Arabia,24,45,2/27/20,0,0,0
,Senegal,14.4974,-14.4524,2/27/20,0,0,0
,Argentina,-38.4161,-63.6167,2/27/20,0,0,0
,Chile,-35.6751,-71.543,2/27/20,0,0,0
,Jordan,31.24,36.51,2/27/20,0,0,0
,Ukraine,48.3794,31.1656,2/27/20,0,0,0
,Hungary,47.1625,19.5033,2/27/20,0,0,0
,Australia,-12.4634,130.8456,2/27/20,0,0,0
,Liechtenstein,47.14,9.55,2/27/20,0,0,0
,Poland,51.9194,19.1451,2/27/20,0,0,0
,Tunisia,34,9,2/27/20,0,0,0
,Bosnia and Herzegovina,43.9159,17.6791,2/27/20,0,0,0
,Slovenia,46.1512,14.9955,2/27/20,0,0,0
,South Africa,-30.5595,22.9375,2/27/20,0,0,0
,Bhutan,27.5142,90.4336,2/27/20,0,0,0
,Cameroon,3.848,11.5021,2/27/20,0,0,0
,Colombia,4.5709,-74.2973,2/27/20,0,0,0
,Costa Rica,9.7489,-83.7534,2/27/20,0,0,0
,Peru,-9.19,-75.0152,2/27/20,0,0,0
,Serbia,44.0165,21.0059,2/27/20,0,0,0
,Slovakia,48.669,19.699,2/27/20,0,0,0
,Togo,8.6195,0.8248,2/27/20,0,0,0
,Malta,35.9375,14.3754,2/27/20,0,0,0
,Martinique,14.6415,-61.0242,2/27/20,0,0,0
,Bulgaria,42.7339,25.4858,2/27/20,0,0,0
,Maldives,3.2028,73.2207,2/27/20,0,0,0
,Bangladesh,23.685,90.3563,2/27/20,0,0,0
,Paraguay,-23.4425,-58.4438,2/27/20,0,0,0
,Canada,51.2538,-85.3232,2/27/20,6,0,3
,Canada,53.9333,-116.5765,2/27/20,0,0,0
,Canada,52.9399,-73.5491,2/27/20,0,0,0
,Albania,41.1533,20.1683,2/27/20,0,0,0
,Cyprus,35.1264,33.4299,2/27/20,0,0,0
,Brunei,4.5353,114.7277,2/27/20,0,0,0
,US,47.4009,-121.4905,2/27/20,0,0,0
,US,42.1657,-74.9481,2/27/20,0,0,0
,US,36.1162,-119.6816,2/27/20,0,0,0
,US,42.2302,-71.5301,2/27/20,0,0,0
,US,35.4437,139.638,2/27/20,42,0,0
,US,37.6489,-122.6655,2/27/20,0,0,0
,US,33.0406,-83.6431,2/27/20,0,0,0
,US,39.0598,-105.3111,2/27/20,0,0,0
,US,27.7663,-81.6868,2/27/20,0,0,0
,US,40.2989,-74.521,2/27/20,0,0,0
,US,44.572,-122.0709,2/27/20,0,0,0
,US,31.0545,-97.5635,2/27/20,0,0,0
,US,40.3495,-88.9861,2/27/20,0,0,0
,US,40.5908,-77.2098,2/27/20,0,0,0
,US,42.0115,-93.2105,2/27/20,0,0,0
,US,39.0639,-76.8021,2/27/20,0,0,0
,US,35.6301,-79.8064,2/27/20,0,0,0
,US,33.8569,-80.945,2/27/20,0,0,0
,US,35.7478,-86.6923,2/27/20,0,0,0
,US,37.7693,-78.17,2/27/20,0,0,0
,US,33.7298,-111.4312,2/27/20,0,0,0
,US,39.8494,-86.2583,2/27/20,0,0,0
,US,37.6681,-84.6701,2/27/20,0,0,0
,US,38.8974,-77.0268,2/27/20,0,0,0
,US,38.3135,-117.0554,2/27/20,0,0,0
,US,43.4525,-71.5639,2/27/20,0,0,0
,US,45.6945,-93.9002,2/27/20,0,0,0
,US,41.1254,-98.2681,2/27/20,0,0,0
,US,40.3888,-82.7649,2/27/20,0,0,0
,US,41.6809,-71.5118,2/27/20,0,0,0
,US,44.2685,-89.6165,2/27/20,0,0,0
,US,41.5978,-72.7554,2/27/20,0,0,0
,US,21.0943,-157.4983,2/27/20,0,0,0
,US,35.5653,-96.9289,2/27/20,0,0,0
,US,40.15,-111.8624,2/27/20,0,0,0
,Burkina Faso,12.2383,-1.5616,2/27/20,0,0,0
,Holy See,41.9029,12.4534,2/27/20,0,0,0
,Mongolia,46.8625,103.8467,2/27/20,0,0,0
,Panama,8.538,-80.7821,2/27/20,0,0,0
,US,38.5266,-96.7265,2/27/20,0,0,0
,US,31.1695,-91.8678,2/27/20,0,0,0
,US,38.4561,-92.2884,2/27/20,0,0,0
,US,44.0459,-72.7107,2/27/20,0,0,0
,US,61.3707,-152.4044,2/27/20,0,0,0
,US,34.9697,-92.3731,2/27/20,0,0,0
,US,39.3185,-75.5071,2/27/20,0,0,0
,US,44.2405,-114.4788,2/27/20,0,0,0
,US,44.6939,-69.3819,2/27/20,0,0,0
,US,43.3266,-84.5361,2/27/20,0,0,0
,US,32.7416,-89.6787,2/27/20,0,0,0
,US,46.9219,-110.4544,2/27/20,0,0,0
,US,34.8405,-106.2485,2/27/20,0,0,0
,US,47.5289,-99.784,2/27/20,0,0,0
,US,44.2998,-99.4388,2/27/20,0,0,0
,US,38.4912,-80.9545,2/27/20,0,0,0
,US,42.756,-107.3025,2/27/20,0,0,0
,Iran,32,53,2/27/20,245,26,49
,South Korea,36,128,2/27/20,1766,13,22
,France,46.2276,2.2137,2/27/20,38,2,11
,Cruise Ship,35.4437,139.638,2/27/20,705,4,10
,Denmark,56.2639,9.5018,2/27/20,1,0,0
,Czechia,49.8175,15.473,2/27/20,0,0,0
,Taiwan*,23.7,121,2/27/20,32,1,5
,Vietnam,16,108,2/27/20,16,0,16
,Russia,60,90,2/27/20,2,0,2
,Moldova,47.4116,28.3699,2/27/20,0,0,0
,Bolivia,-16.2902,-63.5887,2/27/20,0,0,0
,Denmark,61.8926,-6.9118,2/27/20,0,0,0
,France,18.0708,-63.0501,2/27/20,0,0,0
,Honduras,15.2,-86.2419,2/27/20,0,0,0
,United Kingdom,49.3723,-2.3644,2/27/20,0,0,0
,Canada,46.5653,-66.4619,2/27/20,0,0,0
,Congo (Kinshasa),-4.0383,21.7587,2/27/20,0,0,0
,Cote d'Ivoire,7.54,-5.5471,2/27/20,0,0,0
,France,17.9,-62.8333,2/27/20,0,0,0
,Jamaica,18.1096,-77.2975,2/27/20,0,0,0
,Turkey,38.9637,35.2433,2/27/20,0,0,0
,United Kingdom,36.1408,-5.3536,2/27/20,0,0,0
,Cuba,22,-80,2/27/20,0,0,0
,Guyana,5,-58.75,2/27/20,0,0,0
,Australia,-35.4735,149.0124,2/27/20,0,0,0
,United Kingdom,55.3781,-3.436,2/27/20,15,0,8
,Kazakhstan,48.0196,66.9237,2/27/20,0,0,0
,France,-17.6797,149.4068,2/27/20,0,0,0
,Canada,53.7609,-98.8139,2/27/20,0,0,0
,Canada,52.9399,-106.4509,2/27/20,0,0,0
,Ethiopia,9.145,40.4897,2/27/20,0,0,0
,Sudan,12.8628,30.2176,2/27/20,0,0,0
,Guinea,9.9456,-9.6966,2/27/20,0,0,0
,Canada,37.6489,-122.6655,2/27/20,0,0,0
,Kenya,-0.0236,37.9062,2/27/20,0,0,0
,Antigua and Barbuda,17.0608,-61.7964,2/27/20,0,0,0
,US,32.3182,-86.9023,2/27/20,0,0,0
,Uruguay,-32.5228,-55.7658,2/27/20,0,0,0
,Ghana,7.9465,-1.0232,2/27/20,0,0,0
,US,18.2208,-66.5901,2/27/20,0,0,0
,Namibia,-22.9576,18.4904,2/27/20,0,0,0
,Seychelles,-4.6796,55.492,2/27/20,0,0,0
,Trinidad and Tobago,10.6918,-61.2225,2/27/20,0,0,0
,Venezuela,6.4238,-66.5897,2/27/20,0,0,0
,Eswatini,-26.5225,31.4659,2/27/20,0,0,0
,Gabon,-0.8037,11.6094,2/27/20,0,0,0
,Guatemala,15.7835,-90.2308,2/27/20,0,0,0
,Mauritania,21.0079,10.9408,2/27/20,0,0,0
,Rwanda,-1.9403,29.8739,2/27/20,0,0,0
,Saint Lucia,13.9094,-60.9789,2/27/20,0,0,0
,Saint Vincent and the Grenadines,12.9843,-61.2872,2/27/20,0,0,0
,Suriname,3.9193,-56.0278,2/27/20,0,0,0
,France,3.9339,-53.1258,2/27/20,0,0,0
,US,13.4443,144.7937,2/27/20,0,0,0
,Kosovo,42.6026,20.903,2/27/20,0,0,0
,Canada,53.1355,-57.6604,2/27/20,0,0,0
,Canada,46.5107,-63.4168,2/27/20,0,0,0
,Central African Republic,6.6111,20.9394,2/27/20,0,0,0
,Congo (Brazzaville),-4.0383,21.7587,2/27/20,0,0,0
,Equatorial Guinea,1.5,10,2/27/20,0,0,0
,France,-12.8275,45.1662,2/27/20,0,0,0
,Uzbekistan,41.3775,64.5853,2/27/20,0,0,0
,Netherlands,52.1326,5.2913,2/27/20,1,0,0
,Canada,44.682,-63.7443,2/27/20,0,0,0
,France,16.25,-61.5833,2/27/20,0,0,0
,Benin,9.3077,2.3158,2/27/20,0,0,0
,Liberia,6.4281,-9.4295,2/27/20,0,0,0
,Netherlands,12.1696,-68.99,2/27/20,0,0,0
,Somalia,5.1521,46.1996,2/27/20,0,0,0
,Tanzania,-6.369,34.8888,2/27/20,0,0,0
,US,18.3358,-64.8963,2/27/20,0,0,0
,United Kingdom,19.3133,-81.2546,2/27/20,0,0,0
,France,-21.1351,55.2471,2/27/20,0,0,0
,Barbados,13.1939,-59.5432,2/27/20,0,0,0
,Montenegro,42.5,19.3,2/27/20,0,0,0
,Kyrgyzstan,41.2044,74.7661,2/27/20,0,0,0
,Mauritius,-20.2,57.5,2/27/20,0,0,0
,Netherlands,12.5186,-70.0358,2/27/20,0,0,0
,Zambia,-15.4167,28.2833,2/27/20,0,0,0
,Djibouti,11.8251,42.5903,2/27/20,0,0,0
,"Gambia, The",13.4432,-15.3101,2/27/20,0,0,0
,United Kingdom,16.7425,-62.1874,2/27/20,0,0,0
,"Bahamas, The",25.0343,-77.3963,2/27/20,0,0,0
,Denmark,71.7069,-42.6043,2/27/20,0,0,0
,France,-20.9043,165.618,2/27/20,0,0,0
,United Kingdom,32.3078,-64.7505,2/27/20,0,0,0
,Chad,15.4542,18.7322,2/27/20,0,0,0
,El Salvador,13.7942,-88.8965,2/27/20,0,0,0
,Fiji,-17.7134,178.065,2/27/20,0,0,0
,Nicaragua,12.8654,-85.2072,2/27/20,0,0,0
,Madagascar,-18.7669,46.8691,2/27/20,0,0,0
,Haiti,18.9712,-72.2852,2/27/20,0,0,0
,Angola,-11.2027,17.8739,2/27/20,0,0,0
,Cabo Verde,16.5388,-23.0418,2/27/20,0,0,0
,Netherlands,18.0425,-63.0548,2/27/20,0,0,0
,Niger,17.6078,8.0817,2/27/20,0,0,0
,Papua New Guinea,-6.315,143.9555,2/27/20,0,0,0
,United Kingdom,54.2361,-4.5481,2/27/20,0,0,0
,Zimbabwe,-20,30,2/27/20,0,0,0
,Canada,64.8255,-124.8457,2/27/20,0,0,0
,Cape Verde,15.1111,-23.6167,2/27/20,0,0,0
,East Timor,-8.55,125.56,2/27/20,0,0,0
,Eritrea,15.1794,39.7823,2/27/20,0,0,0
,Uganda,1,32,2/27/20,0,0,0
,Dominica,15.415,-61.371,2/27/20,0,0,0
,Grenada,12.1165,-61.679,2/27/20,0,0,0
,Mozambique,-18.6657,35.5296,2/27/20,0,0,0
,Syria,34.8021,38.9968,2/27/20,0,0,0
,Timor-Leste,-8.8742,125.7275,2/27/20,0,0,0
,Thailand,15,101,2/28/20,41,0,28
,Japan,36,138,2/28/20,228,4,22
,Singapore,1.2833,103.8333,2/28/20,93,0,62
,Nepal,28.1667,84.25,2/28/20,1,0,1
,Malaysia,2.5,112.5,2/28/20,23,0,18
,Canada,49.2827,-123.1207,2/28/20,7,0,3
,Australia,-33.8688,151.2093,2/28/20,4,0,4
,Australia,-37.8136,144.9631,2/28/20,4,0,4
,Australia,-28.0167,153.4,2/28/20,5,0,1
,Cambodia,11.55,104.9167,2/28/20,1,0,1
,Sri Lanka,7,81,2/28/20,1,0,1
,Germany,51,9,2/28/20,48,0,16
,Finland,64,26,2/28/20,2,0,1
,United Arab Emirates,24,54,2/28/20,19,0,5
,Philippines,13,122,2/28/20,3,1,1
,India,21,78,2/28/20,3,0,3
,Italy,43,12,2/28/20,888,21,46
,Sweden,63,16,2/28/20,7,0,0
,Spain,40,-4,2/28/20,32,0,2
,Australia,-34.9285,138.6007,2/28/20,2,0,2
,Belgium,50.8333,4,2/28/20,1,0,1
,Egypt,26,30,2/28/20,1,0,1
,Australia,35.4437,139.638,2/28/20,8,0,0
,Lebanon,33.8547,35.8623,2/28/20,2,0,0
,Iraq,33,44,2/28/20,7,0,0
,Oman,21,57,2/28/20,4,0,0
,Afghanistan,33,65,2/28/20,1,0,0
,Bahrain,26.0275,50.55,2/28/20,36,0,0
,Kuwait,29.5,47.75,2/28/20,45,0,0
,Algeria,28.0339,1.6596,2/28/20,1,0,0
,Croatia,45.1,15.2,2/28/20,5,0,0
,Switzerland,46.8182,8.2275,2/28/20,8,0,0
,Austria,47.5162,14.5501,2/28/20,3,0,0
,Israel,31,35,2/28/20,4,0,1
,Pakistan,30.3753,69.3451,2/28/20,2,0,0
,Brazil,-14.235,-51.9253,2/28/20,1,0,0
,Georgia,42.3154,43.3569,2/28/20,1,0,0
,Greece,39.0742,21.8243,2/28/20,4,0,0
,North Macedonia,41.6086,21.7453,2/28/20,1,0,0
,Norway,60.472,8.4689,2/28/20,6,0,0
,Romania,45.9432,24.9668,2/28/20,3,0,0
,Estonia,58.5953,25.0136,2/28/20,1,0,0
,San Marino,43.9424,12.4578,2/28/20,1,0,0
,Belarus,53.7098,27.9534,2/28/20,1,0,0
,Iceland,64.9631,-19.0208,2/28/20,1,0,0
,Lithuania,55.1694,23.8813,2/28/20,1,0,0
,Mexico,23.6345,-102.5528,2/28/20,1,0,0
,New Zealand,-40.9006,174.886,2/28/20,1,0,0
,Nigeria,9.082,8.6753,2/28/20,1,0,0
,Australia,-31.9505,115.8605,2/28/20,0,0,0
,Ireland,53.1424,-7.6921,2/28/20,0,0,0
,Luxembourg,49.8153,6.1296,2/28/20,0,0,0
,Monaco,43.7333,7.4167,2/28/20,0,0,0
,Qatar,25.3548,51.1839,2/28/20,0,0,0
,Ecuador,-1.8312,-78.1834,2/28/20,0,0,0
,Azerbaijan,40.1431,47.5769,2/28/20,0,0,0
,Armenia,40.0691,45.0382,2/28/20,0,0,0
,Dominican Republic,18.7357,-70.1627,2/28/20,0,0,0
,Indonesia,-0.7893,113.9213,2/28/20,0,0,0
,Portugal,39.3999,-8.2245,2/28/20,0,0,0
,Andorra,42.5063,1.5218,2/28/20,0,0,0
,Australia,-41.4545,145.9707,2/28/20,0,0,0
,Latvia,56.8796,24.6032,2/28/20,0,0,0
,Morocco,31.7917,-7.0926,2/28/20,0,0,0
,Saudi Arabia,24,45,2/28/20,0,0,0
,Senegal,14.4974,-14.4524,2/28/20,0,0,0
,Argentina,-38.4161,-63.6167,2/28/20,0,0,0
,Chile,-35.6751,-71.543,2/28/20,0,0,0
,Jordan,31.24,36.51,2/28/20,0,0,0
,Ukraine,48.3794,31.1656,2/28/20,0,0,0
,Hungary,47.1625,19.5033,2/28/20,0,0,0
,Australia,-12.4634,130.8456,2/28/20,0,0,0
,Liechtenstein,47.14,9.55,2/28/20,0,0,0
,Poland,51.9194,19.1451,2/28/20,0,0,0
,Tunisia,34,9,2/28/20,0,0,0
,Bosnia and Herzegovina,43.9159,17.6791,2/28/20,0,0,0
,Slovenia,46.1512,14.9955,2/28/20,0,0,0
,South Africa,-30.5595,22.9375,2/28/20,0,0,0
,Bhutan,27.5142,90.4336,2/28/20,0,0,0
,Cameroon,3.848,11.5021,2/28/20,0,0,0
,Colombia,4.5709,-74.2973,2/28/20,0,0,0
,Costa Rica,9.7489,-83.7534,2/28/20,0,0,0
,Peru,-9.19,-75.0152,2/28/20,0,0,0
,Serbia,44.0165,21.0059,2/28/20,0,0,0
,Slovakia,48.669,19.699,2/28/20,0,0,0
,Togo,8.6195,0.8248,2/28/20,0,0,0
,Malta,35.9375,14.3754,2/28/20,0,0,0
,Martinique,14.6415,-61.0242,2/28/20,0,0,0
,Bulgaria,42.7339,25.4858,2/28/20,0,0,0
,Maldives,3.2028,73.2207,2/28/20,0,0,0
,Bangladesh,23.685,90.3563,2/28/20,0,0,0
,Paraguay,-23.4425,-58.4438,2/28/20,0,0,0
,Canada,51.2538,-85.3232,2/28/20,6,0,3
,Canada,53.9333,-116.5765,2/28/20,0,0,0
,Canada,52.9399,-73.5491,2/28/20,1,0,0
,Albania,41.1533,20.1683,2/28/20,0,0,0
,Cyprus,35.1264,33.4299,2/28/20,0,0,0
,Brunei,4.5353,114.7277,2/28/20,0,0,0
,US,47.4009,-121.4905,2/28/20,0,0,0
,US,42.1657,-74.9481,2/28/20,0,0,0
,US,36.1162,-119.6816,2/28/20,0,0,0
,US,42.2302,-71.5301,2/28/20,0,0,0
,US,35.4437,139.638,2/28/20,44,0,0
,US,37.6489,-122.6655,2/28/20,0,0,0
,US,33.0406,-83.6431,2/28/20,0,0,0
,US,39.0598,-105.3111,2/28/20,0,0,0
,US,27.7663,-81.6868,2/28/20,0,0,0
,US,40.2989,-74.521,2/28/20,0,0,0
,US,44.572,-122.0709,2/28/20,0,0,0
,US,31.0545,-97.5635,2/28/20,0,0,0
,US,40.3495,-88.9861,2/28/20,0,0,0
,US,40.5908,-77.2098,2/28/20,0,0,0
,US,42.0115,-93.2105,2/28/20,0,0,0
,US,39.0639,-76.8021,2/28/20,0,0,0
,US,35.6301,-79.8064,2/28/20,0,0,0
,US,33.8569,-80.945,2/28/20,0,0,0
,US,35.7478,-86.6923,2/28/20,0,0,0
,US,37.7693,-78.17,2/28/20,0,0,0
,US,33.7298,-111.4312,2/28/20,0,0,0
,US,39.8494,-86.2583,2/28/20,0,0,0
,US,37.6681,-84.6701,2/28/20,0,0,0
,US,38.8974,-77.0268,2/28/20,0,0,0
,US,38.3135,-117.0554,2/28/20,0,0,0
,US,43.4525,-71.5639,2/28/20,0,0,0
,US,45.6945,-93.9002,2/28/20,0,0,0
,US,41.1254,-98.2681,2/28/20,0,0,0
,US,40.3888,-82.7649,2/28/20,0,0,0
,US,41.6809,-71.5118,2/28/20,0,0,0
,US,44.2685,-89.6165,2/28/20,0,0,0
,US,41.5978,-72.7554,2/28/20,0,0,0
,US,21.0943,-157.4983,2/28/20,0,0,0
,US,35.5653,-96.9289,2/28/20,0,0,0
,US,40.15,-111.8624,2/28/20,0,0,0
,Burkina Faso,12.2383,-1.5616,2/28/20,0,0,0
,Holy See,41.9029,12.4534,2/28/20,0,0,0
,Mongolia,46.8625,103.8467,2/28/20,0,0,0
,Panama,8.538,-80.7821,2/28/20,0,0,0
,US,38.5266,-96.7265,2/28/20,0,0,0
,US,31.1695,-91.8678,2/28/20,0,0,0
,US,38.4561,-92.2884,2/28/20,0,0,0
,US,44.0459,-72.7107,2/28/20,0,0,0
,US,61.3707,-152.4044,2/28/20,0,0,0
,US,34.9697,-92.3731,2/28/20,0,0,0
,US,39.3185,-75.5071,2/28/20,0,0,0
,US,44.2405,-114.4788,2/28/20,0,0,0
,US,44.6939,-69.3819,2/28/20,0,0,0
,US,43.3266,-84.5361,2/28/20,0,0,0
,US,32.7416,-89.6787,2/28/20,0,0,0
,US,46.9219,-110.4544,2/28/20,0,0,0
,US,34.8405,-106.2485,2/28/20,0,0,0
,US,47.5289,-99.784,2/28/20,0,0,0
,US,44.2998,-99.4388,2/28/20,0,0,0
,US,38.4912,-80.9545,2/28/20,0,0,0
,US,42.756,-107.3025,2/28/20,0,0,0
,Iran,32,53,2/28/20,388,34,73
,South Korea,36,128,2/28/20,2337,13,22
,France,46.2276,2.2137,2/28/20,57,2,11
,Cruise Ship,35.4437,139.638,2/28/20,705,6,10
,Denmark,56.2639,9.5018,2/28/20,1,0,0
,Czechia,49.8175,15.473,2/28/20,0,0,0
,Taiwan*,23.7,121,2/28/20,34,1,6
,Vietnam,16,108,2/28/20,16,0,16
,Russia,60,90,2/28/20,2,0,2
,Moldova,47.4116,28.3699,2/28/20,0,0,0
,Bolivia,-16.2902,-63.5887,2/28/20,0,0,0
,Denmark,61.8926,-6.9118,2/28/20,0,0,0
,France,18.0708,-63.0501,2/28/20,0,0,0
,Honduras,15.2,-86.2419,2/28/20,0,0,0
,United Kingdom,49.3723,-2.3644,2/28/20,0,0,0
,Canada,46.5653,-66.4619,2/28/20,0,0,0
,Congo (Kinshasa),-4.0383,21.7587,2/28/20,0,0,0
,Cote d'Ivoire,7.54,-5.5471,2/28/20,0,0,0
,France,17.9,-62.8333,2/28/20,0,0,0
,Jamaica,18.1096,-77.2975,2/28/20,0,0,0
,Turkey,38.9637,35.2433,2/28/20,0,0,0
,United Kingdom,36.1408,-5.3536,2/28/20,0,0,0
,Cuba,22,-80,2/28/20,0,0,0
,Guyana,5,-58.75,2/28/20,0,0,0
,Australia,-35.4735,149.0124,2/28/20,0,0,0
,United Kingdom,55.3781,-3.436,2/28/20,20,0,8
,Kazakhstan,48.0196,66.9237,2/28/20,0,0,0
,France,-17.6797,149.4068,2/28/20,0,0,0
,Canada,53.7609,-98.8139,2/28/20,0,0,0
,Canada,52.9399,-106.4509,2/28/20,0,0,0
,Ethiopia,9.145,40.4897,2/28/20,0,0,0
,Sudan,12.8628,30.2176,2/28/20,0,0,0
,Guinea,9.9456,-9.6966,2/28/20,0,0,0
,Canada,37.6489,-122.6655,2/28/20,0,0,0
,Kenya,-0.0236,37.9062,2/28/20,0,0,0
,Antigua and Barbuda,17.0608,-61.7964,2/28/20,0,0,0
,US,32.3182,-86.9023,2/28/20,0,0,0
,Uruguay,-32.5228,-55.7658,2/28/20,0,0,0
,Ghana,7.9465,-1.0232,2/28/20,0,0,0
,US,18.2208,-66.5901,2/28/20,0,0,0
,Namibia,-22.9576,18.4904,2/28/20,0,0,0
,Seychelles,-4.6796,55.492,2/28/20,0,0,0
,Trinidad and Tobago,10.6918,-61.2225,2/28/20,0,0,0
,Venezuela,6.4238,-66.5897,2/28/20,0,0,0
,Eswatini,-26.5225,31.4659,2/28/20,0,0,0
,Gabon,-0.8037,11.6094,2/28/20,0,0,0
,Guatemala,15.7835,-90.2308,2/28/20,0,0,0
,Mauritania,21.0079,10.9408,2/28/20,0,0,0
,Rwanda,-1.9403,29.8739,2/28/20,0,0,0
,Saint Lucia,13.9094,-60.9789,2/28/20,0,0,0
,Saint Vincent and the Grenadines,12.9843,-61.2872,2/28/20,0,0,0
,Suriname,3.9193,-56.0278,2/28/20,0,0,0
,France,3.9339,-53.1258,2/28/20,0,0,0
,US,13.4443,144.7937,2/28/20,0,0,0
,Kosovo,42.6026,20.903,2/28/20,0,0,0
,Canada,53.1355,-57.6604,2/28/20,0,0,0
,Canada,46.5107,-63.4168,2/28/20,0,0,0
,Central African Republic,6.6111,20.9394,2/28/20,0,0,0
,Congo (Brazzaville),-4.0383,21.7587,2/28/20,0,0,0
,Equatorial Guinea,1.5,10,2/28/20,0,0,0
,France,-12.8275,45.1662,2/28/20,0,0,0
,Uzbekistan,41.3775,64.5853,2/28/20,0,0,0
,Netherlands,52.1326,5.2913,2/28/20,1,0,0
,Canada,44.682,-63.7443,2/28/20,0,0,0
,France,16.25,-61.5833,2/28/20,0,0,0
,Benin,9.3077,2.3158,2/28/20,0,0,0
,Liberia,6.4281,-9.4295,2/28/20,0,0,0
,Netherlands,12.1696,-68.99,2/28/20,0,0,0
,Somalia,5.1521,46.1996,2/28/20,0,0,0
,Tanzania,-6.369,34.8888,2/28/20,0,0,0
,US,18.3358,-64.8963,2/28/20,0,0,0
,United Kingdom,19.3133,-81.2546,2/28/20,0,0,0
,France,-21.1351,55.2471,2/28/20,0,0,0
,Barbados,13.1939,-59.5432,2/28/20,0,0,0
,Montenegro,42.5,19.3,2/28/20,0,0,0
,Kyrgyzstan,41.2044,74.7661,2/28/20,0,0,0
,Mauritius,-20.2,57.5,2/28/20,0,0,0
,Netherlands,12.5186,-70.0358,2/28/20,0,0,0
,Zambia,-15.4167,28.2833,2/28/20,0,0,0
,Djibouti,11.8251,42.5903,2/28/20,0,0,0
,"Gambia, The",13.4432,-15.3101,2/28/20,0,0,0
,United Kingdom,16.7425,-62.1874,2/28/20,0,0,0
,"Bahamas, The",25.0343,-77.3963,2/28/20,0,0,0
,Denmark,71.7069,-42.6043,2/28/20,0,0,0
,France,-20.9043,165.618,2/28/20,0,0,0
,United Kingdom,32.3078,-64.7505,2/28/20,0,0,0
,Chad,15.4542,18.7322,2/28/20,0,0,0
,El Salvador,13.7942,-88.8965,2/28/20,0,0,0
,Fiji,-17.7134,178.065,2/28/20,0,0,0
,Nicaragua,12.8654,-85.2072,2/28/20,0,0,0
,Madagascar,-18.7669,46.8691,2/28/20,0,0,0
,Haiti,18.9712,-72.2852,2/28/20,0,0,0
,Angola,-11.2027,17.8739,2/28/20,0,0,0
,Cabo Verde,16.5388,-23.0418,2/28/20,0,0,0
,Netherlands,18.0425,-63.0548,2/28/20,0,0,0
,Niger,17.6078,8.0817,2/28/20,0,0,0
,Papua New Guinea,-6.315,143.9555,2/28/20,0,0,0
,United Kingdom,54.2361,-4.5481,2/28/20,0,0,0
,Zimbabwe,-20,30,2/28/20,0,0,0
,Canada,64.8255,-124.8457,2/28/20,0,0,0
,Cape Verde,15.1111,-23.6167,2/28/20,0,0,0
,East Timor,-8.55,125.56,2/28/20,0,0,0
,Eritrea,15.1794,39.7823,2/28/20,0,0,0
,Uganda,1,32,2/28/20,0,0,0
,Dominica,15.415,-61.371,2/28/20,0,0,0
,Grenada,12.1165,-61.679,2/28/20,0,0,0
,Mozambique,-18.6657,35.5296,2/28/20,0,0,0
,Syria,34.8021,38.9968,2/28/20,0,0,0
,Timor-Leste,-8.8742,125.7275,2/28/20,0,0,0
,Thailand,15,101,2/29/20,42,0,28
,Japan,36,138,2/29/20,241,5,32
,Singapore,1.2833,103.8333,2/29/20,102,0,72
,Nepal,28.1667,84.25,2/29/20,1,0,1
,Malaysia,2.5,112.5,2/29/20,25,0,18
,Canada,49.2827,-123.1207,2/29/20,8,0,3
,Australia,-33.8688,151.2093,2/29/20,4,0,4
,Australia,-37.8136,144.9631,2/29/20,7,0,4
,Australia,-28.0167,153.4,2/29/20,9,0,1
,Cambodia,11.55,104.9167,2/29/20,1,0,1
,Sri Lanka,7,81,2/29/20,1,0,1
,Germany,51,9,2/29/20,79,0,16
,Finland,64,26,2/29/20,3,0,1
,United Arab Emirates,24,54,2/29/20,21,0,5
,Philippines,13,122,2/29/20,3,1,1
,India,21,78,2/29/20,3,0,3
,Italy,43,12,2/29/20,1128,29,46
,Sweden,63,16,2/29/20,12,0,0
,Spain,40,-4,2/29/20,45,0,2
,Australia,-34.9285,138.6007,2/29/20,3,0,2
,Belgium,50.8333,4,2/29/20,1,0,1
,Egypt,26,30,2/29/20,1,0,1
,Australia,35.4437,139.638,2/29/20,0,0,0
,Lebanon,33.8547,35.8623,2/29/20,4,0,0
,Iraq,33,44,2/29/20,13,0,0
,Oman,21,57,2/29/20,6,0,1
,Afghanistan,33,65,2/29/20,1,0,0
,Bahrain,26.0275,50.55,2/29/20,41,0,0
,Kuwait,29.5,47.75,2/29/20,45,0,0
,Algeria,28.0339,1.6596,2/29/20,1,0,0
,Croatia,45.1,15.2,2/29/20,6,0,0
,Switzerland,46.8182,8.2275,2/29/20,18,0,0
,Austria,47.5162,14.5501,2/29/20,9,0,0
,Israel,31,35,2/29/20,7,0,1
,Pakistan,30.3753,69.3451,2/29/20,4,0,0
,Brazil,-14.235,-51.9253,2/29/20,2,0,0
,Georgia,42.3154,43.3569,2/29/20,1,0,0
,Greece,39.0742,21.8243,2/29/20,4,0,0
,North Macedonia,41.6086,21.7453,2/29/20,1,0,0
,Norway,60.472,8.4689,2/29/20,15,0,0
,Romania,45.9432,24.9668,2/29/20,3,0,0
,Estonia,58.5953,25.0136,2/29/20,1,0,0
,San Marino,43.9424,12.4578,2/29/20,1,0,0
,Belarus,53.7098,27.9534,2/29/20,1,0,0
,Iceland,64.9631,-19.0208,2/29/20,1,0,0
,Lithuania,55.1694,23.8813,2/29/20,1,0,0
,Mexico,23.6345,-102.5528,2/29/20,4,0,0
,New Zealand,-40.9006,174.886,2/29/20,1,0,0
,Nigeria,9.082,8.6753,2/29/20,1,0,0
,Australia,-31.9505,115.8605,2/29/20,2,0,0
,Ireland,53.1424,-7.6921,2/29/20,1,0,0
,Luxembourg,49.8153,6.1296,2/29/20,1,0,0
,Monaco,43.7333,7.4167,2/29/20,1,0,0
,Qatar,25.3548,51.1839,2/29/20,1,0,0
,Ecuador,-1.8312,-78.1834,2/29/20,0,0,0
,Azerbaijan,40.1431,47.5769,2/29/20,0,0,0
,Armenia,40.0691,45.0382,2/29/20,0,0,0
,Dominican Republic,18.7357,-70.1627,2/29/20,0,0,0
,Indonesia,-0.7893,113.9213,2/29/20,0,0,0
,Portugal,39.3999,-8.2245,2/29/20,0,0,0
,Andorra,42.5063,1.5218,2/29/20,0,0,0
,Australia,-41.4545,145.9707,2/29/20,0,0,0
,Latvia,56.8796,24.6032,2/29/20,0,0,0
,Morocco,31.7917,-7.0926,2/29/20,0,0,0
,Saudi Arabia,24,45,2/29/20,0,0,0
,Senegal,14.4974,-14.4524,2/29/20,0,0,0
,Argentina,-38.4161,-63.6167,2/29/20,0,0,0
,Chile,-35.6751,-71.543,2/29/20,0,0,0
,Jordan,31.24,36.51,2/29/20,0,0,0
,Ukraine,48.3794,31.1656,2/29/20,0,0,0
,Hungary,47.1625,19.5033,2/29/20,0,0,0
,Australia,-12.4634,130.8456,2/29/20,0,0,0
,Liechtenstein,47.14,9.55,2/29/20,0,0,0
,Poland,51.9194,19.1451,2/29/20,0,0,0
,Tunisia,34,9,2/29/20,0,0,0
,Bosnia and Herzegovina,43.9159,17.6791,2/29/20,0,0,0
,Slovenia,46.1512,14.9955,2/29/20,0,0,0
,South Africa,-30.5595,22.9375,2/29/20,0,0,0
,Bhutan,27.5142,90.4336,2/29/20,0,0,0
,Cameroon,3.848,11.5021,2/29/20,0,0,0
,Colombia,4.5709,-74.2973,2/29/20,0,0,0
,Costa Rica,9.7489,-83.7534,2/29/20,0,0,0
,Peru,-9.19,-75.0152,2/29/20,0,0,0
,Serbia,44.0165,21.0059,2/29/20,0,0,0
,Slovakia,48.669,19.699,2/29/20,0,0,0
,Togo,8.6195,0.8248,2/29/20,0,0,0
,Malta,35.9375,14.3754,2/29/20,0,0,0
,Martinique,14.6415,-61.0242,2/29/20,0,0,0
,Bulgaria,42.7339,25.4858,2/29/20,0,0,0
,Maldives,3.2028,73.2207,2/29/20,0,0,0
,Bangladesh,23.685,90.3563,2/29/20,0,0,0
,Paraguay,-23.4425,-58.4438,2/29/20,0,0,0
,Canada,51.2538,-85.3232,2/29/20,11,0,3
,Canada,53.9333,-116.5765,2/29/20,0,0,0
,Canada,52.9399,-73.5491,2/29/20,1,0,0
,Albania,41.1533,20.1683,2/29/20,0,0,0
,Cyprus,35.1264,33.4299,2/29/20,0,0,0
,Brunei,4.5353,114.7277,2/29/20,0,0,0
,US,47.4009,-121.4905,2/29/20,0,0,0
,US,42.1657,-74.9481,2/29/20,0,0,0
,US,36.1162,-119.6816,2/29/20,0,0,0
,US,42.2302,-71.5301,2/29/20,0,0,0
,US,35.4437,139.638,2/29/20,44,0,0
,US,37.6489,-122.6655,2/29/20,0,0,0
,US,33.0406,-83.6431,2/29/20,0,0,0
,US,39.0598,-105.3111,2/29/20,0,0,0
,US,27.7663,-81.6868,2/29/20,0,0,0
,US,40.2989,-74.521,2/29/20,0,0,0
,US,44.572,-122.0709,2/29/20,0,0,0
,US,31.0545,-97.5635,2/29/20,0,0,0
,US,40.3495,-88.9861,2/29/20,0,0,0
,US,40.5908,-77.2098,2/29/20,0,0,0
,US,42.0115,-93.2105,2/29/20,0,0,0
,US,39.0639,-76.8021,2/29/20,0,0,0
,US,35.6301,-79.8064,2/29/20,0,0,0
,US,33.8569,-80.945,2/29/20,0,0,0
,US,35.7478,-86.6923,2/29/20,0,0,0
,US,37.7693,-78.17,2/29/20,0,0,0
,US,33.7298,-111.4312,2/29/20,0,0,0
,US,39.8494,-86.2583,2/29/20,0,0,0
,US,37.6681,-84.6701,2/29/20,0,0,0
,US,38.8974,-77.0268,2/29/20,0,0,0
,US,38.3135,-117.0554,2/29/20,0,0,0
,US,43.4525,-71.5639,2/29/20,0,0,0
,US,45.6945,-93.9002,2/29/20,0,0,0
,US,41.1254,-98.2681,2/29/20,0,0,0
,US,40.3888,-82.7649,2/29/20,0,0,0
,US,41.6809,-71.5118,2/29/20,0,0,0
,US,44.2685,-89.6165,2/29/20,0,0,0
,US,41.5978,-72.7554,2/29/20,0,0,0
,US,21.0943,-157.4983,2/29/20,0,0,0
,US,35.5653,-96.9289,2/29/20,0,0,0
,US,40.15,-111.8624,2/29/20,0,0,0
,Burkina Faso,12.2383,-1.5616,2/29/20,0,0,0
,Holy See,41.9029,12.4534,2/29/20,0,0,0
,Mongolia,46.8625,103.8467,2/29/20,0,0,0
,Panama,8.538,-80.7821,2/29/20,0,0,0
,US,38.5266,-96.7265,2/29/20,0,0,0
,US,31.1695,-91.8678,2/29/20,0,0,0
,US,38.4561,-92.2884,2/29/20,0,0,0
,US,44.0459,-72.7107,2/29/20,0,0,0
,US,61.3707,-152.4044,2/29/20,0,0,0
,US,34.9697,-92.3731,2/29/20,0,0,0
,US,39.3185,-75.5071,2/29/20,0,0,0
,US,44.2405,-114.4788,2/29/20,0,0,0
,US,44.6939,-69.3819,2/29/20,0,0,0
,US,43.3266,-84.5361,2/29/20,0,0,0
,US,32.7416,-89.6787,2/29/20,0,0,0
,US,46.9219,-110.4544,2/29/20,0,0,0
,US,34.8405,-106.2485,2/29/20,0,0,0
,US,47.5289,-99.784,2/29/20,0,0,0
,US,44.2998,-99.4388,2/29/20,0,0,0
,US,38.4912,-80.9545,2/29/20,0,0,0
,US,42.756,-107.3025,2/29/20,0,0,0
,Iran,32,53,2/29/20,593,43,123
,South Korea,36,128,2/29/20,3150,16,27
,France,46.2276,2.2137,2/29/20,100,2,12
,Cruise Ship,35.4437,139.638,2/29/20,705,6,10
,Denmark,56.2639,9.5018,2/29/20,3,0,0
,Czechia,49.8175,15.473,2/29/20,0,0,0
,Taiwan*,23.7,121,2/29/20,39,1,9
,Vietnam,16,108,2/29/20,16,0,16
,Russia,60,90,2/29/20,2,0,2
,Moldova,47.4116,28.3699,2/29/20,0,0,0
,Bolivia,-16.2902,-63.5887,2/29/20,0,0,0
,Denmark,61.8926,-6.9118,2/29/20,0,0,0
,France,18.0708,-63.0501,2/29/20,0,0,0
,Honduras,15.2,-86.2419,2/29/20,0,0,0
,United Kingdom,49.3723,-2.3644,2/29/20,0,0,0
,Canada,46.5653,-66.4619,2/29/20,0,0,0
,Congo (Kinshasa),-4.0383,21.7587,2/29/20,0,0,0
,Cote d'Ivoire,7.54,-5.5471,2/29/20,0,0,0
,France,17.9,-62.8333,2/29/20,0,0,0
,Jamaica,18.1096,-77.2975,2/29/20,0,0,0
,Turkey,38.9637,35.2433,2/29/20,0,0,0
,United Kingdom,36.1408,-5.3536,2/29/20,0,0,0
,Cuba,22,-80,2/29/20,0,0,0
,Guyana,5,-58.75,2/29/20,0,0,0
,Australia,-35.4735,149.0124,2/29/20,0,0,0
,United Kingdom,55.3781,-3.436,2/29/20,23,0,8
,Kazakhstan,48.0196,66.9237,2/29/20,0,0,0
,France,-17.6797,149.4068,2/29/20,0,0,0
,Canada,53.7609,-98.8139,2/29/20,0,0,0
,Canada,52.9399,-106.4509,2/29/20,0,0,0
,Ethiopia,9.145,40.4897,2/29/20,0,0,0
,Sudan,12.8628,30.2176,2/29/20,0,0,0
,Guinea,9.9456,-9.6966,2/29/20,0,0,0
,Canada,37.6489,-122.6655,2/29/20,0,0,0
,Kenya,-0.0236,37.9062,2/29/20,0,0,0
,Antigua and Barbuda,17.0608,-61.7964,2/29/20,0,0,0
,US,32.3182,-86.9023,2/29/20,0,0,0
,Uruguay,-32.5228,-55.7658,2/29/20,0,0,0
,Ghana,7.9465,-1.0232,2/29/20,0,0,0
,US,18.2208,-66.5901,2/29/20,0,0,0
,Namibia,-22.9576,18.4904,2/29/20,0,0,0
,Seychelles,-4.6796,55.492,2/29/20,0,0,0
,Trinidad and Tobago,10.6918,-61.2225,2/29/20,0,0,0
,Venezuela,6.4238,-66.5897,2/29/20,0,0,0
,Eswatini,-26.5225,31.4659,2/29/20,0,0,0
,Gabon,-0.8037,11.6094,2/29/20,0,0,0
,Guatemala,15.7835,-90.2308,2/29/20,0,0,0
,Mauritania,21.0079,10.9408,2/29/20,0,0,0
,Rwanda,-1.9403,29.8739,2/29/20,0,0,0
,Saint Lucia,13.9094,-60.9789,2/29/20,0,0,0
,Saint Vincent and the Grenadines,12.9843,-61.2872,2/29/20,0,0,0
,Suriname,3.9193,-56.0278,2/29/20,0,0,0
,France,3.9339,-53.1258,2/29/20,0,0,0
,US,13.4443,144.7937,2/29/20,0,0,0
,Kosovo,42.6026,20.903,2/29/20,0,0,0
,Canada,53.1355,-57.6604,2/29/20,0,0,0
,Canada,46.5107,-63.4168,2/29/20,0,0,0
,Central African Republic,6.6111,20.9394,2/29/20,0,0,0
,Congo (Brazzaville),-4.0383,21.7587,2/29/20,0,0,0
,Equatorial Guinea,1.5,10,2/29/20,0,0,0
,France,-12.8275,45.1662,2/29/20,0,0,0
,Uzbekistan,41.3775,64.5853,2/29/20,0,0,0
,Netherlands,52.1326,5.2913,2/29/20,6,0,0
,Canada,44.682,-63.7443,2/29/20,0,0,0
,France,16.25,-61.5833,2/29/20,0,0,0
,Benin,9.3077,2.3158,2/29/20,0,0,0
,Liberia,6.4281,-9.4295,2/29/20,0,0,0
,Netherlands,12.1696,-68.99,2/29/20,0,0,0
,Somalia,5.1521,46.1996,2/29/20,0,0,0
,Tanzania,-6.369,34.8888,2/29/20,0,0,0
,US,18.3358,-64.8963,2/29/20,0,0,0
,United Kingdom,19.3133,-81.2546,2/29/20,0,0,0
,France,-21.1351,55.2471,2/29/20,0,0,0
,Barbados,13.1939,-59.5432,2/29/20,0,0,0
,Montenegro,42.5,19.3,2/29/20,0,0,0
,Kyrgyzstan,41.2044,74.7661,2/29/20,0,0,0
,Mauritius,-20.2,57.5,2/29/20,0,0,0
,Netherlands,12.5186,-70.0358,2/29/20,0,0,0
,Zambia,-15.4167,28.2833,2/29/20,0,0,0
,Djibouti,11.8251,42.5903,2/29/20,0,0,0
,"Gambia, The",13.4432,-15.3101,2/29/20,0,0,0
,United Kingdom,16.7425,-62.1874,2/29/20,0,0,0
,"Bahamas, The",25.0343,-77.3963,2/29/20,0,0,0
,Denmark,71.7069,-42.6043,2/29/20,0,0,0
,France,-20.9043,165.618,2/29/20,0,0,0
,United Kingdom,32.3078,-64.7505,2/29/20,0,0,0
,Chad,15.4542,18.7322,2/29/20,0,0,0
,El Salvador,13.7942,-88.8965,2/29/20,0,0,0
,Fiji,-17.7134,178.065,2/29/20,0,0,0
,Nicaragua,12.8654,-85.2072,2/29/20,0,0,0
,Madagascar,-18.7669,46.8691,2/29/20,0,0,0
,Haiti,18.9712,-72.2852,2/29/20,0,0,0
,Angola,-11.2027,17.8739,2/29/20,0,0,0
,Cabo Verde,16.5388,-23.0418,2/29/20,0,0,0
,Netherlands,18.0425,-63.0548,2/29/20,0,0,0
,Niger,17.6078,8.0817,2/29/20,0,0,0
,Papua New Guinea,-6.315,143.9555,2/29/20,0,0,0
,United Kingdom,54.2361,-4.5481,2/29/20,0,0,0
,Zimbabwe,-20,30,2/29/20,0,0,0
,Canada,64.8255,-124.8457,2/29/20,0,0,0
,Cape Verde,15.1111,-23.6167,2/29/20,0,0,0
,East Timor,-8.55,125.56,2/29/20,0,0,0
,Eritrea,15.1794,39.7823,2/29/20,0,0,0
,Uganda,1,32,2/29/20,0,0,0
,Dominica,15.415,-61.371,2/29/20,0,0,0
,Grenada,12.1165,-61.679,2/29/20,0,0,0
,Mozambique,-18.6657,35.5296,2/29/20,0,0,0
,Syria,34.8021,38.9968,2/29/20,0,0,0
,Timor-Leste,-8.8742,125.7275,2/29/20,0,0,0
,Thailand,15,101,2003/1/20,42,1,28
,Japan,36,138,2003/1/20,256,6,32
,Singapore,1.2833,103.8333,2003/1/20,106,0,72
,Nepal,28.1667,84.25,2003/1/20,1,0,1
,Malaysia,2.5,112.5,2003/1/20,29,0,18
,Canada,49.2827,-123.1207,2003/1/20,8,0,3
,Australia,-33.8688,151.2093,2003/1/20,6,0,4
,Australia,-37.8136,144.9631,2003/1/20,7,0,4
,Australia,-28.0167,153.4,2003/1/20,9,0,1
,Cambodia,11.55,104.9167,2003/1/20,1,0,1
,Sri Lanka,7,81,2003/1/20,1,0,1
,Germany,51,9,2003/1/20,130,0,16
,Finland,64,26,2003/1/20,6,0,1
,United Arab Emirates,24,54,2003/1/20,21,0,5
,Philippines,13,122,2003/1/20,3,1,1
,India,21,78,2003/1/20,3,0,3
,Italy,43,12,2003/1/20,1694,34,83
,Sweden,63,16,2003/1/20,14,0,0
,Spain,40,-4,2003/1/20,84,0,2
,Australia,-34.9285,138.6007,2003/1/20,3,0,2
,Belgium,50.8333,4,2003/1/20,2,0,1
,Egypt,26,30,2003/1/20,2,0,1
,Australia,35.4437,139.638,2003/1/20,0,0,0
,Lebanon,33.8547,35.8623,2003/1/20,10,0,0
,Iraq,33,44,2003/1/20,19,0,0
,Oman,21,57,2003/1/20,6,0,1
,Afghanistan,33,65,2003/1/20,1,0,0
,Bahrain,26.0275,50.55,2003/1/20,47,0,0
,Kuwait,29.5,47.75,2003/1/20,45,0,0
,Algeria,28.0339,1.6596,2003/1/20,1,0,0
,Croatia,45.1,15.2,2003/1/20,7,0,0
,Switzerland,46.8182,8.2275,2003/1/20,27,0,0
,Austria,47.5162,14.5501,2003/1/20,14,0,0
,Israel,31,35,2003/1/20,10,0,1
,Pakistan,30.3753,69.3451,2003/1/20,4,0,0
,Brazil,-14.235,-51.9253,2003/1/20,2,0,0
,Georgia,42.3154,43.3569,2003/1/20,3,0,0
,Greece,39.0742,21.8243,2003/1/20,7,0,0
,North Macedonia,41.6086,21.7453,2003/1/20,1,0,0
,Norway,60.472,8.4689,2003/1/20,19,0,0
,Romania,45.9432,24.9668,2003/1/20,3,0,0
,Estonia,58.5953,25.0136,2003/1/20,1,0,0
,San Marino,43.9424,12.4578,2003/1/20,1,0,0
,Belarus,53.7098,27.9534,2003/1/20,1,0,0
,Iceland,64.9631,-19.0208,2003/1/20,3,0,0
,Lithuania,55.1694,23.8813,2003/1/20,1,0,0
,Mexico,23.6345,-102.5528,2003/1/20,5,0,0
,New Zealand,-40.9006,174.886,2003/1/20,1,0,0
,Nigeria,9.082,8.6753,2003/1/20,1,0,0
,Australia,-31.9505,115.8605,2003/1/20,2,1,0
,Ireland,53.1424,-7.6921,2003/1/20,1,0,0
,Luxembourg,49.8153,6.1296,2003/1/20,1,0,0
,Monaco,43.7333,7.4167,2003/1/20,1,0,0
,Qatar,25.3548,51.1839,2003/1/20,3,0,0
,Ecuador,-1.8312,-78.1834,2003/1/20,6,0,0
,Azerbaijan,40.1431,47.5769,2003/1/20,3,0,0
,Armenia,40.0691,45.0382,2003/1/20,1,0,0
,Dominican Republic,18.7357,-70.1627,2003/1/20,1,0,0
,Indonesia,-0.7893,113.9213,2003/1/20,0,0,0
,Portugal,39.3999,-8.2245,2003/1/20,0,0,0
,Andorra,42.5063,1.5218,2003/1/20,0,0,0
,Australia,-41.4545,145.9707,2003/1/20,0,0,0
,Latvia,56.8796,24.6032,2003/1/20,0,0,0
,Morocco,31.7917,-7.0926,2003/1/20,0,0,0
,Saudi Arabia,24,45,2003/1/20,0,0,0
,Senegal,14.4974,-14.4524,2003/1/20,0,0,0
,Argentina,-38.4161,-63.6167,2003/1/20,0,0,0
,Chile,-35.6751,-71.543,2003/1/20,0,0,0
,Jordan,31.24,36.51,2003/1/20,0,0,0
,Ukraine,48.3794,31.1656,2003/1/20,0,0,0
,Hungary,47.1625,19.5033,2003/1/20,0,0,0
,Australia,-12.4634,130.8456,2003/1/20,0,0,0
,Liechtenstein,47.14,9.55,2003/1/20,0,0,0
,Poland,51.9194,19.1451,2003/1/20,0,0,0
,Tunisia,34,9,2003/1/20,0,0,0
,Bosnia and Herzegovina,43.9159,17.6791,2003/1/20,0,0,0
,Slovenia,46.1512,14.9955,2003/1/20,0,0,0
,South Africa,-30.5595,22.9375,2003/1/20,0,0,0
,Bhutan,27.5142,90.4336,2003/1/20,0,0,0
,Cameroon,3.848,11.5021,2003/1/20,0,0,0
,Colombia,4.5709,-74.2973,2003/1/20,0,0,0
,Costa Rica,9.7489,-83.7534,2003/1/20,0,0,0
,Peru,-9.19,-75.0152,2003/1/20,0,0,0
,Serbia,44.0165,21.0059,2003/1/20,0,0,0
,Slovakia,48.669,19.699,2003/1/20,0,0,0
,Togo,8.6195,0.8248,2003/1/20,0,0,0
,Malta,35.9375,14.3754,2003/1/20,0,0,0
,Martinique,14.6415,-61.0242,2003/1/20,0,0,0
,Bulgaria,42.7339,25.4858,2003/1/20,0,0,0
,Maldives,3.2028,73.2207,2003/1/20,0,0,0
,Bangladesh,23.685,90.3563,2003/1/20,0,0,0
,Paraguay,-23.4425,-58.4438,2003/1/20,0,0,0
,Canada,51.2538,-85.3232,2003/1/20,15,0,3
,Canada,53.9333,-116.5765,2003/1/20,0,0,0
,Canada,52.9399,-73.5491,2003/1/20,1,0,0
,Albania,41.1533,20.1683,2003/1/20,0,0,0
,Cyprus,35.1264,33.4299,2003/1/20,0,0,0
,Brunei,4.5353,114.7277,2003/1/20,0,0,0
,US,47.4009,-121.4905,2003/1/20,0,0,0
,US,42.1657,-74.9481,2003/1/20,0,0,0
,US,36.1162,-119.6816,2003/1/20,0,0,0
,US,42.2302,-71.5301,2003/1/20,0,0,0
,US,35.4437,139.638,2003/1/20,44,0,0
,US,37.6489,-122.6655,2003/1/20,0,0,0
,US,33.0406,-83.6431,2003/1/20,0,0,0
,US,39.0598,-105.3111,2003/1/20,0,0,0
,US,27.7663,-81.6868,2003/1/20,0,0,0
,US,40.2989,-74.521,2003/1/20,0,0,0
,US,44.572,-122.0709,2003/1/20,0,0,0
,US,31.0545,-97.5635,2003/1/20,0,0,0
,US,40.3495,-88.9861,2003/1/20,0,0,0
,US,40.5908,-77.2098,2003/1/20,0,0,0
,US,42.0115,-93.2105,2003/1/20,0,0,0
,US,39.0639,-76.8021,2003/1/20,0,0,0
,US,35.6301,-79.8064,2003/1/20,0,0,0
,US,33.8569,-80.945,2003/1/20,0,0,0
,US,35.7478,-86.6923,2003/1/20,0,0,0
,US,37.7693,-78.17,2003/1/20,0,0,0
,US,33.7298,-111.4312,2003/1/20,0,0,0
,US,39.8494,-86.2583,2003/1/20,0,0,0
,US,37.6681,-84.6701,2003/1/20,0,0,0
,US,38.8974,-77.0268,2003/1/20,0,0,0
,US,38.3135,-117.0554,2003/1/20,0,0,0
,US,43.4525,-71.5639,2003/1/20,0,0,0
,US,45.6945,-93.9002,2003/1/20,0,0,0
,US,41.1254,-98.2681,2003/1/20,0,0,0
,US,40.3888,-82.7649,2003/1/20,0,0,0
,US,41.6809,-71.5118,2003/1/20,0,0,0
,US,44.2685,-89.6165,2003/1/20,0,0,0
,US,41.5978,-72.7554,2003/1/20,0,0,0
,US,21.0943,-157.4983,2003/1/20,0,0,0
,US,35.5653,-96.9289,2003/1/20,0,0,0
,US,40.15,-111.8624,2003/1/20,0,0,0
,Burkina Faso,12.2383,-1.5616,2003/1/20,0,0,0
,Holy See,41.9029,12.4534,2003/1/20,0,0,0
,Mongolia,46.8625,103.8467,2003/1/20,0,0,0
,Panama,8.538,-80.7821,2003/1/20,0,0,0
,US,38.5266,-96.7265,2003/1/20,0,0,0
,US,31.1695,-91.8678,2003/1/20,0,0,0
,US,38.4561,-92.2884,2003/1/20,0,0,0
,US,44.0459,-72.7107,2003/1/20,0,0,0
,US,61.3707,-152.4044,2003/1/20,0,0,0
,US,34.9697,-92.3731,2003/1/20,0,0,0
,US,39.3185,-75.5071,2003/1/20,0,0,0
,US,44.2405,-114.4788,2003/1/20,0,0,0
,US,44.6939,-69.3819,2003/1/20,0,0,0
,US,43.3266,-84.5361,2003/1/20,0,0,0
,US,32.7416,-89.6787,2003/1/20,0,0,0
,US,46.9219,-110.4544,2003/1/20,0,0,0
,US,34.8405,-106.2485,2003/1/20,0,0,0
,US,47.5289,-99.784,2003/1/20,0,0,0
,US,44.2998,-99.4388,2003/1/20,0,0,0
,US,38.4912,-80.9545,2003/1/20,0,0,0
,US,42.756,-107.3025,2003/1/20,0,0,0
,Iran,32,53,2003/1/20,978,54,175
,South Korea,36,128,2003/1/20,3736,17,30
,France,46.2276,2.2137,2003/1/20,130,2,12
,Cruise Ship,35.4437,139.638,2003/1/20,705,6,10
,Denmark,56.2639,9.5018,2003/1/20,4,0,0
,Czechia,49.8175,15.473,2003/1/20,3,0,0
,Taiwan*,23.7,121,2003/1/20,40,1,9
,Vietnam,16,108,2003/1/20,16,0,16
,Russia,60,90,2003/1/20,2,0,2
,Moldova,47.4116,28.3699,2003/1/20,0,0,0
,Bolivia,-16.2902,-63.5887,2003/1/20,0,0,0
,Denmark,61.8926,-6.9118,2003/1/20,0,0,0
,France,18.0708,-63.0501,2003/1/20,0,0,0
,Honduras,15.2,-86.2419,2003/1/20,0,0,0
,United Kingdom,49.3723,-2.3644,2003/1/20,0,0,0
,Canada,46.5653,-66.4619,2003/1/20,0,0,0
,Congo (Kinshasa),-4.0383,21.7587,2003/1/20,0,0,0
,Cote d'Ivoire,7.54,-5.5471,2003/1/20,0,0,0
,France,17.9,-62.8333,2003/1/20,0,0,0
,Jamaica,18.1096,-77.2975,2003/1/20,0,0,0
,Turkey,38.9637,35.2433,2003/1/20,0,0,0
,United Kingdom,36.1408,-5.3536,2003/1/20,0,0,0
,Cuba,22,-80,2003/1/20,0,0,0
,Guyana,5,-58.75,2003/1/20,0,0,0
,Australia,-35.4735,149.0124,2003/1/20,0,0,0
,United Kingdom,55.3781,-3.436,2003/1/20,36,0,8
,Kazakhstan,48.0196,66.9237,2003/1/20,0,0,0
,France,-17.6797,149.4068,2003/1/20,0,0,0
,Canada,53.7609,-98.8139,2003/1/20,0,0,0
,Canada,52.9399,-106.4509,2003/1/20,0,0,0
,Ethiopia,9.145,40.4897,2003/1/20,0,0,0
,Sudan,12.8628,30.2176,2003/1/20,0,0,0
,Guinea,9.9456,-9.6966,2003/1/20,0,0,0
,Canada,37.6489,-122.6655,2003/1/20,0,0,0
,Kenya,-0.0236,37.9062,2003/1/20,0,0,0
,Antigua and Barbuda,17.0608,-61.7964,2003/1/20,0,0,0
,US,32.3182,-86.9023,2003/1/20,0,0,0
,Uruguay,-32.5228,-55.7658,2003/1/20,0,0,0
,Ghana,7.9465,-1.0232,2003/1/20,0,0,0
,US,18.2208,-66.5901,2003/1/20,0,0,0
,Namibia,-22.9576,18.4904,2003/1/20,0,0,0
,Seychelles,-4.6796,55.492,2003/1/20,0,0,0
,Trinidad and Tobago,10.6918,-61.2225,2003/1/20,0,0,0
,Venezuela,6.4238,-66.5897,2003/1/20,0,0,0
,Eswatini,-26.5225,31.4659,2003/1/20,0,0,0
,Gabon,-0.8037,11.6094,2003/1/20,0,0,0
,Guatemala,15.7835,-90.2308,2003/1/20,0,0,0
,Mauritania,21.0079,10.9408,2003/1/20,0,0,0
,Rwanda,-1.9403,29.8739,2003/1/20,0,0,0
,Saint Lucia,13.9094,-60.9789,2003/1/20,0,0,0
,Saint Vincent and the Grenadines,12.9843,-61.2872,2003/1/20,0,0,0
,Suriname,3.9193,-56.0278,2003/1/20,0,0,0
,France,3.9339,-53.1258,2003/1/20,0,0,0
,US,13.4443,144.7937,2003/1/20,0,0,0
,Kosovo,42.6026,20.903,2003/1/20,0,0,0
,Canada,53.1355,-57.6604,2003/1/20,0,0,0
,Canada,46.5107,-63.4168,2003/1/20,0,0,0
,Central African Republic,6.6111,20.9394,2003/1/20,0,0,0
,Congo (Brazzaville),-4.0383,21.7587,2003/1/20,0,0,0
,Equatorial Guinea,1.5,10,2003/1/20,0,0,0
,France,-12.8275,45.1662,2003/1/20,0,0,0
,Uzbekistan,41.3775,64.5853,2003/1/20,0,0,0
,Netherlands,52.1326,5.2913,2003/1/20,10,0,0
,Canada,44.682,-63.7443,2003/1/20,0,0,0
,France,16.25,-61.5833,2003/1/20,0,0,0
,Benin,9.3077,2.3158,2003/1/20,0,0,0
,Liberia,6.4281,-9.4295,2003/1/20,0,0,0
,Netherlands,12.1696,-68.99,2003/1/20,0,0,0
,Somalia,5.1521,46.1996,2003/1/20,0,0,0
,Tanzania,-6.369,34.8888,2003/1/20,0,0,0
,US,18.3358,-64.8963,2003/1/20,0,0,0
,United Kingdom,19.3133,-81.2546,2003/1/20,0,0,0
,France,-21.1351,55.2471,2003/1/20,0,0,0
,Barbados,13.1939,-59.5432,2003/1/20,0,0,0
,Montenegro,42.5,19.3,2003/1/20,0,0,0
,Kyrgyzstan,41.2044,74.7661,2003/1/20,0,0,0
,Mauritius,-20.2,57.5,2003/1/20,0,0,0
,Netherlands,12.5186,-70.0358,2003/1/20,0,0,0
,Zambia,-15.4167,28.2833,2003/1/20,0,0,0
,Djibouti,11.8251,42.5903,2003/1/20,0,0,0
,"Gambia, The",13.4432,-15.3101,2003/1/20,0,0,0
,United Kingdom,16.7425,-62.1874,2003/1/20,0,0,0
,"Bahamas, The",25.0343,-77.3963,2003/1/20,0,0,0
,Denmark,71.7069,-42.6043,2003/1/20,0,0,0
,France,-20.9043,165.618,2003/1/20,0,0,0
,United Kingdom,32.3078,-64.7505,2003/1/20,0,0,0
,Chad,15.4542,18.7322,2003/1/20,0,0,0
,El Salvador,13.7942,-88.8965,2003/1/20,0,0,0
,Fiji,-17.7134,178.065,2003/1/20,0,0,0
,Nicaragua,12.8654,-85.2072,2003/1/20,0,0,0
,Madagascar,-18.7669,46.8691,2003/1/20,0,0,0
,Haiti,18.9712,-72.2852,2003/1/20,0,0,0
,Angola,-11.2027,17.8739,2003/1/20,0,0,0
,Cabo Verde,16.5388,-23.0418,2003/1/20,0,0,0
,Netherlands,18.0425,-63.0548,2003/1/20,0,0,0
,Niger,17.6078,8.0817,2003/1/20,0,0,0
,Papua New Guinea,-6.315,143.9555,2003/1/20,0,0,0
,United Kingdom,54.2361,-4.5481,2003/1/20,0,0,0
,Zimbabwe,-20,30,2003/1/20,0,0,0
,Canada,64.8255,-124.8457,2003/1/20,0,0,0
,Cape Verde,15.1111,-23.6167,2003/1/20,0,0,0
,East Timor,-8.55,125.56,2003/1/20,0,0,0
,Eritrea,15.1794,39.7823,2003/1/20,0,0,0
,Uganda,1,32,2003/1/20,0,0,0
,Dominica,15.415,-61.371,2003/1/20,0,0,0
,Grenada,12.1165,-61.679,2003/1/20,0,0,0
,Mozambique,-18.6657,35.5296,2003/1/20,0,0,0
,Syria,34.8021,38.9968,2003/1/20,0,0,0
,Timor-Leste,-8.8742,125.7275,2003/1/20,0,0,0
,Thailand,15,101,2003/2/20,43,1,31
,Japan,36,138,2003/2/20,274,6,32
,Singapore,1.2833,103.8333,2003/2/20,108,0,78
,Nepal,28.1667,84.25,2003/2/20,1,0,1
,Malaysia,2.5,112.5,2003/2/20,29,0,18
,Canada,49.2827,-123.1207,2003/2/20,8,0,3
,Australia,-33.8688,151.2093,2003/2/20,6,0,4
,Australia,-37.8136,144.9631,2003/2/20,9,0,4
,Australia,-28.0167,153.4,2003/2/20,9,0,1
,Cambodia,11.55,104.9167,2003/2/20,1,0,1
,Sri Lanka,7,81,2003/2/20,1,0,1
,Germany,51,9,2003/2/20,159,0,16
,Finland,64,26,2003/2/20,6,0,1
,United Arab Emirates,24,54,2003/2/20,21,0,5
,Philippines,13,122,2003/2/20,3,1,1
,India,21,78,2003/2/20,5,0,3
,Italy,43,12,2003/2/20,2036,52,149
,Sweden,63,16,2003/2/20,15,0,0
,Spain,40,-4,2003/2/20,120,0,2
,Australia,-34.9285,138.6007,2003/2/20,3,0,2
,Belgium,50.8333,4,2003/2/20,8,0,1
,Egypt,26,30,2003/2/20,2,0,1
,Australia,35.4437,139.638,2003/2/20,0,0,0
,Lebanon,33.8547,35.8623,2003/2/20,13,0,0
,Iraq,33,44,2003/2/20,26,0,0
,Oman,21,57,2003/2/20,6,0,1
,Afghanistan,33,65,2003/2/20,1,0,0
,Bahrain,26.0275,50.55,2003/2/20,49,0,0
,Kuwait,29.5,47.75,2003/2/20,56,0,0
,Algeria,28.0339,1.6596,2003/2/20,3,0,0
,Croatia,45.1,15.2,2003/2/20,7,0,0
,Switzerland,46.8182,8.2275,2003/2/20,42,0,0
,Austria,47.5162,14.5501,2003/2/20,18,0,0
,Israel,31,35,2003/2/20,10,0,1
,Pakistan,30.3753,69.3451,2003/2/20,4,0,0
,Brazil,-14.235,-51.9253,2003/2/20,2,0,0
,Georgia,42.3154,43.3569,2003/2/20,3,0,0
,Greece,39.0742,21.8243,2003/2/20,7,0,0
,North Macedonia,41.6086,21.7453,2003/2/20,1,0,0
,Norway,60.472,8.4689,2003/2/20,25,0,0
,Romania,45.9432,24.9668,2003/2/20,3,0,0
,Estonia,58.5953,25.0136,2003/2/20,1,0,0
,San Marino,43.9424,12.4578,2003/2/20,8,0,0
,Belarus,53.7098,27.9534,2003/2/20,1,0,0
,Iceland,64.9631,-19.0208,2003/2/20,6,0,0
,Lithuania,55.1694,23.8813,2003/2/20,1,0,0
,Mexico,23.6345,-102.5528,2003/2/20,5,0,0
,New Zealand,-40.9006,174.886,2003/2/20,1,0,0
,Nigeria,9.082,8.6753,2003/2/20,1,0,0
,Australia,-31.9505,115.8605,2003/2/20,2,1,0
,Ireland,53.1424,-7.6921,2003/2/20,1,0,0
,Luxembourg,49.8153,6.1296,2003/2/20,1,0,0
,Monaco,43.7333,7.4167,2003/2/20,1,0,0
,Qatar,25.3548,51.1839,2003/2/20,3,0,0
,Ecuador,-1.8312,-78.1834,2003/2/20,6,0,0
,Azerbaijan,40.1431,47.5769,2003/2/20,3,0,0
,Armenia,40.0691,45.0382,2003/2/20,1,0,0
,Dominican Republic,18.7357,-70.1627,2003/2/20,1,0,0
,Indonesia,-0.7893,113.9213,2003/2/20,2,0,0
,Portugal,39.3999,-8.2245,2003/2/20,2,0,0
,Andorra,42.5063,1.5218,2003/2/20,1,0,0
,Australia,-41.4545,145.9707,2003/2/20,1,0,0
,Latvia,56.8796,24.6032,2003/2/20,1,0,0
,Morocco,31.7917,-7.0926,2003/2/20,1,0,0
,Saudi Arabia,24,45,2003/2/20,1,0,0
,Senegal,14.4974,-14.4524,2003/2/20,1,0,0
,Argentina,-38.4161,-63.6167,2003/2/20,0,0,0
,Chile,-35.6751,-71.543,2003/2/20,0,0,0
,Jordan,31.24,36.51,2003/2/20,0,0,0
,Ukraine,48.3794,31.1656,2003/2/20,0,0,0
,Hungary,47.1625,19.5033,2003/2/20,0,0,0
,Australia,-12.4634,130.8456,2003/2/20,0,0,0
,Liechtenstein,47.14,9.55,2003/2/20,0,0,0
,Poland,51.9194,19.1451,2003/2/20,0,0,0
,Tunisia,34,9,2003/2/20,0,0,0
,Bosnia and Herzegovina,43.9159,17.6791,2003/2/20,0,0,0
,Slovenia,46.1512,14.9955,2003/2/20,0,0,0
,South Africa,-30.5595,22.9375,2003/2/20,0,0,0
,Bhutan,27.5142,90.4336,2003/2/20,0,0,0
,Cameroon,3.848,11.5021,2003/2/20,0,0,0
,Colombia,4.5709,-74.2973,2003/2/20,0,0,0
,Costa Rica,9.7489,-83.7534,2003/2/20,0,0,0
,Peru,-9.19,-75.0152,2003/2/20,0,0,0
,Serbia,44.0165,21.0059,2003/2/20,0,0,0
,Slovakia,48.669,19.699,2003/2/20,0,0,0
,Togo,8.6195,0.8248,2003/2/20,0,0,0
,Malta,35.9375,14.3754,2003/2/20,0,0,0
,Martinique,14.6415,-61.0242,2003/2/20,0,0,0
,Bulgaria,42.7339,25.4858,2003/2/20,0,0,0
,Maldives,3.2028,73.2207,2003/2/20,0,0,0
,Bangladesh,23.685,90.3563,2003/2/20,0,0,0
,Paraguay,-23.4425,-58.4438,2003/2/20,0,0,0
,Canada,51.2538,-85.3232,2003/2/20,18,0,3
,Canada,53.9333,-116.5765,2003/2/20,0,0,0
,Canada,52.9399,-73.5491,2003/2/20,1,0,0
,Albania,41.1533,20.1683,2003/2/20,0,0,0
,Cyprus,35.1264,33.4299,2003/2/20,0,0,0
,Brunei,4.5353,114.7277,2003/2/20,0,0,0
,US,47.4009,-121.4905,2003/2/20,0,0,0
,US,42.1657,-74.9481,2003/2/20,0,0,0
,US,36.1162,-119.6816,2003/2/20,0,0,0
,US,42.2302,-71.5301,2003/2/20,0,0,0
,US,35.4437,139.638,2003/2/20,45,0,0
,US,37.6489,-122.6655,2003/2/20,0,0,0
,US,33.0406,-83.6431,2003/2/20,0,0,0
,US,39.0598,-105.3111,2003/2/20,0,0,0
,US,27.7663,-81.6868,2003/2/20,0,0,0
,US,40.2989,-74.521,2003/2/20,0,0,0
,US,44.572,-122.0709,2003/2/20,0,0,0
,US,31.0545,-97.5635,2003/2/20,0,0,0
,US,40.3495,-88.9861,2003/2/20,0,0,0
,US,40.5908,-77.2098,2003/2/20,0,0,0
,US,42.0115,-93.2105,2003/2/20,0,0,0
,US,39.0639,-76.8021,2003/2/20,0,0,0
,US,35.6301,-79.8064,2003/2/20,0,0,0
,US,33.8569,-80.945,2003/2/20,0,0,0
,US,35.7478,-86.6923,2003/2/20,0,0,0
,US,37.7693,-78.17,2003/2/20,0,0,0
,US,33.7298,-111.4312,2003/2/20,0,0,0
,US,39.8494,-86.2583,2003/2/20,0,0,0
,US,37.6681,-84.6701,2003/2/20,0,0,0
,US,38.8974,-77.0268,2003/2/20,0,0,0
,US,38.3135,-117.0554,2003/2/20,0,0,0
,US,43.4525,-71.5639,2003/2/20,0,0,0
,US,45.6945,-93.9002,2003/2/20,0,0,0
,US,41.1254,-98.2681,2003/2/20,0,0,0
,US,40.3888,-82.7649,2003/2/20,0,0,0
,US,41.6809,-71.5118,2003/2/20,0,0,0
,US,44.2685,-89.6165,2003/2/20,0,0,0
,US,41.5978,-72.7554,2003/2/20,0,0,0
,US,21.0943,-157.4983,2003/2/20,0,0,0
,US,35.5653,-96.9289,2003/2/20,0,0,0
,US,40.15,-111.8624,2003/2/20,0,0,0
,Burkina Faso,12.2383,-1.5616,2003/2/20,0,0,0
,Holy See,41.9029,12.4534,2003/2/20,0,0,0
,Mongolia,46.8625,103.8467,2003/2/20,0,0,0
,Panama,8.538,-80.7821,2003/2/20,0,0,0
,US,38.5266,-96.7265,2003/2/20,0,0,0
,US,31.1695,-91.8678,2003/2/20,0,0,0
,US,38.4561,-92.2884,2003/2/20,0,0,0
,US,44.0459,-72.7107,2003/2/20,0,0,0
,US,61.3707,-152.4044,2003/2/20,0,0,0
,US,34.9697,-92.3731,2003/2/20,0,0,0
,US,39.3185,-75.5071,2003/2/20,0,0,0
,US,44.2405,-114.4788,2003/2/20,0,0,0
,US,44.6939,-69.3819,2003/2/20,0,0,0
,US,43.3266,-84.5361,2003/2/20,0,0,0
,US,32.7416,-89.6787,2003/2/20,0,0,0
,US,46.9219,-110.4544,2003/2/20,0,0,0
,US,34.8405,-106.2485,2003/2/20,0,0,0
,US,47.5289,-99.784,2003/2/20,0,0,0
,US,44.2998,-99.4388,2003/2/20,0,0,0
,US,38.4912,-80.9545,2003/2/20,0,0,0
,US,42.756,-107.3025,2003/2/20,0,0,0
,Iran,32,53,2003/2/20,1501,66,291
,South Korea,36,128,2003/2/20,4335,28,30
,France,46.2276,2.2137,2003/2/20,191,3,12
,Cruise Ship,35.4437,139.638,2003/2/20,705,6,10
,Denmark,56.2639,9.5018,2003/2/20,4,0,0
,Czechia,49.8175,15.473,2003/2/20,3,0,0
,Taiwan*,23.7,121,2003/2/20,41,1,12
,Vietnam,16,108,2003/2/20,16,0,16
,Russia,60,90,2003/2/20,3,0,2
,Moldova,47.4116,28.3699,2003/2/20,0,0,0
,Bolivia,-16.2902,-63.5887,2003/2/20,0,0,0
,Denmark,61.8926,-6.9118,2003/2/20,0,0,0
,France,18.0708,-63.0501,2003/2/20,0,0,0
,Honduras,15.2,-86.2419,2003/2/20,0,0,0
,United Kingdom,49.3723,-2.3644,2003/2/20,0,0,0
,Canada,46.5653,-66.4619,2003/2/20,0,0,0
,Congo (Kinshasa),-4.0383,21.7587,2003/2/20,0,0,0
,Cote d'Ivoire,7.54,-5.5471,2003/2/20,0,0,0
,France,17.9,-62.8333,2003/2/20,0,0,0
,Jamaica,18.1096,-77.2975,2003/2/20,0,0,0
,Turkey,38.9637,35.2433,2003/2/20,0,0,0
,United Kingdom,36.1408,-5.3536,2003/2/20,0,0,0
,Cuba,22,-80,2003/2/20,0,0,0
,Guyana,5,-58.75,2003/2/20,0,0,0
,Australia,-35.4735,149.0124,2003/2/20,0,0,0
,United Kingdom,55.3781,-3.436,2003/2/20,40,0,8
,Kazakhstan,48.0196,66.9237,2003/2/20,0,0,0
,France,-17.6797,149.4068,2003/2/20,0,0,0
,Canada,53.7609,-98.8139,2003/2/20,0,0,0
,Canada,52.9399,-106.4509,2003/2/20,0,0,0
,Ethiopia,9.145,40.4897,2003/2/20,0,0,0
,Sudan,12.8628,30.2176,2003/2/20,0,0,0
,Guinea,9.9456,-9.6966,2003/2/20,0,0,0
,Canada,37.6489,-122.6655,2003/2/20,0,0,0
,Kenya,-0.0236,37.9062,2003/2/20,0,0,0
,Antigua and Barbuda,17.0608,-61.7964,2003/2/20,0,0,0
,US,32.3182,-86.9023,2003/2/20,0,0,0
,Uruguay,-32.5228,-55.7658,2003/2/20,0,0,0
,Ghana,7.9465,-1.0232,2003/2/20,0,0,0
,US,18.2208,-66.5901,2003/2/20,0,0,0
,Namibia,-22.9576,18.4904,2003/2/20,0,0,0
,Seychelles,-4.6796,55.492,2003/2/20,0,0,0
,Trinidad and Tobago,10.6918,-61.2225,2003/2/20,0,0,0
,Venezuela,6.4238,-66.5897,2003/2/20,0,0,0
,Eswatini,-26.5225,31.4659,2003/2/20,0,0,0
,Gabon,-0.8037,11.6094,2003/2/20,0,0,0
,Guatemala,15.7835,-90.2308,2003/2/20,0,0,0
,Mauritania,21.0079,10.9408,2003/2/20,0,0,0
,Rwanda,-1.9403,29.8739,2003/2/20,0,0,0
,Saint Lucia,13.9094,-60.9789,2003/2/20,0,0,0
,Saint Vincent and the Grenadines,12.9843,-61.2872,2003/2/20,0,0,0
,Suriname,3.9193,-56.0278,2003/2/20,0,0,0
,France,3.9339,-53.1258,2003/2/20,0,0,0
,US,13.4443,144.7937,2003/2/20,0,0,0
,Kosovo,42.6026,20.903,2003/2/20,0,0,0
,Canada,53.1355,-57.6604,2003/2/20,0,0,0
,Canada,46.5107,-63.4168,2003/2/20,0,0,0
,Central African Republic,6.6111,20.9394,2003/2/20,0,0,0
,Congo (Brazzaville),-4.0383,21.7587,2003/2/20,0,0,0
,Equatorial Guinea,1.5,10,2003/2/20,0,0,0
,France,-12.8275,45.1662,2003/2/20,0,0,0
,Uzbekistan,41.3775,64.5853,2003/2/20,0,0,0
,Netherlands,52.1326,5.2913,2003/2/20,18,0,0
,Canada,44.682,-63.7443,2003/2/20,0,0,0
,France,16.25,-61.5833,2003/2/20,0,0,0
,Benin,9.3077,2.3158,2003/2/20,0,0,0
,Liberia,6.4281,-9.4295,2003/2/20,0,0,0
,Netherlands,12.1696,-68.99,2003/2/20,0,0,0
,Somalia,5.1521,46.1996,2003/2/20,0,0,0
,Tanzania,-6.369,34.8888,2003/2/20,0,0,0
,US,18.3358,-64.8963,2003/2/20,0,0,0
,United Kingdom,19.3133,-81.2546,2003/2/20,0,0,0
,France,-21.1351,55.2471,2003/2/20,0,0,0
,Barbados,13.1939,-59.5432,2003/2/20,0,0,0
,Montenegro,42.5,19.3,2003/2/20,0,0,0
,Kyrgyzstan,41.2044,74.7661,2003/2/20,0,0,0
,Mauritius,-20.2,57.5,2003/2/20,0,0,0
,Netherlands,12.5186,-70.0358,2003/2/20,0,0,0
,Zambia,-15.4167,28.2833,2003/2/20,0,0,0
,Djibouti,11.8251,42.5903,2003/2/20,0,0,0
,"Gambia, The",13.4432,-15.3101,2003/2/20,0,0,0
,United Kingdom,16.7425,-62.1874,2003/2/20,0,0,0
,"Bahamas, The",25.0343,-77.3963,2003/2/20,0,0,0
,Denmark,71.7069,-42.6043,2003/2/20,0,0,0
,France,-20.9043,165.618,2003/2/20,0,0,0
,United Kingdom,32.3078,-64.7505,2003/2/20,0,0,0
,Chad,15.4542,18.7322,2003/2/20,0,0,0
,El Salvador,13.7942,-88.8965,2003/2/20,0,0,0
,Fiji,-17.7134,178.065,2003/2/20,0,0,0
,Nicaragua,12.8654,-85.2072,2003/2/20,0,0,0
,Madagascar,-18.7669,46.8691,2003/2/20,0,0,0
,Haiti,18.9712,-72.2852,2003/2/20,0,0,0
,Angola,-11.2027,17.8739,2003/2/20,0,0,0
,Cabo Verde,16.5388,-23.0418,2003/2/20,0,0,0
,Netherlands,18.0425,-63.0548,2003/2/20,0,0,0
,Niger,17.6078,8.0817,2003/2/20,0,0,0
,Papua New Guinea,-6.315,143.9555,2003/2/20,0,0,0
,United Kingdom,54.2361,-4.5481,2003/2/20,0,0,0
,Zimbabwe,-20,30,2003/2/20,0,0,0
,Canada,64.8255,-124.8457,2003/2/20,0,0,0
,Cape Verde,15.1111,-23.6167,2003/2/20,0,0,0
,East Timor,-8.55,125.56,2003/2/20,0,0,0
,Eritrea,15.1794,39.7823,2003/2/20,0,0,0
,Uganda,1,32,2003/2/20,0,0,0
,Dominica,15.415,-61.371,2003/2/20,0,0,0
,Grenada,12.1165,-61.679,2003/2/20,0,0,0
,Mozambique,-18.6657,35.5296,2003/2/20,0,0,0
,Syria,34.8021,38.9968,2003/2/20,0,0,0
,Timor-Leste,-8.8742,125.7275,2003/2/20,0,0,0
,Thailand,15,101,2003/3/20,43,1,31
,Japan,36,138,2003/3/20,293,6,43
,Singapore,1.2833,103.8333,2003/3/20,110,0,78
,Nepal,28.1667,84.25,2003/3/20,1,0,1
,Malaysia,2.5,112.5,2003/3/20,36,0,22
,Canada,49.2827,-123.1207,2003/3/20,9,0,3
,Australia,-33.8688,151.2093,2003/3/20,13,0,4
,Australia,-37.8136,144.9631,2003/3/20,9,0,4
,Australia,-28.0167,153.4,2003/3/20,11,0,1
,Cambodia,11.55,104.9167,2003/3/20,1,0,1
,Sri Lanka,7,81,2003/3/20,1,0,1
,Germany,51,9,2003/3/20,196,0,16
,Finland,64,26,2003/3/20,6,0,1
,United Arab Emirates,24,54,2003/3/20,27,0,5
,Philippines,13,122,2003/3/20,3,1,1
,India,21,78,2003/3/20,5,0,3
,Italy,43,12,2003/3/20,2502,79,160
,Sweden,63,16,2003/3/20,21,0,0
,Spain,40,-4,2003/3/20,165,1,2
,Australia,-34.9285,138.6007,2003/3/20,3,0,2
,Belgium,50.8333,4,2003/3/20,13,0,1
,Egypt,26,30,2003/3/20,2,0,1
,Australia,35.4437,139.638,2003/3/20,0,0,0
,Lebanon,33.8547,35.8623,2003/3/20,13,0,0
,Iraq,33,44,2003/3/20,32,0,0
,Oman,21,57,2003/3/20,12,0,2
,Afghanistan,33,65,2003/3/20,1,0,0
,Bahrain,26.0275,50.55,2003/3/20,49,0,0
,Kuwait,29.5,47.75,2003/3/20,56,0,0
,Algeria,28.0339,1.6596,2003/3/20,5,0,0
,Croatia,45.1,15.2,2003/3/20,9,0,0
,Switzerland,46.8182,8.2275,2003/3/20,56,0,2
,Austria,47.5162,14.5501,2003/3/20,21,0,0
,Israel,31,35,2003/3/20,12,0,1
,Pakistan,30.3753,69.3451,2003/3/20,5,0,0
,Brazil,-14.235,-51.9253,2003/3/20,2,0,0
,Georgia,42.3154,43.3569,2003/3/20,3,0,0
,Greece,39.0742,21.8243,2003/3/20,7,0,0
,North Macedonia,41.6086,21.7453,2003/3/20,1,0,0
,Norway,60.472,8.4689,2003/3/20,32,0,0
,Romania,45.9432,24.9668,2003/3/20,3,0,0
,Estonia,58.5953,25.0136,2003/3/20,2,0,0
,San Marino,43.9424,12.4578,2003/3/20,10,1,0
,Belarus,53.7098,27.9534,2003/3/20,1,0,0
,Iceland,64.9631,-19.0208,2003/3/20,11,0,0
,Lithuania,55.1694,23.8813,2003/3/20,1,0,0
,Mexico,23.6345,-102.5528,2003/3/20,5,0,1
,New Zealand,-40.9006,174.886,2003/3/20,1,0,0
,Nigeria,9.082,8.6753,2003/3/20,1,0,0
,Australia,-31.9505,115.8605,2003/3/20,2,1,0
,Ireland,53.1424,-7.6921,2003/3/20,2,0,0
,Luxembourg,49.8153,6.1296,2003/3/20,1,0,0
,Monaco,43.7333,7.4167,2003/3/20,1,0,0
,Qatar,25.3548,51.1839,2003/3/20,7,0,0
,Ecuador,-1.8312,-78.1834,2003/3/20,7,0,0
,Azerbaijan,40.1431,47.5769,2003/3/20,3,0,0
,Armenia,40.0691,45.0382,2003/3/20,1,0,0
,Dominican Republic,18.7357,-70.1627,2003/3/20,1,0,0
,Indonesia,-0.7893,113.9213,2003/3/20,2,0,0
,Portugal,39.3999,-8.2245,2003/3/20,2,0,0
,Andorra,42.5063,1.5218,2003/3/20,1,0,0
,Australia,-41.4545,145.9707,2003/3/20,1,0,0
,Latvia,56.8796,24.6032,2003/3/20,1,0,0
,Morocco,31.7917,-7.0926,2003/3/20,1,0,0
,Saudi Arabia,24,45,2003/3/20,1,0,0
,Senegal,14.4974,-14.4524,2003/3/20,2,0,0
,Argentina,-38.4161,-63.6167,2003/3/20,1,0,0
,Chile,-35.6751,-71.543,2003/3/20,1,0,0
,Jordan,31.24,36.51,2003/3/20,1,0,0
,Ukraine,48.3794,31.1656,2003/3/20,1,0,0
,Hungary,47.1625,19.5033,2003/3/20,0,0,0
,Australia,-12.4634,130.8456,2003/3/20,0,0,0
,Liechtenstein,47.14,9.55,2003/3/20,0,0,0
,Poland,51.9194,19.1451,2003/3/20,0,0,0
,Tunisia,34,9,2003/3/20,0,0,0
,Bosnia and Herzegovina,43.9159,17.6791,2003/3/20,0,0,0
,Slovenia,46.1512,14.9955,2003/3/20,0,0,0
,South Africa,-30.5595,22.9375,2003/3/20,0,0,0
,Bhutan,27.5142,90.4336,2003/3/20,0,0,0
,Cameroon,3.848,11.5021,2003/3/20,0,0,0
,Colombia,4.5709,-74.2973,2003/3/20,0,0,0
,Costa Rica,9.7489,-83.7534,2003/3/20,0,0,0
,Peru,-9.19,-75.0152,2003/3/20,0,0,0
,Serbia,44.0165,21.0059,2003/3/20,0,0,0
,Slovakia,48.669,19.699,2003/3/20,0,0,0
,Togo,8.6195,0.8248,2003/3/20,0,0,0
,Malta,35.9375,14.3754,2003/3/20,0,0,0
,Martinique,14.6415,-61.0242,2003/3/20,0,0,0
,Bulgaria,42.7339,25.4858,2003/3/20,0,0,0
,Maldives,3.2028,73.2207,2003/3/20,0,0,0
,Bangladesh,23.685,90.3563,2003/3/20,0,0,0
,Paraguay,-23.4425,-58.4438,2003/3/20,0,0,0
,Canada,51.2538,-85.3232,2003/3/20,20,0,3
,Canada,53.9333,-116.5765,2003/3/20,0,0,0
,Canada,52.9399,-73.5491,2003/3/20,1,0,0
,Albania,41.1533,20.1683,2003/3/20,0,0,0
,Cyprus,35.1264,33.4299,2003/3/20,0,0,0
,Brunei,4.5353,114.7277,2003/3/20,0,0,0
,US,47.4009,-121.4905,2003/3/20,0,0,0
,US,42.1657,-74.9481,2003/3/20,0,0,0
,US,36.1162,-119.6816,2003/3/20,0,0,0
,US,42.2302,-71.5301,2003/3/20,0,0,0
,US,35.4437,139.638,2003/3/20,45,0,0
,US,37.6489,-122.6655,2003/3/20,0,0,0
,US,33.0406,-83.6431,2003/3/20,0,0,0
,US,39.0598,-105.3111,2003/3/20,0,0,0
,US,27.7663,-81.6868,2003/3/20,0,0,0
,US,40.2989,-74.521,2003/3/20,0,0,0
,US,44.572,-122.0709,2003/3/20,0,0,0
,US,31.0545,-97.5635,2003/3/20,0,0,0
,US,40.3495,-88.9861,2003/3/20,0,0,0
,US,40.5908,-77.2098,2003/3/20,0,0,0
,US,42.0115,-93.2105,2003/3/20,0,0,0
,US,39.0639,-76.8021,2003/3/20,0,0,0
,US,35.6301,-79.8064,2003/3/20,0,0,0
,US,33.8569,-80.945,2003/3/20,0,0,0
,US,35.7478,-86.6923,2003/3/20,0,0,0
,US,37.7693,-78.17,2003/3/20,0,0,0
,US,33.7298,-111.4312,2003/3/20,0,0,0
,US,39.8494,-86.2583,2003/3/20,0,0,0
,US,37.6681,-84.6701,2003/3/20,0,0,0
,US,38.8974,-77.0268,2003/3/20,0,0,0
,US,38.3135,-117.0554,2003/3/20,0,0,0
,US,43.4525,-71.5639,2003/3/20,0,0,0
,US,45.6945,-93.9002,2003/3/20,0,0,0
,US,41.1254,-98.2681,2003/3/20,0,0,0
,US,40.3888,-82.7649,2003/3/20,0,0,0
,US,41.6809,-71.5118,2003/3/20,0,0,0
,US,44.2685,-89.6165,2003/3/20,0,0,0
,US,41.5978,-72.7554,2003/3/20,0,0,0
,US,21.0943,-157.4983,2003/3/20,0,0,0
,US,35.5653,-96.9289,2003/3/20,0,0,0
,US,40.15,-111.8624,2003/3/20,0,0,0
,Burkina Faso,12.2383,-1.5616,2003/3/20,0,0,0
,Holy See,41.9029,12.4534,2003/3/20,0,0,0
,Mongolia,46.8625,103.8467,2003/3/20,0,0,0
,Panama,8.538,-80.7821,2003/3/20,0,0,0
,US,38.5266,-96.7265,2003/3/20,0,0,0
,US,31.1695,-91.8678,2003/3/20,0,0,0
,US,38.4561,-92.2884,2003/3/20,0,0,0
,US,44.0459,-72.7107,2003/3/20,0,0,0
,US,61.3707,-152.4044,2003/3/20,0,0,0
,US,34.9697,-92.3731,2003/3/20,0,0,0
,US,39.3185,-75.5071,2003/3/20,0,0,0
,US,44.2405,-114.4788,2003/3/20,0,0,0
,US,44.6939,-69.3819,2003/3/20,0,0,0
,US,43.3266,-84.5361,2003/3/20,0,0,0
,US,32.7416,-89.6787,2003/3/20,0,0,0
,US,46.9219,-110.4544,2003/3/20,0,0,0
,US,34.8405,-106.2485,2003/3/20,0,0,0
,US,47.5289,-99.784,2003/3/20,0,0,0
,US,44.2998,-99.4388,2003/3/20,0,0,0
,US,38.4912,-80.9545,2003/3/20,0,0,0
,US,42.756,-107.3025,2003/3/20,0,0,0
,Iran,32,53,2003/3/20,2336,77,291
,South Korea,36,128,2003/3/20,5186,28,30
,France,46.2276,2.2137,2003/3/20,204,4,12
,Cruise Ship,35.4437,139.638,2003/3/20,706,6,10
,Denmark,56.2639,9.5018,2003/3/20,6,0,0
,Czechia,49.8175,15.473,2003/3/20,5,0,0
,Taiwan*,23.7,121,2003/3/20,42,1,12
,Vietnam,16,108,2003/3/20,16,0,16
,Russia,60,90,2003/3/20,3,0,2
,Moldova,47.4116,28.3699,2003/3/20,0,0,0
,Bolivia,-16.2902,-63.5887,2003/3/20,0,0,0
,Denmark,61.8926,-6.9118,2003/3/20,0,0,0
,France,18.0708,-63.0501,2003/3/20,0,0,0
,Honduras,15.2,-86.2419,2003/3/20,0,0,0
,United Kingdom,49.3723,-2.3644,2003/3/20,0,0,0
,Canada,46.5653,-66.4619,2003/3/20,0,0,0
,Congo (Kinshasa),-4.0383,21.7587,2003/3/20,0,0,0
,Cote d'Ivoire,7.54,-5.5471,2003/3/20,0,0,0
,France,17.9,-62.8333,2003/3/20,0,0,0
,Jamaica,18.1096,-77.2975,2003/3/20,0,0,0
,Turkey,38.9637,35.2433,2003/3/20,0,0,0
,United Kingdom,36.1408,-5.3536,2003/3/20,0,0,0
,Cuba,22,-80,2003/3/20,0,0,0
,Guyana,5,-58.75,2003/3/20,0,0,0
,Australia,-35.4735,149.0124,2003/3/20,0,0,0
,United Kingdom,55.3781,-3.436,2003/3/20,51,0,8
,Kazakhstan,48.0196,66.9237,2003/3/20,0,0,0
,France,-17.6797,149.4068,2003/3/20,0,0,0
,Canada,53.7609,-98.8139,2003/3/20,0,0,0
,Canada,52.9399,-106.4509,2003/3/20,0,0,0
,Ethiopia,9.145,40.4897,2003/3/20,0,0,0
,Sudan,12.8628,30.2176,2003/3/20,0,0,0
,Guinea,9.9456,-9.6966,2003/3/20,0,0,0
,Canada,37.6489,-122.6655,2003/3/20,0,0,0
,Kenya,-0.0236,37.9062,2003/3/20,0,0,0
,Antigua and Barbuda,17.0608,-61.7964,2003/3/20,0,0,0
,US,32.3182,-86.9023,2003/3/20,0,0,0
,Uruguay,-32.5228,-55.7658,2003/3/20,0,0,0
,Ghana,7.9465,-1.0232,2003/3/20,0,0,0
,US,18.2208,-66.5901,2003/3/20,0,0,0
,Namibia,-22.9576,18.4904,2003/3/20,0,0,0
,Seychelles,-4.6796,55.492,2003/3/20,0,0,0
,Trinidad and Tobago,10.6918,-61.2225,2003/3/20,0,0,0
,Venezuela,6.4238,-66.5897,2003/3/20,0,0,0
,Eswatini,-26.5225,31.4659,2003/3/20,0,0,0
,Gabon,-0.8037,11.6094,2003/3/20,0,0,0
,Guatemala,15.7835,-90.2308,2003/3/20,0,0,0
,Mauritania,21.0079,10.9408,2003/3/20,0,0,0
,Rwanda,-1.9403,29.8739,2003/3/20,0,0,0
,Saint Lucia,13.9094,-60.9789,2003/3/20,0,0,0
,Saint Vincent and the Grenadines,12.9843,-61.2872,2003/3/20,0,0,0
,Suriname,3.9193,-56.0278,2003/3/20,0,0,0
,France,3.9339,-53.1258,2003/3/20,0,0,0
,US,13.4443,144.7937,2003/3/20,0,0,0
,Kosovo,42.6026,20.903,2003/3/20,0,0,0
,Canada,53.1355,-57.6604,2003/3/20,0,0,0
,Canada,46.5107,-63.4168,2003/3/20,0,0,0
,Central African Republic,6.6111,20.9394,2003/3/20,0,0,0
,Congo (Brazzaville),-4.0383,21.7587,2003/3/20,0,0,0
,Equatorial Guinea,1.5,10,2003/3/20,0,0,0
,France,-12.8275,45.1662,2003/3/20,0,0,0
,Uzbekistan,41.3775,64.5853,2003/3/20,0,0,0
,Netherlands,52.1326,5.2913,2003/3/20,24,0,0
,Canada,44.682,-63.7443,2003/3/20,0,0,0
,France,16.25,-61.5833,2003/3/20,0,0,0
,Benin,9.3077,2.3158,2003/3/20,0,0,0
,Liberia,6.4281,-9.4295,2003/3/20,0,0,0
,Netherlands,12.1696,-68.99,2003/3/20,0,0,0
,Somalia,5.1521,46.1996,2003/3/20,0,0,0
,Tanzania,-6.369,34.8888,2003/3/20,0,0,0
,US,18.3358,-64.8963,2003/3/20,0,0,0
,United Kingdom,19.3133,-81.2546,2003/3/20,0,0,0
,France,-21.1351,55.2471,2003/3/20,0,0,0
,Barbados,13.1939,-59.5432,2003/3/20,0,0,0
,Montenegro,42.5,19.3,2003/3/20,0,0,0
,Kyrgyzstan,41.2044,74.7661,2003/3/20,0,0,0
,Mauritius,-20.2,57.5,2003/3/20,0,0,0
,Netherlands,12.5186,-70.0358,2003/3/20,0,0,0
,Zambia,-15.4167,28.2833,2003/3/20,0,0,0
,Djibouti,11.8251,42.5903,2003/3/20,0,0,0
,"Gambia, The",13.4432,-15.3101,2003/3/20,0,0,0
,United Kingdom,16.7425,-62.1874,2003/3/20,0,0,0
,"Bahamas, The",25.0343,-77.3963,2003/3/20,0,0,0
,Denmark,71.7069,-42.6043,2003/3/20,0,0,0
,France,-20.9043,165.618,2003/3/20,0,0,0
,United Kingdom,32.3078,-64.7505,2003/3/20,0,0,0
,Chad,15.4542,18.7322,2003/3/20,0,0,0
,El Salvador,13.7942,-88.8965,2003/3/20,0,0,0
,Fiji,-17.7134,178.065,2003/3/20,0,0,0
,Nicaragua,12.8654,-85.2072,2003/3/20,0,0,0
,Madagascar,-18.7669,46.8691,2003/3/20,0,0,0
,Haiti,18.9712,-72.2852,2003/3/20,0,0,0
,Angola,-11.2027,17.8739,2003/3/20,0,0,0
,Cabo Verde,16.5388,-23.0418,2003/3/20,0,0,0
,Netherlands,18.0425,-63.0548,2003/3/20,0,0,0
,Niger,17.6078,8.0817,2003/3/20,0,0,0
,Papua New Guinea,-6.315,143.9555,2003/3/20,0,0,0
,United Kingdom,54.2361,-4.5481,2003/3/20,0,0,0
,Zimbabwe,-20,30,2003/3/20,0,0,0
,Canada,64.8255,-124.8457,2003/3/20,0,0,0
,Cape Verde,15.1111,-23.6167,2003/3/20,0,0,0
,East Timor,-8.55,125.56,2003/3/20,0,0,0
,Eritrea,15.1794,39.7823,2003/3/20,0,0,0
,Uganda,1,32,2003/3/20,0,0,0
,Dominica,15.415,-61.371,2003/3/20,0,0,0
,Grenada,12.1165,-61.679,2003/3/20,0,0,0
,Mozambique,-18.6657,35.5296,2003/3/20,0,0,0
,Syria,34.8021,38.9968,2003/3/20,0,0,0
,Timor-Leste,-8.8742,125.7275,2003/3/20,0,0,0
,Thailand,15,101,2003/4/20,43,1,31
,Japan,36,138,2003/4/20,331,6,43
,Singapore,1.2833,103.8333,2003/4/20,110,0,78
,Nepal,28.1667,84.25,2003/4/20,1,0,1
,Malaysia,2.5,112.5,2003/4/20,50,0,22
,Canada,49.2827,-123.1207,2003/4/20,12,0,3
,Australia,-33.8688,151.2093,2003/4/20,22,1,4
,Australia,-37.8136,144.9631,2003/4/20,10,0,4
,Australia,-28.0167,153.4,2003/4/20,11,0,1
,Cambodia,11.55,104.9167,2003/4/20,1,0,1
,Sri Lanka,7,81,2003/4/20,1,0,1
,Germany,51,9,2003/4/20,262,0,16
,Finland,64,26,2003/4/20,6,0,1
,United Arab Emirates,24,54,2003/4/20,27,0,5
,Philippines,13,122,2003/4/20,3,1,1
,India,21,78,2003/4/20,28,0,3
,Italy,43,12,2003/4/20,3089,107,276
,Sweden,63,16,2003/4/20,35,0,0
,Spain,40,-4,2003/4/20,222,2,2
,Australia,-34.9285,138.6007,2003/4/20,5,0,2
,Belgium,50.8333,4,2003/4/20,23,0,1
,Egypt,26,30,2003/4/20,2,0,1
,Australia,35.4437,139.638,2003/4/20,0,0,0
,Lebanon,33.8547,35.8623,2003/4/20,13,0,1
,Iraq,33,44,2003/4/20,35,2,0
,Oman,21,57,2003/4/20,15,0,2
,Afghanistan,33,65,2003/4/20,1,0,0
,Bahrain,26.0275,50.55,2003/4/20,52,0,0
,Kuwait,29.5,47.75,2003/4/20,56,0,0
,Algeria,28.0339,1.6596,2003/4/20,12,0,0
,Croatia,45.1,15.2,2003/4/20,10,0,0
,Switzerland,46.8182,8.2275,2003/4/20,90,0,3
,Austria,47.5162,14.5501,2003/4/20,29,0,0
,Israel,31,35,2003/4/20,15,0,1
,Pakistan,30.3753,69.3451,2003/4/20,5,0,0
,Brazil,-14.235,-51.9253,2003/4/20,4,0,0
,Georgia,42.3154,43.3569,2003/4/20,3,0,0
,Greece,39.0742,21.8243,2003/4/20,9,0,0
,North Macedonia,41.6086,21.7453,2003/4/20,1,0,0
,Norway,60.472,8.4689,2003/4/20,56,0,0
,Romania,45.9432,24.9668,2003/4/20,4,0,1
,Estonia,58.5953,25.0136,2003/4/20,2,0,0
,San Marino,43.9424,12.4578,2003/4/20,16,1,0
,Belarus,53.7098,27.9534,2003/4/20,6,0,0
,Iceland,64.9631,-19.0208,2003/4/20,26,0,0
,Lithuania,55.1694,23.8813,2003/4/20,1,0,0
,Mexico,23.6345,-102.5528,2003/4/20,5,0,1
,New Zealand,-40.9006,174.886,2003/4/20,3,0,0
,Nigeria,9.082,8.6753,2003/4/20,1,0,0
,Australia,-31.9505,115.8605,2003/4/20,2,1,0
,Ireland,53.1424,-7.6921,2003/4/20,6,0,0
,Luxembourg,49.8153,6.1296,2003/4/20,1,0,0
,Monaco,43.7333,7.4167,2003/4/20,1,0,0
,Qatar,25.3548,51.1839,2003/4/20,8,0,0
,Ecuador,-1.8312,-78.1834,2003/4/20,10,0,0
,Azerbaijan,40.1431,47.5769,2003/4/20,3,0,0
,Armenia,40.0691,45.0382,2003/4/20,1,0,0
,Dominican Republic,18.7357,-70.1627,2003/4/20,1,0,0
,Indonesia,-0.7893,113.9213,2003/4/20,2,0,0
,Portugal,39.3999,-8.2245,2003/4/20,5,0,0
,Andorra,42.5063,1.5218,2003/4/20,1,0,0
,Australia,-41.4545,145.9707,2003/4/20,1,0,0
,Latvia,56.8796,24.6032,2003/4/20,1,0,0
,Morocco,31.7917,-7.0926,2003/4/20,1,0,0
,Saudi Arabia,24,45,2003/4/20,1,0,0
,Senegal,14.4974,-14.4524,2003/4/20,4,0,0
,Argentina,-38.4161,-63.6167,2003/4/20,1,0,0
,Chile,-35.6751,-71.543,2003/4/20,1,0,0
,Jordan,31.24,36.51,2003/4/20,1,0,0
,Ukraine,48.3794,31.1656,2003/4/20,1,0,0
,Hungary,47.1625,19.5033,2003/4/20,2,0,0
,Australia,-12.4634,130.8456,2003/4/20,1,0,0
,Liechtenstein,47.14,9.55,2003/4/20,1,0,0
,Poland,51.9194,19.1451,2003/4/20,1,0,0
,Tunisia,34,9,2003/4/20,1,0,0
,Bosnia and Herzegovina,43.9159,17.6791,2003/4/20,0,0,0
,Slovenia,46.1512,14.9955,2003/4/20,0,0,0
,South Africa,-30.5595,22.9375,2003/4/20,0,0,0
,Bhutan,27.5142,90.4336,2003/4/20,0,0,0
,Cameroon,3.848,11.5021,2003/4/20,0,0,0
,Colombia,4.5709,-74.2973,2003/4/20,0,0,0
,Costa Rica,9.7489,-83.7534,2003/4/20,0,0,0
,Peru,-9.19,-75.0152,2003/4/20,0,0,0
,Serbia,44.0165,21.0059,2003/4/20,0,0,0
,Slovakia,48.669,19.699,2003/4/20,0,0,0
,Togo,8.6195,0.8248,2003/4/20,0,0,0
,Malta,35.9375,14.3754,2003/4/20,0,0,0
,Martinique,14.6415,-61.0242,2003/4/20,0,0,0
,Bulgaria,42.7339,25.4858,2003/4/20,0,0,0
,Maldives,3.2028,73.2207,2003/4/20,0,0,0
,Bangladesh,23.685,90.3563,2003/4/20,0,0,0
,Paraguay,-23.4425,-58.4438,2003/4/20,0,0,0
,Canada,51.2538,-85.3232,2003/4/20,20,0,3
,Canada,53.9333,-116.5765,2003/4/20,0,0,0
,Canada,52.9399,-73.5491,2003/4/20,1,0,0
,Albania,41.1533,20.1683,2003/4/20,0,0,0
,Cyprus,35.1264,33.4299,2003/4/20,0,0,0
,Brunei,4.5353,114.7277,2003/4/20,0,0,0
,US,47.4009,-121.4905,2003/4/20,0,0,0
,US,42.1657,-74.9481,2003/4/20,0,0,0
,US,36.1162,-119.6816,2003/4/20,0,0,0
,US,42.2302,-71.5301,2003/4/20,0,0,0
,US,35.4437,139.638,2003/4/20,45,0,0
,US,37.6489,-122.6655,2003/4/20,0,0,0
,US,33.0406,-83.6431,2003/4/20,0,0,0
,US,39.0598,-105.3111,2003/4/20,0,0,0
,US,27.7663,-81.6868,2003/4/20,0,0,0
,US,40.2989,-74.521,2003/4/20,0,0,0
,US,44.572,-122.0709,2003/4/20,0,0,0
,US,31.0545,-97.5635,2003/4/20,0,0,0
,US,40.3495,-88.9861,2003/4/20,0,0,0
,US,40.5908,-77.2098,2003/4/20,0,0,0
,US,42.0115,-93.2105,2003/4/20,0,0,0
,US,39.0639,-76.8021,2003/4/20,0,0,0
,US,35.6301,-79.8064,2003/4/20,0,0,0
,US,33.8569,-80.945,2003/4/20,0,0,0
,US,35.7478,-86.6923,2003/4/20,0,0,0
,US,37.7693,-78.17,2003/4/20,0,0,0
,US,33.7298,-111.4312,2003/4/20,0,0,0
,US,39.8494,-86.2583,2003/4/20,0,0,0
,US,37.6681,-84.6701,2003/4/20,0,0,0
,US,38.8974,-77.0268,2003/4/20,0,0,0
,US,38.3135,-117.0554,2003/4/20,0,0,0
,US,43.4525,-71.5639,2003/4/20,0,0,0
,US,45.6945,-93.9002,2003/4/20,0,0,0
,US,41.1254,-98.2681,2003/4/20,0,0,0
,US,40.3888,-82.7649,2003/4/20,0,0,0
,US,41.6809,-71.5118,2003/4/20,0,0,0
,US,44.2685,-89.6165,2003/4/20,0,0,0
,US,41.5978,-72.7554,2003/4/20,0,0,0
,US,21.0943,-157.4983,2003/4/20,0,0,0
,US,35.5653,-96.9289,2003/4/20,0,0,0
,US,40.15,-111.8624,2003/4/20,0,0,0
,Burkina Faso,12.2383,-1.5616,2003/4/20,0,0,0
,Holy See,41.9029,12.4534,2003/4/20,0,0,0
,Mongolia,46.8625,103.8467,2003/4/20,0,0,0
,Panama,8.538,-80.7821,2003/4/20,0,0,0
,US,38.5266,-96.7265,2003/4/20,0,0,0
,US,31.1695,-91.8678,2003/4/20,0,0,0
,US,38.4561,-92.2884,2003/4/20,0,0,0
,US,44.0459,-72.7107,2003/4/20,0,0,0
,US,61.3707,-152.4044,2003/4/20,0,0,0
,US,34.9697,-92.3731,2003/4/20,0,0,0
,US,39.3185,-75.5071,2003/4/20,0,0,0
,US,44.2405,-114.4788,2003/4/20,0,0,0
,US,44.6939,-69.3819,2003/4/20,0,0,0
,US,43.3266,-84.5361,2003/4/20,0,0,0
,US,32.7416,-89.6787,2003/4/20,0,0,0
,US,46.9219,-110.4544,2003/4/20,0,0,0
,US,34.8405,-106.2485,2003/4/20,0,0,0
,US,47.5289,-99.784,2003/4/20,0,0,0
,US,44.2998,-99.4388,2003/4/20,0,0,0
,US,38.4912,-80.9545,2003/4/20,0,0,0
,US,42.756,-107.3025,2003/4/20,0,0,0
,Iran,32,53,2003/4/20,2922,92,552
,South Korea,36,128,2003/4/20,5621,35,41
,France,46.2276,2.2137,2003/4/20,285,4,12
,Cruise Ship,35.4437,139.638,2003/4/20,706,6,10
,Denmark,56.2639,9.5018,2003/4/20,10,0,0
,Czechia,49.8175,15.473,2003/4/20,8,0,0
,Taiwan*,23.7,121,2003/4/20,42,1,12
,Vietnam,16,108,2003/4/20,16,0,16
,Russia,60,90,2003/4/20,3,0,2
,Moldova,47.4116,28.3699,2003/4/20,0,0,0
,Bolivia,-16.2902,-63.5887,2003/4/20,0,0,0
,Denmark,61.8926,-6.9118,2003/4/20,1,0,0
,France,18.0708,-63.0501,2003/4/20,0,0,0
,Honduras,15.2,-86.2419,2003/4/20,0,0,0
,United Kingdom,49.3723,-2.3644,2003/4/20,0,0,0
,Canada,46.5653,-66.4619,2003/4/20,0,0,0
,Congo (Kinshasa),-4.0383,21.7587,2003/4/20,0,0,0
,Cote d'Ivoire,7.54,-5.5471,2003/4/20,0,0,0
,France,17.9,-62.8333,2003/4/20,3,0,0
,Jamaica,18.1096,-77.2975,2003/4/20,0,0,0
,Turkey,38.9637,35.2433,2003/4/20,0,0,0
,United Kingdom,36.1408,-5.3536,2003/4/20,1,0,0
,Cuba,22,-80,2003/4/20,0,0,0
,Guyana,5,-58.75,2003/4/20,0,0,0
,Australia,-35.4735,149.0124,2003/4/20,0,0,0
,United Kingdom,55.3781,-3.436,2003/4/20,85,0,8
,Kazakhstan,48.0196,66.9237,2003/4/20,0,0,0
,France,-17.6797,149.4068,2003/4/20,0,0,0
,Canada,53.7609,-98.8139,2003/4/20,0,0,0
,Canada,52.9399,-106.4509,2003/4/20,0,0,0
,Ethiopia,9.145,40.4897,2003/4/20,0,0,0
,Sudan,12.8628,30.2176,2003/4/20,0,0,0
,Guinea,9.9456,-9.6966,2003/4/20,0,0,0
,Canada,37.6489,-122.6655,2003/4/20,0,0,0
,Kenya,-0.0236,37.9062,2003/4/20,0,0,0
,Antigua and Barbuda,17.0608,-61.7964,2003/4/20,0,0,0
,US,32.3182,-86.9023,2003/4/20,0,0,0
,Uruguay,-32.5228,-55.7658,2003/4/20,0,0,0
,Ghana,7.9465,-1.0232,2003/4/20,0,0,0
,US,18.2208,-66.5901,2003/4/20,0,0,0
,Namibia,-22.9576,18.4904,2003/4/20,0,0,0
,Seychelles,-4.6796,55.492,2003/4/20,0,0,0
,Trinidad and Tobago,10.6918,-61.2225,2003/4/20,0,0,0
,Venezuela,6.4238,-66.5897,2003/4/20,0,0,0
,Eswatini,-26.5225,31.4659,2003/4/20,0,0,0
,Gabon,-0.8037,11.6094,2003/4/20,0,0,0
,Guatemala,15.7835,-90.2308,2003/4/20,0,0,0
,Mauritania,21.0079,10.9408,2003/4/20,0,0,0
,Rwanda,-1.9403,29.8739,2003/4/20,0,0,0
,Saint Lucia,13.9094,-60.9789,2003/4/20,0,0,0
,Saint Vincent and the Grenadines,12.9843,-61.2872,2003/4/20,0,0,0
,Suriname,3.9193,-56.0278,2003/4/20,0,0,0
,France,3.9339,-53.1258,2003/4/20,0,0,0
,US,13.4443,144.7937,2003/4/20,0,0,0
,Kosovo,42.6026,20.903,2003/4/20,0,0,0
,Canada,53.1355,-57.6604,2003/4/20,0,0,0
,Canada,46.5107,-63.4168,2003/4/20,0,0,0
,Central African Republic,6.6111,20.9394,2003/4/20,0,0,0
,Congo (Brazzaville),-4.0383,21.7587,2003/4/20,0,0,0
,Equatorial Guinea,1.5,10,2003/4/20,0,0,0
,France,-12.8275,45.1662,2003/4/20,0,0,0
,Uzbekistan,41.3775,64.5853,2003/4/20,0,0,0
,Netherlands,52.1326,5.2913,2003/4/20,38,0,0
,Canada,44.682,-63.7443,2003/4/20,0,0,0
,France,16.25,-61.5833,2003/4/20,0,0,0
,Benin,9.3077,2.3158,2003/4/20,0,0,0
,Liberia,6.4281,-9.4295,2003/4/20,0,0,0
,Netherlands,12.1696,-68.99,2003/4/20,0,0,0
,Somalia,5.1521,46.1996,2003/4/20,0,0,0
,Tanzania,-6.369,34.8888,2003/4/20,0,0,0
,US,18.3358,-64.8963,2003/4/20,0,0,0
,United Kingdom,19.3133,-81.2546,2003/4/20,0,0,0
,France,-21.1351,55.2471,2003/4/20,0,0,0
,Barbados,13.1939,-59.5432,2003/4/20,0,0,0
,Montenegro,42.5,19.3,2003/4/20,0,0,0
,Kyrgyzstan,41.2044,74.7661,2003/4/20,0,0,0
,Mauritius,-20.2,57.5,2003/4/20,0,0,0
,Netherlands,12.5186,-70.0358,2003/4/20,0,0,0
,Zambia,-15.4167,28.2833,2003/4/20,0,0,0
,Djibouti,11.8251,42.5903,2003/4/20,0,0,0
,"Gambia, The",13.4432,-15.3101,2003/4/20,0,0,0
,United Kingdom,16.7425,-62.1874,2003/4/20,0,0,0
,"Bahamas, The",25.0343,-77.3963,2003/4/20,0,0,0
,Denmark,71.7069,-42.6043,2003/4/20,0,0,0
,France,-20.9043,165.618,2003/4/20,0,0,0
,United Kingdom,32.3078,-64.7505,2003/4/20,0,0,0
,Chad,15.4542,18.7322,2003/4/20,0,0,0
,El Salvador,13.7942,-88.8965,2003/4/20,0,0,0
,Fiji,-17.7134,178.065,2003/4/20,0,0,0
,Nicaragua,12.8654,-85.2072,2003/4/20,0,0,0
,Madagascar,-18.7669,46.8691,2003/4/20,0,0,0
,Haiti,18.9712,-72.2852,2003/4/20,0,0,0
,Angola,-11.2027,17.8739,2003/4/20,0,0,0
,Cabo Verde,16.5388,-23.0418,2003/4/20,0,0,0
,Netherlands,18.0425,-63.0548,2003/4/20,0,0,0
,Niger,17.6078,8.0817,2003/4/20,0,0,0
,Papua New Guinea,-6.315,143.9555,2003/4/20,0,0,0
,United Kingdom,54.2361,-4.5481,2003/4/20,0,0,0
,Zimbabwe,-20,30,2003/4/20,0,0,0
,Canada,64.8255,-124.8457,2003/4/20,0,0,0
,Cape Verde,15.1111,-23.6167,2003/4/20,0,0,0
,East Timor,-8.55,125.56,2003/4/20,0,0,0
,Eritrea,15.1794,39.7823,2003/4/20,0,0,0
,Uganda,1,32,2003/4/20,0,0,0
,Dominica,15.415,-61.371,2003/4/20,0,0,0
,Grenada,12.1165,-61.679,2003/4/20,0,0,0
,Mozambique,-18.6657,35.5296,2003/4/20,0,0,0
,Syria,34.8021,38.9968,2003/4/20,0,0,0
,Timor-Leste,-8.8742,125.7275,2003/4/20,0,0,0
,Thailand,15,101,2003/5/20,47,1,31
,Japan,36,138,2003/5/20,360,6,43
,Singapore,1.2833,103.8333,2003/5/20,117,0,78
,Nepal,28.1667,84.25,2003/5/20,1,0,1
,Malaysia,2.5,112.5,2003/5/20,50,0,22
,Canada,49.2827,-123.1207,2003/5/20,13,0,3
,Australia,-33.8688,151.2093,2003/5/20,22,1,4
,Australia,-37.8136,144.9631,2003/5/20,10,0,7
,Australia,-28.0167,153.4,2003/5/20,13,0,8
,Cambodia,11.55,104.9167,2003/5/20,1,0,1
,Sri Lanka,7,81,2003/5/20,1,0,1
,Germany,51,9,2003/5/20,482,0,16
,Finland,64,26,2003/5/20,12,0,1
,United Arab Emirates,24,54,2003/5/20,29,0,5
,Philippines,13,122,2003/5/20,3,1,1
,India,21,78,2003/5/20,30,0,3
,Italy,43,12,2003/5/20,3858,148,414
,Sweden,63,16,2003/5/20,94,0,0
,Spain,40,-4,2003/5/20,259,3,2
,Australia,-34.9285,138.6007,2003/5/20,5,0,2
,Belgium,50.8333,4,2003/5/20,50,0,1
,Egypt,26,30,2003/5/20,3,0,1
,Australia,35.4437,139.638,2003/5/20,0,0,0
,Lebanon,33.8547,35.8623,2003/5/20,16,0,1
,Iraq,33,44,2003/5/20,35,2,0
,Oman,21,57,2003/5/20,16,0,2
,Afghanistan,33,65,2003/5/20,1,0,0
,Bahrain,26.0275,50.55,2003/5/20,55,0,0
,Kuwait,29.5,47.75,2003/5/20,58,0,0
,Algeria,28.0339,1.6596,2003/5/20,12,0,0
,Croatia,45.1,15.2,2003/5/20,10,0,0
,Switzerland,46.8182,8.2275,2003/5/20,114,1,3
,Austria,47.5162,14.5501,2003/5/20,41,0,0
,Israel,31,35,2003/5/20,20,0,1
,Pakistan,30.3753,69.3451,2003/5/20,5,0,0
,Brazil,-14.235,-51.9253,2003/5/20,4,0,0
,Georgia,42.3154,43.3569,2003/5/20,4,0,0
,Greece,39.0742,21.8243,2003/5/20,31,0,0
,North Macedonia,41.6086,21.7453,2003/5/20,1,0,0
,Norway,60.472,8.4689,2003/5/20,87,0,0
,Romania,45.9432,24.9668,2003/5/20,6,0,1
,Estonia,58.5953,25.0136,2003/5/20,3,0,0
,San Marino,43.9424,12.4578,2003/5/20,21,1,0
,Belarus,53.7098,27.9534,2003/5/20,6,0,0
,Iceland,64.9631,-19.0208,2003/5/20,34,0,0
,Lithuania,55.1694,23.8813,2003/5/20,1,0,0
,Mexico,23.6345,-102.5528,2003/5/20,5,0,1
,New Zealand,-40.9006,174.886,2003/5/20,3,0,0
,Nigeria,9.082,8.6753,2003/5/20,1,0,0
,Australia,-31.9505,115.8605,2003/5/20,3,1,0
,Ireland,53.1424,-7.6921,2003/5/20,6,0,0
,Luxembourg,49.8153,6.1296,2003/5/20,1,0,0
,Monaco,43.7333,7.4167,2003/5/20,1,0,0
,Qatar,25.3548,51.1839,2003/5/20,8,0,0
,Ecuador,-1.8312,-78.1834,2003/5/20,13,0,0
,Azerbaijan,40.1431,47.5769,2003/5/20,6,0,0
,Armenia,40.0691,45.0382,2003/5/20,1,0,0
,Dominican Republic,18.7357,-70.1627,2003/5/20,1,0,0
,Indonesia,-0.7893,113.9213,2003/5/20,2,0,0
,Portugal,39.3999,-8.2245,2003/5/20,8,0,0
,Andorra,42.5063,1.5218,2003/5/20,1,0,0
,Australia,-41.4545,145.9707,2003/5/20,1,0,0
,Latvia,56.8796,24.6032,2003/5/20,1,0,0
,Morocco,31.7917,-7.0926,2003/5/20,2,0,0
,Saudi Arabia,24,45,2003/5/20,5,0,0
,Senegal,14.4974,-14.4524,2003/5/20,4,0,0
,Argentina,-38.4161,-63.6167,2003/5/20,1,0,0
,Chile,-35.6751,-71.543,2003/5/20,4,0,0
,Jordan,31.24,36.51,2003/5/20,1,0,0
,Ukraine,48.3794,31.1656,2003/5/20,1,0,0
,Hungary,47.1625,19.5033,2003/5/20,2,0,0
,Australia,-12.4634,130.8456,2003/5/20,1,0,0
,Liechtenstein,47.14,9.55,2003/5/20,1,0,0
,Poland,51.9194,19.1451,2003/5/20,1,0,0
,Tunisia,34,9,2003/5/20,1,0,0
,Bosnia and Herzegovina,43.9159,17.6791,2003/5/20,2,0,0
,Slovenia,46.1512,14.9955,2003/5/20,2,0,0
,South Africa,-30.5595,22.9375,2003/5/20,1,0,0
,Bhutan,27.5142,90.4336,2003/5/20,0,0,0
,Cameroon,3.848,11.5021,2003/5/20,0,0,0
,Colombia,4.5709,-74.2973,2003/5/20,0,0,0
,Costa Rica,9.7489,-83.7534,2003/5/20,0,0,0
,Peru,-9.19,-75.0152,2003/5/20,0,0,0
,Serbia,44.0165,21.0059,2003/5/20,0,0,0
,Slovakia,48.669,19.699,2003/5/20,0,0,0
,Togo,8.6195,0.8248,2003/5/20,0,0,0
,Malta,35.9375,14.3754,2003/5/20,0,0,0
,Martinique,14.6415,-61.0242,2003/5/20,0,0,0
,Bulgaria,42.7339,25.4858,2003/5/20,0,0,0
,Maldives,3.2028,73.2207,2003/5/20,0,0,0
,Bangladesh,23.685,90.3563,2003/5/20,0,0,0
,Paraguay,-23.4425,-58.4438,2003/5/20,0,0,0
,Canada,51.2538,-85.3232,2003/5/20,22,0,3
,Canada,53.9333,-116.5765,2003/5/20,0,0,0
,Canada,52.9399,-73.5491,2003/5/20,2,0,0
,Albania,41.1533,20.1683,2003/5/20,0,0,0
,Cyprus,35.1264,33.4299,2003/5/20,0,0,0
,Brunei,4.5353,114.7277,2003/5/20,0,0,0
,US,47.4009,-121.4905,2003/5/20,0,0,0
,US,42.1657,-74.9481,2003/5/20,0,0,0
,US,36.1162,-119.6816,2003/5/20,0,0,0
,US,42.2302,-71.5301,2003/5/20,0,0,0
,US,35.4437,139.638,2003/5/20,45,0,0
,US,37.6489,-122.6655,2003/5/20,0,0,0
,US,33.0406,-83.6431,2003/5/20,0,0,0
,US,39.0598,-105.3111,2003/5/20,0,0,0
,US,27.7663,-81.6868,2003/5/20,0,0,0
,US,40.2989,-74.521,2003/5/20,0,0,0
,US,44.572,-122.0709,2003/5/20,0,0,0
,US,31.0545,-97.5635,2003/5/20,0,0,0
,US,40.3495,-88.9861,2003/5/20,0,0,0
,US,40.5908,-77.2098,2003/5/20,0,0,0
,US,42.0115,-93.2105,2003/5/20,0,0,0
,US,39.0639,-76.8021,2003/5/20,0,0,0
,US,35.6301,-79.8064,2003/5/20,0,0,0
,US,33.8569,-80.945,2003/5/20,0,0,0
,US,35.7478,-86.6923,2003/5/20,0,0,0
,US,37.7693,-78.17,2003/5/20,0,0,0
,US,33.7298,-111.4312,2003/5/20,0,0,0
,US,39.8494,-86.2583,2003/5/20,0,0,0
,US,37.6681,-84.6701,2003/5/20,0,0,0
,US,38.8974,-77.0268,2003/5/20,0,0,0
,US,38.3135,-117.0554,2003/5/20,0,0,0
,US,43.4525,-71.5639,2003/5/20,0,0,0
,US,45.6945,-93.9002,2003/5/20,0,0,0
,US,41.1254,-98.2681,2003/5/20,0,0,0
,US,40.3888,-82.7649,2003/5/20,0,0,0
,US,41.6809,-71.5118,2003/5/20,0,0,0
,US,44.2685,-89.6165,2003/5/20,0,0,0
,US,41.5978,-72.7554,2003/5/20,0,0,0
,US,21.0943,-157.4983,2003/5/20,0,0,0
,US,35.5653,-96.9289,2003/5/20,0,0,0
,US,40.15,-111.8624,2003/5/20,0,0,0
,Burkina Faso,12.2383,-1.5616,2003/5/20,0,0,0
,Holy See,41.9029,12.4534,2003/5/20,0,0,0
,Mongolia,46.8625,103.8467,2003/5/20,0,0,0
,Panama,8.538,-80.7821,2003/5/20,0,0,0
,US,38.5266,-96.7265,2003/5/20,0,0,0
,US,31.1695,-91.8678,2003/5/20,0,0,0
,US,38.4561,-92.2884,2003/5/20,0,0,0
,US,44.0459,-72.7107,2003/5/20,0,0,0
,US,61.3707,-152.4044,2003/5/20,0,0,0
,US,34.9697,-92.3731,2003/5/20,0,0,0
,US,39.3185,-75.5071,2003/5/20,0,0,0
,US,44.2405,-114.4788,2003/5/20,0,0,0
,US,44.6939,-69.3819,2003/5/20,0,0,0
,US,43.3266,-84.5361,2003/5/20,0,0,0
,US,32.7416,-89.6787,2003/5/20,0,0,0
,US,46.9219,-110.4544,2003/5/20,0,0,0
,US,34.8405,-106.2485,2003/5/20,0,0,0
,US,47.5289,-99.784,2003/5/20,0,0,0
,US,44.2998,-99.4388,2003/5/20,0,0,0
,US,38.4912,-80.9545,2003/5/20,0,0,0
,US,42.756,-107.3025,2003/5/20,0,0,0
,Iran,32,53,2003/5/20,3513,107,739
,South Korea,36,128,2003/5/20,6088,35,41
,France,46.2276,2.2137,2003/5/20,377,6,12
,Cruise Ship,35.4437,139.638,2003/5/20,706,6,10
,Denmark,56.2639,9.5018,2003/5/20,10,0,0
,Czechia,49.8175,15.473,2003/5/20,12,0,0
,Taiwan*,23.7,121,2003/5/20,44,1,12
,Vietnam,16,108,2003/5/20,16,0,16
,Russia,60,90,2003/5/20,4,0,2
,Moldova,47.4116,28.3699,2003/5/20,0,0,0
,Bolivia,-16.2902,-63.5887,2003/5/20,0,0,0
,Denmark,61.8926,-6.9118,2003/5/20,1,0,0
,France,18.0708,-63.0501,2003/5/20,0,0,0
,Honduras,15.2,-86.2419,2003/5/20,0,0,0
,United Kingdom,49.3723,-2.3644,2003/5/20,0,0,0
,Canada,46.5653,-66.4619,2003/5/20,0,0,0
,Congo (Kinshasa),-4.0383,21.7587,2003/5/20,0,0,0
,Cote d'Ivoire,7.54,-5.5471,2003/5/20,0,0,0
,France,17.9,-62.8333,2003/5/20,3,0,0
,Jamaica,18.1096,-77.2975,2003/5/20,0,0,0
,Turkey,38.9637,35.2433,2003/5/20,0,0,0
,United Kingdom,36.1408,-5.3536,2003/5/20,1,0,0
,Cuba,22,-80,2003/5/20,0,0,0
,Guyana,5,-58.75,2003/5/20,0,0,0
,Australia,-35.4735,149.0124,2003/5/20,0,0,0
,United Kingdom,55.3781,-3.436,2003/5/20,115,1,8
,Kazakhstan,48.0196,66.9237,2003/5/20,0,0,0
,France,-17.6797,149.4068,2003/5/20,0,0,0
,Canada,53.7609,-98.8139,2003/5/20,0,0,0
,Canada,52.9399,-106.4509,2003/5/20,0,0,0
,Ethiopia,9.145,40.4897,2003/5/20,0,0,0
,Sudan,12.8628,30.2176,2003/5/20,0,0,0
,Guinea,9.9456,-9.6966,2003/5/20,0,0,0
,Canada,37.6489,-122.6655,2003/5/20,0,0,0
,Kenya,-0.0236,37.9062,2003/5/20,0,0,0
,Antigua and Barbuda,17.0608,-61.7964,2003/5/20,0,0,0
,US,32.3182,-86.9023,2003/5/20,0,0,0
,Uruguay,-32.5228,-55.7658,2003/5/20,0,0,0
,Ghana,7.9465,-1.0232,2003/5/20,0,0,0
,US,18.2208,-66.5901,2003/5/20,0,0,0
,Namibia,-22.9576,18.4904,2003/5/20,0,0,0
,Seychelles,-4.6796,55.492,2003/5/20,0,0,0
,Trinidad and Tobago,10.6918,-61.2225,2003/5/20,0,0,0
,Venezuela,6.4238,-66.5897,2003/5/20,0,0,0
,Eswatini,-26.5225,31.4659,2003/5/20,0,0,0
,Gabon,-0.8037,11.6094,2003/5/20,0,0,0
,Guatemala,15.7835,-90.2308,2003/5/20,0,0,0
,Mauritania,21.0079,10.9408,2003/5/20,0,0,0
,Rwanda,-1.9403,29.8739,2003/5/20,0,0,0
,Saint Lucia,13.9094,-60.9789,2003/5/20,0,0,0
,Saint Vincent and the Grenadines,12.9843,-61.2872,2003/5/20,0,0,0
,Suriname,3.9193,-56.0278,2003/5/20,0,0,0
,France,3.9339,-53.1258,2003/5/20,0,0,0
,US,13.4443,144.7937,2003/5/20,0,0,0
,Kosovo,42.6026,20.903,2003/5/20,0,0,0
,Canada,53.1355,-57.6604,2003/5/20,0,0,0
,Canada,46.5107,-63.4168,2003/5/20,0,0,0
,Central African Republic,6.6111,20.9394,2003/5/20,0,0,0
,Congo (Brazzaville),-4.0383,21.7587,2003/5/20,0,0,0
,Equatorial Guinea,1.5,10,2003/5/20,0,0,0
,France,-12.8275,45.1662,2003/5/20,0,0,0
,Uzbekistan,41.3775,64.5853,2003/5/20,0,0,0
,Netherlands,52.1326,5.2913,2003/5/20,82,0,0
,Canada,44.682,-63.7443,2003/5/20,0,0,0
,France,16.25,-61.5833,2003/5/20,0,0,0
,Benin,9.3077,2.3158,2003/5/20,0,0,0
,Liberia,6.4281,-9.4295,2003/5/20,0,0,0
,Netherlands,12.1696,-68.99,2003/5/20,0,0,0
,Somalia,5.1521,46.1996,2003/5/20,0,0,0
,Tanzania,-6.369,34.8888,2003/5/20,0,0,0
,US,18.3358,-64.8963,2003/5/20,0,0,0
,United Kingdom,19.3133,-81.2546,2003/5/20,0,0,0
,France,-21.1351,55.2471,2003/5/20,0,0,0
,Barbados,13.1939,-59.5432,2003/5/20,0,0,0
,Montenegro,42.5,19.3,2003/5/20,0,0,0
,Kyrgyzstan,41.2044,74.7661,2003/5/20,0,0,0
,Mauritius,-20.2,57.5,2003/5/20,0,0,0
,Netherlands,12.5186,-70.0358,2003/5/20,0,0,0
,Zambia,-15.4167,28.2833,2003/5/20,0,0,0
,Djibouti,11.8251,42.5903,2003/5/20,0,0,0
,"Gambia, The",13.4432,-15.3101,2003/5/20,0,0,0
,United Kingdom,16.7425,-62.1874,2003/5/20,0,0,0
,"Bahamas, The",25.0343,-77.3963,2003/5/20,0,0,0
,Denmark,71.7069,-42.6043,2003/5/20,0,0,0
,France,-20.9043,165.618,2003/5/20,0,0,0
,United Kingdom,32.3078,-64.7505,2003/5/20,0,0,0
,Chad,15.4542,18.7322,2003/5/20,0,0,0
,El Salvador,13.7942,-88.8965,2003/5/20,0,0,0
,Fiji,-17.7134,178.065,2003/5/20,0,0,0
,Nicaragua,12.8654,-85.2072,2003/5/20,0,0,0
,Madagascar,-18.7669,46.8691,2003/5/20,0,0,0
,Haiti,18.9712,-72.2852,2003/5/20,0,0,0
,Angola,-11.2027,17.8739,2003/5/20,0,0,0
,Cabo Verde,16.5388,-23.0418,2003/5/20,0,0,0
,Netherlands,18.0425,-63.0548,2003/5/20,0,0,0
,Niger,17.6078,8.0817,2003/5/20,0,0,0
,Papua New Guinea,-6.315,143.9555,2003/5/20,0,0,0
,United Kingdom,54.2361,-4.5481,2003/5/20,0,0,0
,Zimbabwe,-20,30,2003/5/20,0,0,0
,Canada,64.8255,-124.8457,2003/5/20,0,0,0
,Cape Verde,15.1111,-23.6167,2003/5/20,0,0,0
,East Timor,-8.55,125.56,2003/5/20,0,0,0
,Eritrea,15.1794,39.7823,2003/5/20,0,0,0
,Uganda,1,32,2003/5/20,0,0,0
,Dominica,15.415,-61.371,2003/5/20,0,0,0
,Grenada,12.1165,-61.679,2003/5/20,0,0,0
,Mozambique,-18.6657,35.5296,2003/5/20,0,0,0
,Syria,34.8021,38.9968,2003/5/20,0,0,0
,Timor-Leste,-8.8742,125.7275,2003/5/20,0,0,0
,Thailand,15,101,2003/6/20,48,1,31
,Japan,36,138,2003/6/20,420,6,46
,Singapore,1.2833,103.8333,2003/6/20,130,0,78
,Nepal,28.1667,84.25,2003/6/20,1,0,1
,Malaysia,2.5,112.5,2003/6/20,83,0,22
,Canada,49.2827,-123.1207,2003/6/20,21,0,3
,Australia,-33.8688,151.2093,2003/6/20,26,1,4
,Australia,-37.8136,144.9631,2003/6/20,10,0,7
,Australia,-28.0167,153.4,2003/6/20,13,0,8
,Cambodia,11.55,104.9167,2003/6/20,1,0,1
,Sri Lanka,7,81,2003/6/20,1,0,1
,Germany,51,9,2003/6/20,670,0,17
,Finland,64,26,2003/6/20,15,0,1
,United Arab Emirates,24,54,2003/6/20,29,0,5
,Philippines,13,122,2003/6/20,5,1,1
,India,21,78,2003/6/20,31,0,3
,Italy,43,12,2003/6/20,4636,197,523
,Sweden,63,16,2003/6/20,101,0,0
,Spain,40,-4,2003/6/20,400,5,2
,Australia,-34.9285,138.6007,2003/6/20,7,0,2
,Belgium,50.8333,4,2003/6/20,109,0,1
,Egypt,26,30,2003/6/20,15,0,1
,Australia,35.4437,139.638,2003/6/20,0,0,0
,Lebanon,33.8547,35.8623,2003/6/20,22,0,1
,Iraq,33,44,2003/6/20,40,3,0
,Oman,21,57,2003/6/20,16,0,2
,Afghanistan,33,65,2003/6/20,1,0,0
,Bahrain,26.0275,50.55,2003/6/20,60,0,4
,Kuwait,29.5,47.75,2003/6/20,58,0,0
,Algeria,28.0339,1.6596,2003/6/20,17,0,0
,Croatia,45.1,15.2,2003/6/20,11,0,0
,Switzerland,46.8182,8.2275,2003/6/20,214,1,3
,Austria,47.5162,14.5501,2003/6/20,55,0,0
,Israel,31,35,2003/6/20,37,0,2
,Pakistan,30.3753,69.3451,2003/6/20,6,0,0
,Brazil,-14.235,-51.9253,2003/6/20,13,0,0
,Georgia,42.3154,43.3569,2003/6/20,4,0,0
,Greece,39.0742,21.8243,2003/6/20,45,0,0
,North Macedonia,41.6086,21.7453,2003/6/20,3,0,0
,Norway,60.472,8.4689,2003/6/20,108,0,0
,Romania,45.9432,24.9668,2003/6/20,9,0,1
,Estonia,58.5953,25.0136,2003/6/20,10,0,0
,San Marino,43.9424,12.4578,2003/6/20,21,1,0
,Belarus,53.7098,27.9534,2003/6/20,6,0,0
,Iceland,64.9631,-19.0208,2003/6/20,43,0,0
,Lithuania,55.1694,23.8813,2003/6/20,1,0,0
,Mexico,23.6345,-102.5528,2003/6/20,6,0,1
,New Zealand,-40.9006,174.886,2003/6/20,4,0,0
,Nigeria,9.082,8.6753,2003/6/20,1,0,0
,Australia,-31.9505,115.8605,2003/6/20,3,1,0
,Ireland,53.1424,-7.6921,2003/6/20,18,0,0
,Luxembourg,49.8153,6.1296,2003/6/20,2,0,0
,Monaco,43.7333,7.4167,2003/6/20,1,0,0
,Qatar,25.3548,51.1839,2003/6/20,8,0,0
,Ecuador,-1.8312,-78.1834,2003/6/20,13,0,0
,Azerbaijan,40.1431,47.5769,2003/6/20,6,0,0
,Armenia,40.0691,45.0382,2003/6/20,1,0,0
,Dominican Republic,18.7357,-70.1627,2003/6/20,2,0,0
,Indonesia,-0.7893,113.9213,2003/6/20,4,0,0
,Portugal,39.3999,-8.2245,2003/6/20,13,0,0
,Andorra,42.5063,1.5218,2003/6/20,1,0,0
,Australia,-41.4545,145.9707,2003/6/20,1,0,0
,Latvia,56.8796,24.6032,2003/6/20,1,0,0
,Morocco,31.7917,-7.0926,2003/6/20,2,0,0
,Saudi Arabia,24,45,2003/6/20,5,0,0
,Senegal,14.4974,-14.4524,2003/6/20,4,0,0
,Argentina,-38.4161,-63.6167,2003/6/20,2,0,0
,Chile,-35.6751,-71.543,2003/6/20,4,0,0
,Jordan,31.24,36.51,2003/6/20,1,0,0
,Ukraine,48.3794,31.1656,2003/6/20,1,0,0
,Hungary,47.1625,19.5033,2003/6/20,2,0,0
,Australia,-12.4634,130.8456,2003/6/20,0,0,0
,Liechtenstein,47.14,9.55,2003/6/20,1,0,0
,Poland,51.9194,19.1451,2003/6/20,5,0,0
,Tunisia,34,9,2003/6/20,1,0,0
,Bosnia and Herzegovina,43.9159,17.6791,2003/6/20,2,0,0
,Slovenia,46.1512,14.9955,2003/6/20,7,0,0
,South Africa,-30.5595,22.9375,2003/6/20,1,0,0
,Bhutan,27.5142,90.4336,2003/6/20,1,0,0
,Cameroon,3.848,11.5021,2003/6/20,1,0,0
,Colombia,4.5709,-74.2973,2003/6/20,1,0,0
,Costa Rica,9.7489,-83.7534,2003/6/20,1,0,0
,Peru,-9.19,-75.0152,2003/6/20,1,0,0
,Serbia,44.0165,21.0059,2003/6/20,1,0,0
,Slovakia,48.669,19.699,2003/6/20,1,0,0
,Togo,8.6195,0.8248,2003/6/20,1,0,0
,Malta,35.9375,14.3754,2003/6/20,0,0,0
,Martinique,14.6415,-61.0242,2003/6/20,0,0,0
,Bulgaria,42.7339,25.4858,2003/6/20,0,0,0
,Maldives,3.2028,73.2207,2003/6/20,0,0,0
,Bangladesh,23.685,90.3563,2003/6/20,0,0,0
,Paraguay,-23.4425,-58.4438,2003/6/20,0,0,0
,Canada,51.2538,-85.3232,2003/6/20,25,0,3
,Canada,53.9333,-116.5765,2003/6/20,1,0,0
,Canada,52.9399,-73.5491,2003/6/20,2,0,0
,Albania,41.1533,20.1683,2003/6/20,0,0,0
,Cyprus,35.1264,33.4299,2003/6/20,0,0,0
,Brunei,4.5353,114.7277,2003/6/20,0,0,0
,US,47.4009,-121.4905,2003/6/20,0,0,0
,US,42.1657,-74.9481,2003/6/20,0,0,0
,US,36.1162,-119.6816,2003/6/20,0,0,0
,US,42.2302,-71.5301,2003/6/20,0,0,0
,US,35.4437,139.638,2003/6/20,45,0,0
,US,37.6489,-122.6655,2003/6/20,0,0,0
,US,33.0406,-83.6431,2003/6/20,0,0,0
,US,39.0598,-105.3111,2003/6/20,0,0,0
,US,27.7663,-81.6868,2003/6/20,0,0,0
,US,40.2989,-74.521,2003/6/20,0,0,0
,US,44.572,-122.0709,2003/6/20,0,0,0
,US,31.0545,-97.5635,2003/6/20,0,0,0
,US,40.3495,-88.9861,2003/6/20,0,0,0
,US,40.5908,-77.2098,2003/6/20,0,0,0
,US,42.0115,-93.2105,2003/6/20,0,0,0
,US,39.0639,-76.8021,2003/6/20,0,0,0
,US,35.6301,-79.8064,2003/6/20,0,0,0
,US,33.8569,-80.945,2003/6/20,0,0,0
,US,35.7478,-86.6923,2003/6/20,0,0,0
,US,37.7693,-78.17,2003/6/20,0,0,0
,US,33.7298,-111.4312,2003/6/20,0,0,0
,US,39.8494,-86.2583,2003/6/20,0,0,0
,US,37.6681,-84.6701,2003/6/20,0,0,0
,US,38.8974,-77.0268,2003/6/20,0,0,0
,US,38.3135,-117.0554,2003/6/20,0,0,0
,US,43.4525,-71.5639,2003/6/20,0,0,0
,US,45.6945,-93.9002,2003/6/20,0,0,0
,US,41.1254,-98.2681,2003/6/20,0,0,0
,US,40.3888,-82.7649,2003/6/20,0,0,0
,US,41.6809,-71.5118,2003/6/20,0,0,0
,US,44.2685,-89.6165,2003/6/20,0,0,0
,US,41.5978,-72.7554,2003/6/20,0,0,0
,US,21.0943,-157.4983,2003/6/20,0,0,0
,US,35.5653,-96.9289,2003/6/20,0,0,0
,US,40.15,-111.8624,2003/6/20,0,0,0
,Burkina Faso,12.2383,-1.5616,2003/6/20,0,0,0
,Holy See,41.9029,12.4534,2003/6/20,1,0,0
,Mongolia,46.8625,103.8467,2003/6/20,0,0,0
,Panama,8.538,-80.7821,2003/6/20,0,0,0
,US,38.5266,-96.7265,2003/6/20,0,0,0
,US,31.1695,-91.8678,2003/6/20,0,0,0
,US,38.4561,-92.2884,2003/6/20,0,0,0
,US,44.0459,-72.7107,2003/6/20,0,0,0
,US,61.3707,-152.4044,2003/6/20,0,0,0
,US,34.9697,-92.3731,2003/6/20,0,0,0
,US,39.3185,-75.5071,2003/6/20,0,0,0
,US,44.2405,-114.4788,2003/6/20,0,0,0
,US,44.6939,-69.3819,2003/6/20,0,0,0
,US,43.3266,-84.5361,2003/6/20,0,0,0
,US,32.7416,-89.6787,2003/6/20,0,0,0
,US,46.9219,-110.4544,2003/6/20,0,0,0
,US,34.8405,-106.2485,2003/6/20,0,0,0
,US,47.5289,-99.784,2003/6/20,0,0,0
,US,44.2998,-99.4388,2003/6/20,0,0,0
,US,38.4912,-80.9545,2003/6/20,0,0,0
,US,42.756,-107.3025,2003/6/20,0,0,0
,Iran,32,53,2003/6/20,4747,124,913
,South Korea,36,128,2003/6/20,6593,42,135
,France,46.2276,2.2137,2003/6/20,653,9,12
,Cruise Ship,35.4437,139.638,2003/6/20,696,6,40
,Denmark,56.2639,9.5018,2003/6/20,23,0,1
,Czechia,49.8175,15.473,2003/6/20,18,0,0
,Taiwan*,23.7,121,2003/6/20,45,1,12
,Vietnam,16,108,2003/6/20,16,0,16
,Russia,60,90,2003/6/20,13,0,2
,Moldova,47.4116,28.3699,2003/6/20,0,0,0
,Bolivia,-16.2902,-63.5887,2003/6/20,0,0,0
,Denmark,61.8926,-6.9118,2003/6/20,1,0,0
,France,18.0708,-63.0501,2003/6/20,0,0,0
,Honduras,15.2,-86.2419,2003/6/20,0,0,0
,United Kingdom,49.3723,-2.3644,2003/6/20,0,0,0
,Canada,46.5653,-66.4619,2003/6/20,0,0,0
,Congo (Kinshasa),-4.0383,21.7587,2003/6/20,0,0,0
,Cote d'Ivoire,7.54,-5.5471,2003/6/20,0,0,0
,France,17.9,-62.8333,2003/6/20,3,0,0
,Jamaica,18.1096,-77.2975,2003/6/20,0,0,0
,Turkey,38.9637,35.2433,2003/6/20,0,0,0
,United Kingdom,36.1408,-5.3536,2003/6/20,1,0,0
,Cuba,22,-80,2003/6/20,0,0,0
,Guyana,5,-58.75,2003/6/20,0,0,0
,Australia,-35.4735,149.0124,2003/6/20,0,0,0
,United Kingdom,55.3781,-3.436,2003/6/20,163,2,8
,Kazakhstan,48.0196,66.9237,2003/6/20,0,0,0
,France,-17.6797,149.4068,2003/6/20,0,0,0
,Canada,53.7609,-98.8139,2003/6/20,0,0,0
,Canada,52.9399,-106.4509,2003/6/20,0,0,0
,Ethiopia,9.145,40.4897,2003/6/20,0,0,0
,Sudan,12.8628,30.2176,2003/6/20,0,0,0
,Guinea,9.9456,-9.6966,2003/6/20,0,0,0
,Canada,37.6489,-122.6655,2003/6/20,0,0,0
,Kenya,-0.0236,37.9062,2003/6/20,0,0,0
,Antigua and Barbuda,17.0608,-61.7964,2003/6/20,0,0,0
,US,32.3182,-86.9023,2003/6/20,0,0,0
,Uruguay,-32.5228,-55.7658,2003/6/20,0,0,0
,Ghana,7.9465,-1.0232,2003/6/20,0,0,0
,US,18.2208,-66.5901,2003/6/20,0,0,0
,Namibia,-22.9576,18.4904,2003/6/20,0,0,0
,Seychelles,-4.6796,55.492,2003/6/20,0,0,0
,Trinidad and Tobago,10.6918,-61.2225,2003/6/20,0,0,0
,Venezuela,6.4238,-66.5897,2003/6/20,0,0,0
,Eswatini,-26.5225,31.4659,2003/6/20,0,0,0
,Gabon,-0.8037,11.6094,2003/6/20,0,0,0
,Guatemala,15.7835,-90.2308,2003/6/20,0,0,0
,Mauritania,21.0079,10.9408,2003/6/20,0,0,0
,Rwanda,-1.9403,29.8739,2003/6/20,0,0,0
,Saint Lucia,13.9094,-60.9789,2003/6/20,0,0,0
,Saint Vincent and the Grenadines,12.9843,-61.2872,2003/6/20,0,0,0
,Suriname,3.9193,-56.0278,2003/6/20,0,0,0
,France,3.9339,-53.1258,2003/6/20,0,0,0
,US,13.4443,144.7937,2003/6/20,0,0,0
,Kosovo,42.6026,20.903,2003/6/20,0,0,0
,Canada,53.1355,-57.6604,2003/6/20,0,0,0
,Canada,46.5107,-63.4168,2003/6/20,0,0,0
,Central African Republic,6.6111,20.9394,2003/6/20,0,0,0
,Congo (Brazzaville),-4.0383,21.7587,2003/6/20,0,0,0
,Equatorial Guinea,1.5,10,2003/6/20,0,0,0
,France,-12.8275,45.1662,2003/6/20,0,0,0
,Uzbekistan,41.3775,64.5853,2003/6/20,0,0,0
,Netherlands,52.1326,5.2913,2003/6/20,128,1,0
,Canada,44.682,-63.7443,2003/6/20,0,0,0
,France,16.25,-61.5833,2003/6/20,0,0,0
,Benin,9.3077,2.3158,2003/6/20,0,0,0
,Liberia,6.4281,-9.4295,2003/6/20,0,0,0
,Netherlands,12.1696,-68.99,2003/6/20,0,0,0
,Somalia,5.1521,46.1996,2003/6/20,0,0,0
,Tanzania,-6.369,34.8888,2003/6/20,0,0,0
,US,18.3358,-64.8963,2003/6/20,0,0,0
,United Kingdom,19.3133,-81.2546,2003/6/20,0,0,0
,France,-21.1351,55.2471,2003/6/20,0,0,0
,Barbados,13.1939,-59.5432,2003/6/20,0,0,0
,Montenegro,42.5,19.3,2003/6/20,0,0,0
,Kyrgyzstan,41.2044,74.7661,2003/6/20,0,0,0
,Mauritius,-20.2,57.5,2003/6/20,0,0,0
,Netherlands,12.5186,-70.0358,2003/6/20,0,0,0
,Zambia,-15.4167,28.2833,2003/6/20,0,0,0
,Djibouti,11.8251,42.5903,2003/6/20,0,0,0
,"Gambia, The",13.4432,-15.3101,2003/6/20,0,0,0
,United Kingdom,16.7425,-62.1874,2003/6/20,0,0,0
,"Bahamas, The",25.0343,-77.3963,2003/6/20,0,0,0
,Denmark,71.7069,-42.6043,2003/6/20,0,0,0
,France,-20.9043,165.618,2003/6/20,0,0,0
,United Kingdom,32.3078,-64.7505,2003/6/20,0,0,0
,Chad,15.4542,18.7322,2003/6/20,0,0,0
,El Salvador,13.7942,-88.8965,2003/6/20,0,0,0
,Fiji,-17.7134,178.065,2003/6/20,0,0,0
,Nicaragua,12.8654,-85.2072,2003/6/20,0,0,0
,Madagascar,-18.7669,46.8691,2003/6/20,0,0,0
,Haiti,18.9712,-72.2852,2003/6/20,0,0,0
,Angola,-11.2027,17.8739,2003/6/20,0,0,0
,Cabo Verde,16.5388,-23.0418,2003/6/20,0,0,0
,Netherlands,18.0425,-63.0548,2003/6/20,0,0,0
,Niger,17.6078,8.0817,2003/6/20,0,0,0
,Papua New Guinea,-6.315,143.9555,2003/6/20,0,0,0
,United Kingdom,54.2361,-4.5481,2003/6/20,0,0,0
,Zimbabwe,-20,30,2003/6/20,0,0,0
,Canada,64.8255,-124.8457,2003/6/20,0,0,0
,Cape Verde,15.1111,-23.6167,2003/6/20,0,0,0
,East Timor,-8.55,125.56,2003/6/20,0,0,0
,Eritrea,15.1794,39.7823,2003/6/20,0,0,0
,Uganda,1,32,2003/6/20,0,0,0
,Dominica,15.415,-61.371,2003/6/20,0,0,0
,Grenada,12.1165,-61.679,2003/6/20,0,0,0
,Mozambique,-18.6657,35.5296,2003/6/20,0,0,0
,Syria,34.8021,38.9968,2003/6/20,0,0,0
,Timor-Leste,-8.8742,125.7275,2003/6/20,0,0,0
,Thailand,15,101,2003/7/20,50,1,31
,Japan,36,138,2003/7/20,461,6,76
,Singapore,1.2833,103.8333,2003/7/20,138,0,78
,Nepal,28.1667,84.25,2003/7/20,1,0,1
,Malaysia,2.5,112.5,2003/7/20,93,0,23
,Canada,49.2827,-123.1207,2003/7/20,21,0,4
,Australia,-33.8688,151.2093,2003/7/20,28,1,4
,Australia,-37.8136,144.9631,2003/7/20,11,0,7
,Australia,-28.0167,153.4,2003/7/20,13,0,8
,Cambodia,11.55,104.9167,2003/7/20,1,0,1
,Sri Lanka,7,81,2003/7/20,1,0,1
,Germany,51,9,2003/7/20,799,0,18
,Finland,64,26,2003/7/20,15,0,1
,United Arab Emirates,24,54,2003/7/20,45,0,7
,Philippines,13,122,2003/7/20,6,1,1
,India,21,78,2003/7/20,34,0,3
,Italy,43,12,2003/7/20,5883,233,589
,Sweden,63,16,2003/7/20,161,0,0
,Spain,40,-4,2003/7/20,500,10,30
,Australia,-34.9285,138.6007,2003/7/20,7,0,2
,Belgium,50.8333,4,2003/7/20,169,0,1
,Egypt,26,30,2003/7/20,15,0,1
,Australia,35.4437,139.638,2003/7/20,0,0,0
,Lebanon,33.8547,35.8623,2003/7/20,22,0,1
,Iraq,33,44,2003/7/20,54,4,0
,Oman,21,57,2003/7/20,16,0,2
,Afghanistan,33,65,2003/7/20,1,0,0
,Bahrain,26.0275,50.55,2003/7/20,85,0,4
,Kuwait,29.5,47.75,2003/7/20,61,0,0
,Algeria,28.0339,1.6596,2003/7/20,17,0,0
,Croatia,45.1,15.2,2003/7/20,12,0,0
,Switzerland,46.8182,8.2275,2003/7/20,268,1,3
,Austria,47.5162,14.5501,2003/7/20,79,0,0
,Israel,31,35,2003/7/20,43,0,2
,Pakistan,30.3753,69.3451,2003/7/20,6,0,0
,Brazil,-14.235,-51.9253,2003/7/20,13,0,0
,Georgia,42.3154,43.3569,2003/7/20,4,0,0
,Greece,39.0742,21.8243,2003/7/20,46,0,0
,North Macedonia,41.6086,21.7453,2003/7/20,3,0,0
,Norway,60.472,8.4689,2003/7/20,147,0,0
,Romania,45.9432,24.9668,2003/7/20,9,0,3
,Estonia,58.5953,25.0136,2003/7/20,10,0,0
,San Marino,43.9424,12.4578,2003/7/20,23,1,0
,Belarus,53.7098,27.9534,2003/7/20,6,0,0
,Iceland,64.9631,-19.0208,2003/7/20,50,0,0
,Lithuania,55.1694,23.8813,2003/7/20,1,0,0
,Mexico,23.6345,-102.5528,2003/7/20,6,0,1
,New Zealand,-40.9006,174.886,2003/7/20,5,0,0
,Nigeria,9.082,8.6753,2003/7/20,1,0,0
,Australia,-31.9505,115.8605,2003/7/20,3,1,0
,Ireland,53.1424,-7.6921,2003/7/20,18,0,0
,Luxembourg,49.8153,6.1296,2003/7/20,2,0,0
,Monaco,43.7333,7.4167,2003/7/20,1,0,0
,Qatar,25.3548,51.1839,2003/7/20,8,0,0
,Ecuador,-1.8312,-78.1834,2003/7/20,13,0,0
,Azerbaijan,40.1431,47.5769,2003/7/20,9,0,0
,Armenia,40.0691,45.0382,2003/7/20,1,0,0
,Dominican Republic,18.7357,-70.1627,2003/7/20,2,0,0
,Indonesia,-0.7893,113.9213,2003/7/20,4,0,0
,Portugal,39.3999,-8.2245,2003/7/20,20,0,0
,Andorra,42.5063,1.5218,2003/7/20,1,0,0
,Australia,-41.4545,145.9707,2003/7/20,1,0,0
,Latvia,56.8796,24.6032,2003/7/20,1,0,0
,Morocco,31.7917,-7.0926,2003/7/20,2,0,0
,Saudi Arabia,24,45,2003/7/20,5,0,0
,Senegal,14.4974,-14.4524,2003/7/20,4,0,0
,Argentina,-38.4161,-63.6167,2003/7/20,8,0,0
,Chile,-35.6751,-71.543,2003/7/20,4,0,0
,Jordan,31.24,36.51,2003/7/20,1,0,0
,Ukraine,48.3794,31.1656,2003/7/20,1,0,0
,Hungary,47.1625,19.5033,2003/7/20,4,0,0
,Australia,-12.4634,130.8456,2003/7/20,0,0,0
,Liechtenstein,47.14,9.55,2003/7/20,1,0,0
,Poland,51.9194,19.1451,2003/7/20,5,0,0
,Tunisia,34,9,2003/7/20,1,0,0
,Bosnia and Herzegovina,43.9159,17.6791,2003/7/20,3,0,0
,Slovenia,46.1512,14.9955,2003/7/20,7,0,0
,South Africa,-30.5595,22.9375,2003/7/20,1,0,0
,Bhutan,27.5142,90.4336,2003/7/20,1,0,0
,Cameroon,3.848,11.5021,2003/7/20,1,0,0
,Colombia,4.5709,-74.2973,2003/7/20,1,0,0
,Costa Rica,9.7489,-83.7534,2003/7/20,1,0,0
,Peru,-9.19,-75.0152,2003/7/20,1,0,0
,Serbia,44.0165,21.0059,2003/7/20,1,0,0
,Slovakia,48.669,19.699,2003/7/20,1,0,0
,Togo,8.6195,0.8248,2003/7/20,1,0,0
,Malta,35.9375,14.3754,2003/7/20,3,0,0
,Martinique,14.6415,-61.0242,2003/7/20,2,0,0
,Bulgaria,42.7339,25.4858,2003/7/20,0,0,0
,Maldives,3.2028,73.2207,2003/7/20,0,0,0
,Bangladesh,23.685,90.3563,2003/7/20,0,0,0
,Paraguay,-23.4425,-58.4438,2003/7/20,0,0,0
,Canada,51.2538,-85.3232,2003/7/20,28,0,4
,Canada,53.9333,-116.5765,2003/7/20,2,0,0
,Canada,52.9399,-73.5491,2003/7/20,3,0,0
,Albania,41.1533,20.1683,2003/7/20,0,0,0
,Cyprus,35.1264,33.4299,2003/7/20,0,0,0
,Brunei,4.5353,114.7277,2003/7/20,0,0,0
,US,47.4009,-121.4905,2003/7/20,0,0,0
,US,42.1657,-74.9481,2003/7/20,0,0,0
,US,36.1162,-119.6816,2003/7/20,0,0,0
,US,42.2302,-71.5301,2003/7/20,0,0,0
,US,35.4437,139.638,2003/7/20,45,0,0
,US,37.6489,-122.6655,2003/7/20,21,0,0
,US,33.0406,-83.6431,2003/7/20,0,0,0
,US,39.0598,-105.3111,2003/7/20,0,0,0
,US,27.7663,-81.6868,2003/7/20,0,0,0
,US,40.2989,-74.521,2003/7/20,0,0,0
,US,44.572,-122.0709,2003/7/20,0,0,0
,US,31.0545,-97.5635,2003/7/20,0,0,0
,US,40.3495,-88.9861,2003/7/20,0,0,0
,US,40.5908,-77.2098,2003/7/20,0,0,0
,US,42.0115,-93.2105,2003/7/20,0,0,0
,US,39.0639,-76.8021,2003/7/20,0,0,0
,US,35.6301,-79.8064,2003/7/20,0,0,0
,US,33.8569,-80.945,2003/7/20,0,0,0
,US,35.7478,-86.6923,2003/7/20,0,0,0
,US,37.7693,-78.17,2003/7/20,0,0,0
,US,33.7298,-111.4312,2003/7/20,0,0,0
,US,39.8494,-86.2583,2003/7/20,0,0,0
,US,37.6681,-84.6701,2003/7/20,0,0,0
,US,38.8974,-77.0268,2003/7/20,0,0,0
,US,38.3135,-117.0554,2003/7/20,0,0,0
,US,43.4525,-71.5639,2003/7/20,0,0,0
,US,45.6945,-93.9002,2003/7/20,0,0,0
,US,41.1254,-98.2681,2003/7/20,0,0,0
,US,40.3888,-82.7649,2003/7/20,0,0,0
,US,41.6809,-71.5118,2003/7/20,0,0,0
,US,44.2685,-89.6165,2003/7/20,0,0,0
,US,41.5978,-72.7554,2003/7/20,0,0,0
,US,21.0943,-157.4983,2003/7/20,0,0,0
,US,35.5653,-96.9289,2003/7/20,0,0,0
,US,40.15,-111.8624,2003/7/20,0,0,0
,Burkina Faso,12.2383,-1.5616,2003/7/20,0,0,0
,Holy See,41.9029,12.4534,2003/7/20,1,0,0
,Mongolia,46.8625,103.8467,2003/7/20,0,0,0
,Panama,8.538,-80.7821,2003/7/20,0,0,0
,US,38.5266,-96.7265,2003/7/20,0,0,0
,US,31.1695,-91.8678,2003/7/20,0,0,0
,US,38.4561,-92.2884,2003/7/20,0,0,0
,US,44.0459,-72.7107,2003/7/20,0,0,0
,US,61.3707,-152.4044,2003/7/20,0,0,0
,US,34.9697,-92.3731,2003/7/20,0,0,0
,US,39.3185,-75.5071,2003/7/20,0,0,0
,US,44.2405,-114.4788,2003/7/20,0,0,0
,US,44.6939,-69.3819,2003/7/20,0,0,0
,US,43.3266,-84.5361,2003/7/20,0,0,0
,US,32.7416,-89.6787,2003/7/20,0,0,0
,US,46.9219,-110.4544,2003/7/20,0,0,0
,US,34.8405,-106.2485,2003/7/20,0,0,0
,US,47.5289,-99.784,2003/7/20,0,0,0
,US,44.2998,-99.4388,2003/7/20,0,0,0
,US,38.4912,-80.9545,2003/7/20,0,0,0
,US,42.756,-107.3025,2003/7/20,0,0,0
,Iran,32,53,2003/7/20,5823,145,1669
,South Korea,36,128,2003/7/20,7041,44,135
,France,46.2276,2.2137,2003/7/20,949,11,12
,Cruise Ship,35.4437,139.638,2003/7/20,696,6,40
,Denmark,56.2639,9.5018,2003/7/20,23,0,1
,Czechia,49.8175,15.473,2003/7/20,19,0,0
,Taiwan*,23.7,121,2003/7/20,45,1,12
,Vietnam,16,108,2003/7/20,18,0,16
,Russia,60,90,2003/7/20,13,0,2
,Moldova,47.4116,28.3699,2003/7/20,0,0,0
,Bolivia,-16.2902,-63.5887,2003/7/20,0,0,0
,Denmark,61.8926,-6.9118,2003/7/20,1,0,0
,France,18.0708,-63.0501,2003/7/20,0,0,0
,Honduras,15.2,-86.2419,2003/7/20,0,0,0
,United Kingdom,49.3723,-2.3644,2003/7/20,0,0,0
,Canada,46.5653,-66.4619,2003/7/20,0,0,0
,Congo (Kinshasa),-4.0383,21.7587,2003/7/20,0,0,0
,Cote d'Ivoire,7.54,-5.5471,2003/7/20,0,0,0
,France,17.9,-62.8333,2003/7/20,3,0,0
,Jamaica,18.1096,-77.2975,2003/7/20,0,0,0
,Turkey,38.9637,35.2433,2003/7/20,0,0,0
,United Kingdom,36.1408,-5.3536,2003/7/20,1,0,0
,Cuba,22,-80,2003/7/20,0,0,0
,Guyana,5,-58.75,2003/7/20,0,0,0
,Australia,-35.4735,149.0124,2003/7/20,0,0,0
,United Kingdom,55.3781,-3.436,2003/7/20,206,2,18
,Kazakhstan,48.0196,66.9237,2003/7/20,0,0,0
,France,-17.6797,149.4068,2003/7/20,0,0,0
,Canada,53.7609,-98.8139,2003/7/20,0,0,0
,Canada,52.9399,-106.4509,2003/7/20,0,0,0
,Ethiopia,9.145,40.4897,2003/7/20,0,0,0
,Sudan,12.8628,30.2176,2003/7/20,0,0,0
,Guinea,9.9456,-9.6966,2003/7/20,0,0,0
,Canada,37.6489,-122.6655,2003/7/20,0,0,0
,Kenya,-0.0236,37.9062,2003/7/20,0,0,0
,Antigua and Barbuda,17.0608,-61.7964,2003/7/20,0,0,0
,US,32.3182,-86.9023,2003/7/20,0,0,0
,Uruguay,-32.5228,-55.7658,2003/7/20,0,0,0
,Ghana,7.9465,-1.0232,2003/7/20,0,0,0
,US,18.2208,-66.5901,2003/7/20,0,0,0
,Namibia,-22.9576,18.4904,2003/7/20,0,0,0
,Seychelles,-4.6796,55.492,2003/7/20,0,0,0
,Trinidad and Tobago,10.6918,-61.2225,2003/7/20,0,0,0
,Venezuela,6.4238,-66.5897,2003/7/20,0,0,0
,Eswatini,-26.5225,31.4659,2003/7/20,0,0,0
,Gabon,-0.8037,11.6094,2003/7/20,0,0,0
,Guatemala,15.7835,-90.2308,2003/7/20,0,0,0
,Mauritania,21.0079,10.9408,2003/7/20,0,0,0
,Rwanda,-1.9403,29.8739,2003/7/20,0,0,0
,Saint Lucia,13.9094,-60.9789,2003/7/20,0,0,0
,Saint Vincent and the Grenadines,12.9843,-61.2872,2003/7/20,0,0,0
,Suriname,3.9193,-56.0278,2003/7/20,0,0,0
,France,3.9339,-53.1258,2003/7/20,5,0,0
,US,13.4443,144.7937,2003/7/20,0,0,0
,Kosovo,42.6026,20.903,2003/7/20,0,0,0
,Canada,53.1355,-57.6604,2003/7/20,0,0,0
,Canada,46.5107,-63.4168,2003/7/20,0,0,0
,Central African Republic,6.6111,20.9394,2003/7/20,0,0,0
,Congo (Brazzaville),-4.0383,21.7587,2003/7/20,0,0,0
,Equatorial Guinea,1.5,10,2003/7/20,0,0,0
,France,-12.8275,45.1662,2003/7/20,0,0,0
,Uzbekistan,41.3775,64.5853,2003/7/20,0,0,0
,Netherlands,52.1326,5.2913,2003/7/20,188,1,0
,Canada,44.682,-63.7443,2003/7/20,0,0,0
,France,16.25,-61.5833,2003/7/20,0,0,0
,Benin,9.3077,2.3158,2003/7/20,0,0,0
,Liberia,6.4281,-9.4295,2003/7/20,0,0,0
,Netherlands,12.1696,-68.99,2003/7/20,0,0,0
,Somalia,5.1521,46.1996,2003/7/20,0,0,0
,Tanzania,-6.369,34.8888,2003/7/20,0,0,0
,US,18.3358,-64.8963,2003/7/20,0,0,0
,United Kingdom,19.3133,-81.2546,2003/7/20,0,0,0
,France,-21.1351,55.2471,2003/7/20,0,0,0
,Barbados,13.1939,-59.5432,2003/7/20,0,0,0
,Montenegro,42.5,19.3,2003/7/20,0,0,0
,Kyrgyzstan,41.2044,74.7661,2003/7/20,0,0,0
,Mauritius,-20.2,57.5,2003/7/20,0,0,0
,Netherlands,12.5186,-70.0358,2003/7/20,0,0,0
,Zambia,-15.4167,28.2833,2003/7/20,0,0,0
,Djibouti,11.8251,42.5903,2003/7/20,0,0,0
,"Gambia, The",13.4432,-15.3101,2003/7/20,0,0,0
,United Kingdom,16.7425,-62.1874,2003/7/20,0,0,0
,"Bahamas, The",25.0343,-77.3963,2003/7/20,0,0,0
,Denmark,71.7069,-42.6043,2003/7/20,0,0,0
,France,-20.9043,165.618,2003/7/20,0,0,0
,United Kingdom,32.3078,-64.7505,2003/7/20,0,0,0
,Chad,15.4542,18.7322,2003/7/20,0,0,0
,El Salvador,13.7942,-88.8965,2003/7/20,0,0,0
,Fiji,-17.7134,178.065,2003/7/20,0,0,0
,Nicaragua,12.8654,-85.2072,2003/7/20,0,0,0
,Madagascar,-18.7669,46.8691,2003/7/20,0,0,0
,Haiti,18.9712,-72.2852,2003/7/20,0,0,0
,Angola,-11.2027,17.8739,2003/7/20,0,0,0
,Cabo Verde,16.5388,-23.0418,2003/7/20,0,0,0
,Netherlands,18.0425,-63.0548,2003/7/20,0,0,0
,Niger,17.6078,8.0817,2003/7/20,0,0,0
,Papua New Guinea,-6.315,143.9555,2003/7/20,0,0,0
,United Kingdom,54.2361,-4.5481,2003/7/20,0,0,0
,Zimbabwe,-20,30,2003/7/20,0,0,0
,Canada,64.8255,-124.8457,2003/7/20,0,0,0
,Cape Verde,15.1111,-23.6167,2003/7/20,0,0,0
,East Timor,-8.55,125.56,2003/7/20,0,0,0
,Eritrea,15.1794,39.7823,2003/7/20,0,0,0
,Uganda,1,32,2003/7/20,0,0,0
,Dominica,15.415,-61.371,2003/7/20,0,0,0
,Grenada,12.1165,-61.679,2003/7/20,0,0,0
,Mozambique,-18.6657,35.5296,2003/7/20,0,0,0
,Syria,34.8021,38.9968,2003/7/20,0,0,0
,Timor-Leste,-8.8742,125.7275,2003/7/20,0,0,0
,Thailand,15,101,2003/8/20,50,1,31
,Japan,36,138,2003/8/20,502,6,76
,Singapore,1.2833,103.8333,2003/8/20,150,0,78
,Nepal,28.1667,84.25,2003/8/20,1,0,1
,Malaysia,2.5,112.5,2003/8/20,99,0,24
,Canada,49.2827,-123.1207,2003/8/20,27,0,4
,Australia,-33.8688,151.2093,2003/8/20,38,2,4
,Australia,-37.8136,144.9631,2003/8/20,11,0,7
,Australia,-28.0167,153.4,2003/8/20,15,0,8
,Cambodia,11.55,104.9167,2003/8/20,2,0,1
,Sri Lanka,7,81,2003/8/20,1,0,1
,Germany,51,9,2003/8/20,1040,0,18
,Finland,64,26,2003/8/20,23,0,1
,United Arab Emirates,24,54,2003/8/20,45,0,7
,Philippines,13,122,2003/8/20,10,1,1
,India,21,78,2003/8/20,39,0,3
,Italy,43,12,2003/8/20,7375,366,622
,Sweden,63,16,2003/8/20,203,0,0
,Spain,40,-4,2003/8/20,673,17,30
,Australia,-34.9285,138.6007,2003/8/20,7,0,2
,Belgium,50.8333,4,2003/8/20,200,0,1
,Egypt,26,30,2003/8/20,49,1,1
,Australia,35.4437,139.638,2003/8/20,0,0,0
,Lebanon,33.8547,35.8623,2003/8/20,32,0,1
,Iraq,33,44,2003/8/20,60,6,0
,Oman,21,57,2003/8/20,16,0,2
,Afghanistan,33,65,2003/8/20,4,0,0
,Bahrain,26.0275,50.55,2003/8/20,85,0,4
,Kuwait,29.5,47.75,2003/8/20,64,0,1
,Algeria,28.0339,1.6596,2003/8/20,19,0,0
,Croatia,45.1,15.2,2003/8/20,12,0,0
,Switzerland,46.8182,8.2275,2003/8/20,337,2,3
,Austria,47.5162,14.5501,2003/8/20,104,0,0
,Israel,31,35,2003/8/20,61,0,2
,Pakistan,30.3753,69.3451,2003/8/20,6,0,1
,Brazil,-14.235,-51.9253,2003/8/20,20,0,0
,Georgia,42.3154,43.3569,2003/8/20,13,0,0
,Greece,39.0742,21.8243,2003/8/20,73,0,0
,North Macedonia,41.6086,21.7453,2003/8/20,3,0,0
,Norway,60.472,8.4689,2003/8/20,176,0,0
,Romania,45.9432,24.9668,2003/8/20,15,0,3
,Estonia,58.5953,25.0136,2003/8/20,10,0,0
,San Marino,43.9424,12.4578,2003/8/20,36,1,0
,Belarus,53.7098,27.9534,2003/8/20,6,0,0
,Iceland,64.9631,-19.0208,2003/8/20,50,0,0
,Lithuania,55.1694,23.8813,2003/8/20,1,0,0
,Mexico,23.6345,-102.5528,2003/8/20,7,0,1
,New Zealand,-40.9006,174.886,2003/8/20,5,0,0
,Nigeria,9.082,8.6753,2003/8/20,1,0,0
,Australia,-31.9505,115.8605,2003/8/20,3,1,0
,Ireland,53.1424,-7.6921,2003/8/20,19,0,0
,Luxembourg,49.8153,6.1296,2003/8/20,3,0,0
,Monaco,43.7333,7.4167,2003/8/20,1,0,0
,Qatar,25.3548,51.1839,2003/8/20,15,0,0
,Ecuador,-1.8312,-78.1834,2003/8/20,14,0,0
,Azerbaijan,40.1431,47.5769,2003/8/20,9,0,0
,Armenia,40.0691,45.0382,2003/8/20,1,0,0
,Dominican Republic,18.7357,-70.1627,2003/8/20,5,0,0
,Indonesia,-0.7893,113.9213,2003/8/20,6,0,0
,Portugal,39.3999,-8.2245,2003/8/20,30,0,0
,Andorra,42.5063,1.5218,2003/8/20,1,0,0
,Australia,-41.4545,145.9707,2003/8/20,2,0,0
,Latvia,56.8796,24.6032,2003/8/20,2,0,0
,Morocco,31.7917,-7.0926,2003/8/20,2,0,0
,Saudi Arabia,24,45,2003/8/20,11,0,0
,Senegal,14.4974,-14.4524,2003/8/20,4,0,1
,Argentina,-38.4161,-63.6167,2003/8/20,12,1,0
,Chile,-35.6751,-71.543,2003/8/20,8,0,0
,Jordan,31.24,36.51,2003/8/20,1,0,0
,Ukraine,48.3794,31.1656,2003/8/20,1,0,0
,Hungary,47.1625,19.5033,2003/8/20,7,0,0
,Australia,-12.4634,130.8456,2003/8/20,0,0,0
,Liechtenstein,47.14,9.55,2003/8/20,1,0,0
,Poland,51.9194,19.1451,2003/8/20,11,0,0
,Tunisia,34,9,2003/8/20,2,0,0
,Bosnia and Herzegovina,43.9159,17.6791,2003/8/20,3,0,0
,Slovenia,46.1512,14.9955,2003/8/20,16,0,0
,South Africa,-30.5595,22.9375,2003/8/20,3,0,0
,Bhutan,27.5142,90.4336,2003/8/20,1,0,0
,Cameroon,3.848,11.5021,2003/8/20,2,0,0
,Colombia,4.5709,-74.2973,2003/8/20,1,0,0
,Costa Rica,9.7489,-83.7534,2003/8/20,5,0,0
,Peru,-9.19,-75.0152,2003/8/20,6,0,0
,Serbia,44.0165,21.0059,2003/8/20,1,0,0
,Slovakia,48.669,19.699,2003/8/20,3,0,0
,Togo,8.6195,0.8248,2003/8/20,1,0,0
,Malta,35.9375,14.3754,2003/8/20,3,0,0
,Martinique,14.6415,-61.0242,2003/8/20,2,0,0
,Bulgaria,42.7339,25.4858,2003/8/20,4,0,0
,Maldives,3.2028,73.2207,2003/8/20,4,0,0
,Bangladesh,23.685,90.3563,2003/8/20,3,0,0
,Paraguay,-23.4425,-58.4438,2003/8/20,1,0,0
,Canada,51.2538,-85.3232,2003/8/20,29,0,4
,Canada,53.9333,-116.5765,2003/8/20,4,0,0
,Canada,52.9399,-73.5491,2003/8/20,4,0,0
,Albania,41.1533,20.1683,2003/8/20,0,0,0
,Cyprus,35.1264,33.4299,2003/8/20,0,0,0
,Brunei,4.5353,114.7277,2003/8/20,0,0,0
,US,47.4009,-121.4905,2003/8/20,0,0,0
,US,42.1657,-74.9481,2003/8/20,0,0,0
,US,36.1162,-119.6816,2003/8/20,0,0,0
,US,42.2302,-71.5301,2003/8/20,0,0,0
,US,35.4437,139.638,2003/8/20,45,0,0
,US,37.6489,-122.6655,2003/8/20,21,0,0
,US,33.0406,-83.6431,2003/8/20,0,0,0
,US,39.0598,-105.3111,2003/8/20,0,0,0
,US,27.7663,-81.6868,2003/8/20,0,0,0
,US,40.2989,-74.521,2003/8/20,0,0,0
,US,44.572,-122.0709,2003/8/20,0,0,0
,US,31.0545,-97.5635,2003/8/20,0,0,0
,US,40.3495,-88.9861,2003/8/20,0,0,0
,US,40.5908,-77.2098,2003/8/20,0,0,0
,US,42.0115,-93.2105,2003/8/20,0,0,0
,US,39.0639,-76.8021,2003/8/20,0,0,0
,US,35.6301,-79.8064,2003/8/20,0,0,0
,US,33.8569,-80.945,2003/8/20,0,0,0
,US,35.7478,-86.6923,2003/8/20,0,0,0
,US,37.7693,-78.17,2003/8/20,0,0,0
,US,33.7298,-111.4312,2003/8/20,0,0,0
,US,39.8494,-86.2583,2003/8/20,0,0,0
,US,37.6681,-84.6701,2003/8/20,0,0,0
,US,38.8974,-77.0268,2003/8/20,0,0,0
,US,38.3135,-117.0554,2003/8/20,0,0,0
,US,43.4525,-71.5639,2003/8/20,0,0,0
,US,45.6945,-93.9002,2003/8/20,0,0,0
,US,41.1254,-98.2681,2003/8/20,0,0,0
,US,40.3888,-82.7649,2003/8/20,0,0,0
,US,41.6809,-71.5118,2003/8/20,0,0,0
,US,44.2685,-89.6165,2003/8/20,0,0,0
,US,41.5978,-72.7554,2003/8/20,0,0,0
,US,21.0943,-157.4983,2003/8/20,0,0,0
,US,35.5653,-96.9289,2003/8/20,0,0,0
,US,40.15,-111.8624,2003/8/20,0,0,0
,Burkina Faso,12.2383,-1.5616,2003/8/20,0,0,0
,Holy See,41.9029,12.4534,2003/8/20,1,0,0
,Mongolia,46.8625,103.8467,2003/8/20,0,0,0
,Panama,8.538,-80.7821,2003/8/20,0,0,0
,US,38.5266,-96.7265,2003/8/20,0,0,0
,US,31.1695,-91.8678,2003/8/20,0,0,0
,US,38.4561,-92.2884,2003/8/20,0,0,0
,US,44.0459,-72.7107,2003/8/20,0,0,0
,US,61.3707,-152.4044,2003/8/20,0,0,0
,US,34.9697,-92.3731,2003/8/20,0,0,0
,US,39.3185,-75.5071,2003/8/20,0,0,0
,US,44.2405,-114.4788,2003/8/20,0,0,0
,US,44.6939,-69.3819,2003/8/20,0,0,0
,US,43.3266,-84.5361,2003/8/20,0,0,0
,US,32.7416,-89.6787,2003/8/20,0,0,0
,US,46.9219,-110.4544,2003/8/20,0,0,0
,US,34.8405,-106.2485,2003/8/20,0,0,0
,US,47.5289,-99.784,2003/8/20,0,0,0
,US,44.2998,-99.4388,2003/8/20,0,0,0
,US,38.4912,-80.9545,2003/8/20,0,0,0
,US,42.756,-107.3025,2003/8/20,0,0,0
,Iran,32,53,2003/8/20,6566,194,2134
,South Korea,36,128,2003/8/20,7314,50,118
,France,46.2276,2.2137,2003/8/20,1126,19,12
,Cruise Ship,35.4437,139.638,2003/8/20,696,6,40
,Denmark,56.2639,9.5018,2003/8/20,35,0,1
,Czechia,49.8175,15.473,2003/8/20,31,0,0
,Taiwan*,23.7,121,2003/8/20,45,1,13
,Vietnam,16,108,2003/8/20,30,0,16
,Russia,60,90,2003/8/20,17,0,3
,Moldova,47.4116,28.3699,2003/8/20,1,0,0
,Bolivia,-16.2902,-63.5887,2003/8/20,0,0,0
,Denmark,61.8926,-6.9118,2003/8/20,2,0,0
,France,18.0708,-63.0501,2003/8/20,0,0,0
,Honduras,15.2,-86.2419,2003/8/20,0,0,0
,United Kingdom,49.3723,-2.3644,2003/8/20,0,0,0
,Canada,46.5653,-66.4619,2003/8/20,0,0,0
,Congo (Kinshasa),-4.0383,21.7587,2003/8/20,0,0,0
,Cote d'Ivoire,7.54,-5.5471,2003/8/20,0,0,0
,France,17.9,-62.8333,2003/8/20,3,0,0
,Jamaica,18.1096,-77.2975,2003/8/20,0,0,0
,Turkey,38.9637,35.2433,2003/8/20,0,0,0
,United Kingdom,36.1408,-5.3536,2003/8/20,1,0,0
,Cuba,22,-80,2003/8/20,0,0,0
,Guyana,5,-58.75,2003/8/20,0,0,0
,Australia,-35.4735,149.0124,2003/8/20,0,0,0
,United Kingdom,55.3781,-3.436,2003/8/20,273,3,18
,Kazakhstan,48.0196,66.9237,2003/8/20,0,0,0
,France,-17.6797,149.4068,2003/8/20,0,0,0
,Canada,53.7609,-98.8139,2003/8/20,0,0,0
,Canada,52.9399,-106.4509,2003/8/20,0,0,0
,Ethiopia,9.145,40.4897,2003/8/20,0,0,0
,Sudan,12.8628,30.2176,2003/8/20,0,0,0
,Guinea,9.9456,-9.6966,2003/8/20,0,0,0
,Canada,37.6489,-122.6655,2003/8/20,0,0,0
,Kenya,-0.0236,37.9062,2003/8/20,0,0,0
,Antigua and Barbuda,17.0608,-61.7964,2003/8/20,0,0,0
,US,32.3182,-86.9023,2003/8/20,0,0,0
,Uruguay,-32.5228,-55.7658,2003/8/20,0,0,0
,Ghana,7.9465,-1.0232,2003/8/20,0,0,0
,US,18.2208,-66.5901,2003/8/20,0,0,0
,Namibia,-22.9576,18.4904,2003/8/20,0,0,0
,Seychelles,-4.6796,55.492,2003/8/20,0,0,0
,Trinidad and Tobago,10.6918,-61.2225,2003/8/20,0,0,0
,Venezuela,6.4238,-66.5897,2003/8/20,0,0,0
,Eswatini,-26.5225,31.4659,2003/8/20,0,0,0
,Gabon,-0.8037,11.6094,2003/8/20,0,0,0
,Guatemala,15.7835,-90.2308,2003/8/20,0,0,0
,Mauritania,21.0079,10.9408,2003/8/20,0,0,0
,Rwanda,-1.9403,29.8739,2003/8/20,0,0,0
,Saint Lucia,13.9094,-60.9789,2003/8/20,0,0,0
,Saint Vincent and the Grenadines,12.9843,-61.2872,2003/8/20,0,0,0
,Suriname,3.9193,-56.0278,2003/8/20,0,0,0
,France,3.9339,-53.1258,2003/8/20,5,0,0
,US,13.4443,144.7937,2003/8/20,0,0,0
,Kosovo,42.6026,20.903,2003/8/20,0,0,0
,Canada,53.1355,-57.6604,2003/8/20,0,0,0
,Canada,46.5107,-63.4168,2003/8/20,0,0,0
,Central African Republic,6.6111,20.9394,2003/8/20,0,0,0
,Congo (Brazzaville),-4.0383,21.7587,2003/8/20,0,0,0
,Equatorial Guinea,1.5,10,2003/8/20,0,0,0
,France,-12.8275,45.1662,2003/8/20,0,0,0
,Uzbekistan,41.3775,64.5853,2003/8/20,0,0,0
,Netherlands,52.1326,5.2913,2003/8/20,265,3,0
,Canada,44.682,-63.7443,2003/8/20,0,0,0
,France,16.25,-61.5833,2003/8/20,0,0,0
,Benin,9.3077,2.3158,2003/8/20,0,0,0
,Liberia,6.4281,-9.4295,2003/8/20,0,0,0
,Netherlands,12.1696,-68.99,2003/8/20,0,0,0
,Somalia,5.1521,46.1996,2003/8/20,0,0,0
,Tanzania,-6.369,34.8888,2003/8/20,0,0,0
,US,18.3358,-64.8963,2003/8/20,0,0,0
,United Kingdom,19.3133,-81.2546,2003/8/20,0,0,0
,France,-21.1351,55.2471,2003/8/20,0,0,0
,Barbados,13.1939,-59.5432,2003/8/20,0,0,0
,Montenegro,42.5,19.3,2003/8/20,0,0,0
,Kyrgyzstan,41.2044,74.7661,2003/8/20,0,0,0
,Mauritius,-20.2,57.5,2003/8/20,0,0,0
,Netherlands,12.5186,-70.0358,2003/8/20,0,0,0
,Zambia,-15.4167,28.2833,2003/8/20,0,0,0
,Djibouti,11.8251,42.5903,2003/8/20,0,0,0
,"Gambia, The",13.4432,-15.3101,2003/8/20,0,0,0
,United Kingdom,16.7425,-62.1874,2003/8/20,0,0,0
,"Bahamas, The",25.0343,-77.3963,2003/8/20,0,0,0
,Denmark,71.7069,-42.6043,2003/8/20,0,0,0
,France,-20.9043,165.618,2003/8/20,0,0,0
,United Kingdom,32.3078,-64.7505,2003/8/20,0,0,0
,Chad,15.4542,18.7322,2003/8/20,0,0,0
,El Salvador,13.7942,-88.8965,2003/8/20,0,0,0
,Fiji,-17.7134,178.065,2003/8/20,0,0,0
,Nicaragua,12.8654,-85.2072,2003/8/20,0,0,0
,Madagascar,-18.7669,46.8691,2003/8/20,0,0,0
,Haiti,18.9712,-72.2852,2003/8/20,0,0,0
,Angola,-11.2027,17.8739,2003/8/20,0,0,0
,Cabo Verde,16.5388,-23.0418,2003/8/20,0,0,0
,Netherlands,18.0425,-63.0548,2003/8/20,0,0,0
,Niger,17.6078,8.0817,2003/8/20,0,0,0
,Papua New Guinea,-6.315,143.9555,2003/8/20,0,0,0
,United Kingdom,54.2361,-4.5481,2003/8/20,0,0,0
,Zimbabwe,-20,30,2003/8/20,0,0,0
,Canada,64.8255,-124.8457,2003/8/20,0,0,0
,Cape Verde,15.1111,-23.6167,2003/8/20,0,0,0
,East Timor,-8.55,125.56,2003/8/20,0,0,0
,Eritrea,15.1794,39.7823,2003/8/20,0,0,0
,Uganda,1,32,2003/8/20,0,0,0
,Dominica,15.415,-61.371,2003/8/20,0,0,0
,Grenada,12.1165,-61.679,2003/8/20,0,0,0
,Mozambique,-18.6657,35.5296,2003/8/20,0,0,0
,Syria,34.8021,38.9968,2003/8/20,0,0,0
,Timor-Leste,-8.8742,125.7275,2003/8/20,0,0,0
,Thailand,15,101,2003/9/20,50,1,31
,Japan,36,138,2003/9/20,511,10,76
,Singapore,1.2833,103.8333,2003/9/20,150,0,78
,Nepal,28.1667,84.25,2003/9/20,1,0,1
,Malaysia,2.5,112.5,2003/9/20,117,0,24
,Canada,49.2827,-123.1207,2003/9/20,32,1,4
,Australia,-33.8688,151.2093,2003/9/20,48,2,4
,Australia,-37.8136,144.9631,2003/9/20,15,0,7
,Australia,-28.0167,153.4,2003/9/20,15,0,8
,Cambodia,11.55,104.9167,2003/9/20,2,0,1
,Sri Lanka,7,81,2003/9/20,1,0,1
,Germany,51,9,2003/9/20,1176,2,18
,Finland,64,26,2003/9/20,30,0,1
,United Arab Emirates,24,54,2003/9/20,45,0,7
,Philippines,13,122,2003/9/20,20,1,1
,India,21,78,2003/9/20,43,0,3
,Italy,43,12,2003/9/20,9172,463,724
,Sweden,63,16,2003/9/20,248,0,1
,Spain,40,-4,2003/9/20,1073,28,32
,Australia,-34.9285,138.6007,2003/9/20,7,0,2
,Belgium,50.8333,4,2003/9/20,239,0,1
,Egypt,26,30,2003/9/20,55,1,1
,Australia,35.4437,139.638,2003/9/20,0,0,0
,Lebanon,33.8547,35.8623,2003/9/20,32,0,1
,Iraq,33,44,2003/9/20,60,6,3
,Oman,21,57,2003/9/20,16,0,2
,Afghanistan,33,65,2003/9/20,4,0,0
,Bahrain,26.0275,50.55,2003/9/20,95,0,14
,Kuwait,29.5,47.75,2003/9/20,64,0,1
,Algeria,28.0339,1.6596,2003/9/20,20,0,0
,Croatia,45.1,15.2,2003/9/20,12,0,0
,Switzerland,46.8182,8.2275,2003/9/20,374,2,3
,Austria,47.5162,14.5501,2003/9/20,131,0,2
,Israel,31,35,2003/9/20,61,0,2
,Pakistan,30.3753,69.3451,2003/9/20,6,0,1
,Brazil,-14.235,-51.9253,2003/9/20,25,0,0
,Georgia,42.3154,43.3569,2003/9/20,15,0,0
,Greece,39.0742,21.8243,2003/9/20,73,0,0
,North Macedonia,41.6086,21.7453,2003/9/20,3,0,0
,Norway,60.472,8.4689,2003/9/20,205,0,1
,Romania,45.9432,24.9668,2003/9/20,15,0,3
,Estonia,58.5953,25.0136,2003/9/20,10,0,0
,San Marino,43.9424,12.4578,2003/9/20,36,1,0
,Belarus,53.7098,27.9534,2003/9/20,6,0,1
,Iceland,64.9631,-19.0208,2003/9/20,58,0,0
,Lithuania,55.1694,23.8813,2003/9/20,1,0,0
,Mexico,23.6345,-102.5528,2003/9/20,7,0,1
,New Zealand,-40.9006,174.886,2003/9/20,5,0,0
,Nigeria,9.082,8.6753,2003/9/20,2,0,0
,Australia,-31.9505,115.8605,2003/9/20,4,1,0
,Ireland,53.1424,-7.6921,2003/9/20,21,0,0
,Luxembourg,49.8153,6.1296,2003/9/20,3,0,0
,Monaco,43.7333,7.4167,2003/9/20,1,0,0
,Qatar,25.3548,51.1839,2003/9/20,18,0,0
,Ecuador,-1.8312,-78.1834,2003/9/20,15,0,0
,Azerbaijan,40.1431,47.5769,2003/9/20,9,0,0
,Armenia,40.0691,45.0382,2003/9/20,1,0,0
,Dominican Republic,18.7357,-70.1627,2003/9/20,5,0,0
,Indonesia,-0.7893,113.9213,2003/9/20,19,0,0
,Portugal,39.3999,-8.2245,2003/9/20,30,0,0
,Andorra,42.5063,1.5218,2003/9/20,1,0,0
,Australia,-41.4545,145.9707,2003/9/20,2,0,0
,Latvia,56.8796,24.6032,2003/9/20,6,0,0
,Morocco,31.7917,-7.0926,2003/9/20,2,0,0
,Saudi Arabia,24,45,2003/9/20,15,0,0
,Senegal,14.4974,-14.4524,2003/9/20,4,0,1
,Argentina,-38.4161,-63.6167,2003/9/20,12,1,0
,Chile,-35.6751,-71.543,2003/9/20,8,0,0
,Jordan,31.24,36.51,2003/9/20,1,0,0
,Ukraine,48.3794,31.1656,2003/9/20,1,0,0
,Hungary,47.1625,19.5033,2003/9/20,9,0,0
,Australia,-12.4634,130.8456,2003/9/20,0,0,0
,Liechtenstein,47.14,9.55,2003/9/20,1,0,0
,Poland,51.9194,19.1451,2003/9/20,16,0,0
,Tunisia,34,9,2003/9/20,2,0,0
,Bosnia and Herzegovina,43.9159,17.6791,2003/9/20,3,0,0
,Slovenia,46.1512,14.9955,2003/9/20,16,0,0
,South Africa,-30.5595,22.9375,2003/9/20,3,0,0
,Bhutan,27.5142,90.4336,2003/9/20,1,0,0
,Cameroon,3.848,11.5021,2003/9/20,2,0,0
,Colombia,4.5709,-74.2973,2003/9/20,1,0,0
,Costa Rica,9.7489,-83.7534,2003/9/20,9,0,0
,Peru,-9.19,-75.0152,2003/9/20,7,0,0
,Serbia,44.0165,21.0059,2003/9/20,1,0,0
,Slovakia,48.669,19.699,2003/9/20,3,0,0
,Togo,8.6195,0.8248,2003/9/20,1,0,0
,Malta,35.9375,14.3754,2003/9/20,3,0,0
,Martinique,14.6415,-61.0242,2003/9/20,2,0,0
,Bulgaria,42.7339,25.4858,2003/9/20,4,0,0
,Maldives,3.2028,73.2207,2003/9/20,4,0,0
,Bangladesh,23.685,90.3563,2003/9/20,3,0,0
,Paraguay,-23.4425,-58.4438,2003/9/20,1,0,0
,Canada,51.2538,-85.3232,2003/9/20,34,0,4
,Canada,53.9333,-116.5765,2003/9/20,7,0,0
,Canada,52.9399,-73.5491,2003/9/20,4,0,0
,Albania,41.1533,20.1683,2003/9/20,2,0,0
,Cyprus,35.1264,33.4299,2003/9/20,2,0,0
,Brunei,4.5353,114.7277,2003/9/20,1,0,0
,US,47.4009,-121.4905,2003/9/20,0,0,0
,US,42.1657,-74.9481,2003/9/20,0,0,0
,US,36.1162,-119.6816,2003/9/20,0,0,0
,US,42.2302,-71.5301,2003/9/20,0,0,0
,US,35.4437,139.638,2003/9/20,45,0,0
,US,37.6489,-122.6655,2003/9/20,21,0,0
,US,33.0406,-83.6431,2003/9/20,0,0,0
,US,39.0598,-105.3111,2003/9/20,0,0,0
,US,27.7663,-81.6868,2003/9/20,0,0,0
,US,40.2989,-74.521,2003/9/20,0,0,0
,US,44.572,-122.0709,2003/9/20,0,0,0
,US,31.0545,-97.5635,2003/9/20,0,0,0
,US,40.3495,-88.9861,2003/9/20,0,0,0
,US,40.5908,-77.2098,2003/9/20,0,0,0
,US,42.0115,-93.2105,2003/9/20,0,0,0
,US,39.0639,-76.8021,2003/9/20,0,0,0
,US,35.6301,-79.8064,2003/9/20,0,0,0
,US,33.8569,-80.945,2003/9/20,0,0,0
,US,35.7478,-86.6923,2003/9/20,0,0,0
,US,37.7693,-78.17,2003/9/20,0,0,0
,US,33.7298,-111.4312,2003/9/20,0,0,0
,US,39.8494,-86.2583,2003/9/20,0,0,0
,US,37.6681,-84.6701,2003/9/20,0,0,0
,US,38.8974,-77.0268,2003/9/20,0,0,0
,US,38.3135,-117.0554,2003/9/20,0,0,0
,US,43.4525,-71.5639,2003/9/20,0,0,0
,US,45.6945,-93.9002,2003/9/20,0,0,0
,US,41.1254,-98.2681,2003/9/20,0,0,0
,US,40.3888,-82.7649,2003/9/20,0,0,0
,US,41.6809,-71.5118,2003/9/20,0,0,0
,US,44.2685,-89.6165,2003/9/20,0,0,0
,US,41.5978,-72.7554,2003/9/20,0,0,0
,US,21.0943,-157.4983,2003/9/20,0,0,0
,US,35.5653,-96.9289,2003/9/20,0,0,0
,US,40.15,-111.8624,2003/9/20,0,0,0
,Burkina Faso,12.2383,-1.5616,2003/9/20,0,0,0
,Holy See,41.9029,12.4534,2003/9/20,1,0,0
,Mongolia,46.8625,103.8467,2003/9/20,0,0,0
,Panama,8.538,-80.7821,2003/9/20,0,0,0
,US,38.5266,-96.7265,2003/9/20,0,0,0
,US,31.1695,-91.8678,2003/9/20,0,0,0
,US,38.4561,-92.2884,2003/9/20,0,0,0
,US,44.0459,-72.7107,2003/9/20,0,0,0
,US,61.3707,-152.4044,2003/9/20,0,0,0
,US,34.9697,-92.3731,2003/9/20,0,0,0
,US,39.3185,-75.5071,2003/9/20,0,0,0
,US,44.2405,-114.4788,2003/9/20,0,0,0
,US,44.6939,-69.3819,2003/9/20,0,0,0
,US,43.3266,-84.5361,2003/9/20,0,0,0
,US,32.7416,-89.6787,2003/9/20,0,0,0
,US,46.9219,-110.4544,2003/9/20,0,0,0
,US,34.8405,-106.2485,2003/9/20,0,0,0
,US,47.5289,-99.784,2003/9/20,0,0,0
,US,44.2998,-99.4388,2003/9/20,0,0,0
,US,38.4912,-80.9545,2003/9/20,0,0,0
,US,42.756,-107.3025,2003/9/20,0,0,0
,Iran,32,53,2003/9/20,7161,237,2394
,South Korea,36,128,2003/9/20,7478,53,118
,France,46.2276,2.2137,2003/9/20,1209,19,12
,Cruise Ship,35.4437,139.638,2003/9/20,696,6,40
,Denmark,56.2639,9.5018,2003/9/20,90,0,1
,Czechia,49.8175,15.473,2003/9/20,31,0,0
,Taiwan*,23.7,121,2003/9/20,45,1,15
,Vietnam,16,108,2003/9/20,30,0,16
,Russia,60,90,2003/9/20,17,0,3
,Moldova,47.4116,28.3699,2003/9/20,1,0,0
,Bolivia,-16.2902,-63.5887,2003/9/20,0,0,0
,Denmark,61.8926,-6.9118,2003/9/20,2,0,0
,France,18.0708,-63.0501,2003/9/20,2,0,0
,Honduras,15.2,-86.2419,2003/9/20,0,0,0
,United Kingdom,49.3723,-2.3644,2003/9/20,0,0,0
,Canada,46.5653,-66.4619,2003/9/20,0,0,0
,Congo (Kinshasa),-4.0383,21.7587,2003/9/20,0,0,0
,Cote d'Ivoire,7.54,-5.5471,2003/9/20,0,0,0
,France,17.9,-62.8333,2003/9/20,1,0,0
,Jamaica,18.1096,-77.2975,2003/9/20,0,0,0
,Turkey,38.9637,35.2433,2003/9/20,0,0,0
,United Kingdom,36.1408,-5.3536,2003/9/20,1,0,0
,Cuba,22,-80,2003/9/20,0,0,0
,Guyana,5,-58.75,2003/9/20,0,0,0
,Australia,-35.4735,149.0124,2003/9/20,0,0,0
,United Kingdom,55.3781,-3.436,2003/9/20,321,4,18
,Kazakhstan,48.0196,66.9237,2003/9/20,0,0,0
,France,-17.6797,149.4068,2003/9/20,0,0,0
,Canada,53.7609,-98.8139,2003/9/20,0,0,0
,Canada,52.9399,-106.4509,2003/9/20,0,0,0
,Ethiopia,9.145,40.4897,2003/9/20,0,0,0
,Sudan,12.8628,30.2176,2003/9/20,0,0,0
,Guinea,9.9456,-9.6966,2003/9/20,0,0,0
,Canada,37.6489,-122.6655,2003/9/20,0,0,0
,Kenya,-0.0236,37.9062,2003/9/20,0,0,0
,Antigua and Barbuda,17.0608,-61.7964,2003/9/20,0,0,0
,US,32.3182,-86.9023,2003/9/20,0,0,0
,Uruguay,-32.5228,-55.7658,2003/9/20,0,0,0
,Ghana,7.9465,-1.0232,2003/9/20,0,0,0
,US,18.2208,-66.5901,2003/9/20,0,0,0
,Namibia,-22.9576,18.4904,2003/9/20,0,0,0
,Seychelles,-4.6796,55.492,2003/9/20,0,0,0
,Trinidad and Tobago,10.6918,-61.2225,2003/9/20,0,0,0
,Venezuela,6.4238,-66.5897,2003/9/20,0,0,0
,Eswatini,-26.5225,31.4659,2003/9/20,0,0,0
,Gabon,-0.8037,11.6094,2003/9/20,0,0,0
,Guatemala,15.7835,-90.2308,2003/9/20,0,0,0
,Mauritania,21.0079,10.9408,2003/9/20,0,0,0
,Rwanda,-1.9403,29.8739,2003/9/20,0,0,0
,Saint Lucia,13.9094,-60.9789,2003/9/20,0,0,0
,Saint Vincent and the Grenadines,12.9843,-61.2872,2003/9/20,0,0,0
,Suriname,3.9193,-56.0278,2003/9/20,0,0,0
,France,3.9339,-53.1258,2003/9/20,5,0,0
,US,13.4443,144.7937,2003/9/20,0,0,0
,Kosovo,42.6026,20.903,2003/9/20,0,0,0
,Canada,53.1355,-57.6604,2003/9/20,0,0,0
,Canada,46.5107,-63.4168,2003/9/20,0,0,0
,Central African Republic,6.6111,20.9394,2003/9/20,0,0,0
,Congo (Brazzaville),-4.0383,21.7587,2003/9/20,0,0,0
,Equatorial Guinea,1.5,10,2003/9/20,0,0,0
,France,-12.8275,45.1662,2003/9/20,0,0,0
,Uzbekistan,41.3775,64.5853,2003/9/20,0,0,0
,Netherlands,52.1326,5.2913,2003/9/20,321,3,0
,Canada,44.682,-63.7443,2003/9/20,0,0,0
,France,16.25,-61.5833,2003/9/20,0,0,0
,Benin,9.3077,2.3158,2003/9/20,0,0,0
,Liberia,6.4281,-9.4295,2003/9/20,0,0,0
,Netherlands,12.1696,-68.99,2003/9/20,0,0,0
,Somalia,5.1521,46.1996,2003/9/20,0,0,0
,Tanzania,-6.369,34.8888,2003/9/20,0,0,0
,US,18.3358,-64.8963,2003/9/20,0,0,0
,United Kingdom,19.3133,-81.2546,2003/9/20,0,0,0
,France,-21.1351,55.2471,2003/9/20,0,0,0
,Barbados,13.1939,-59.5432,2003/9/20,0,0,0
,Montenegro,42.5,19.3,2003/9/20,0,0,0
,Kyrgyzstan,41.2044,74.7661,2003/9/20,0,0,0
,Mauritius,-20.2,57.5,2003/9/20,0,0,0
,Netherlands,12.5186,-70.0358,2003/9/20,0,0,0
,Zambia,-15.4167,28.2833,2003/9/20,0,0,0
,Djibouti,11.8251,42.5903,2003/9/20,0,0,0
,"Gambia, The",13.4432,-15.3101,2003/9/20,0,0,0
,United Kingdom,16.7425,-62.1874,2003/9/20,0,0,0
,"Bahamas, The",25.0343,-77.3963,2003/9/20,0,0,0
,Denmark,71.7069,-42.6043,2003/9/20,0,0,0
,France,-20.9043,165.618,2003/9/20,0,0,0
,United Kingdom,32.3078,-64.7505,2003/9/20,0,0,0
,Chad,15.4542,18.7322,2003/9/20,0,0,0
,El Salvador,13.7942,-88.8965,2003/9/20,0,0,0
,Fiji,-17.7134,178.065,2003/9/20,0,0,0
,Nicaragua,12.8654,-85.2072,2003/9/20,0,0,0
,Madagascar,-18.7669,46.8691,2003/9/20,0,0,0
,Haiti,18.9712,-72.2852,2003/9/20,0,0,0
,Angola,-11.2027,17.8739,2003/9/20,0,0,0
,Cabo Verde,16.5388,-23.0418,2003/9/20,0,0,0
,Netherlands,18.0425,-63.0548,2003/9/20,0,0,0
,Niger,17.6078,8.0817,2003/9/20,0,0,0
,Papua New Guinea,-6.315,143.9555,2003/9/20,0,0,0
,United Kingdom,54.2361,-4.5481,2003/9/20,0,0,0
,Zimbabwe,-20,30,2003/9/20,0,0,0
,Canada,64.8255,-124.8457,2003/9/20,0,0,0
,Cape Verde,15.1111,-23.6167,2003/9/20,0,0,0
,East Timor,-8.55,125.56,2003/9/20,0,0,0
,Eritrea,15.1794,39.7823,2003/9/20,0,0,0
,Uganda,1,32,2003/9/20,0,0,0
,Dominica,15.415,-61.371,2003/9/20,0,0,0
,Grenada,12.1165,-61.679,2003/9/20,0,0,0
,Mozambique,-18.6657,35.5296,2003/9/20,0,0,0
,Syria,34.8021,38.9968,2003/9/20,0,0,0
,Timor-Leste,-8.8742,125.7275,2003/9/20,0,0,0
,Thailand,15,101,2003/10/20,53,1,33
,Japan,36,138,2003/10/20,581,10,101
,Singapore,1.2833,103.8333,2003/10/20,160,0,78
,Nepal,28.1667,84.25,2003/10/20,1,0,1
,Malaysia,2.5,112.5,2003/10/20,129,0,24
,Canada,49.2827,-123.1207,2003/10/20,32,1,4
,Australia,-33.8688,151.2093,2003/10/20,55,2,4
,Australia,-37.8136,144.9631,2003/10/20,18,0,7
,Australia,-28.0167,153.4,2003/10/20,18,0,8
,Cambodia,11.55,104.9167,2003/10/20,2,0,1
,Sri Lanka,7,81,2003/10/20,1,0,1
,Germany,51,9,2003/10/20,1457,2,18
,Finland,64,26,2003/10/20,40,0,1
,United Arab Emirates,24,54,2003/10/20,74,0,12
,Philippines,13,122,2003/10/20,33,1,2
,India,21,78,2003/10/20,56,0,4
,Italy,43,12,2003/10/20,10149,631,724
,Sweden,63,16,2003/10/20,355,0,1
,Spain,40,-4,2003/10/20,1695,35,32
,Australia,-34.9285,138.6007,2003/10/20,7,0,2
,Belgium,50.8333,4,2003/10/20,267,0,1
,Egypt,26,30,2003/10/20,59,1,1
,Australia,35.4437,139.638,2003/10/20,0,0,0
,Lebanon,33.8547,35.8623,2003/10/20,41,1,1
,Iraq,33,44,2003/10/20,71,7,3
,Oman,21,57,2003/10/20,18,0,9
,Afghanistan,33,65,2003/10/20,5,0,0
,Bahrain,26.0275,50.55,2003/10/20,110,0,22
,Kuwait,29.5,47.75,2003/10/20,69,0,1
,Algeria,28.0339,1.6596,2003/10/20,20,0,0
,Croatia,45.1,15.2,2003/10/20,14,0,0
,Switzerland,46.8182,8.2275,2003/10/20,491,3,3
,Austria,47.5162,14.5501,2003/10/20,182,0,4
,Israel,31,35,2003/10/20,83,0,4
,Pakistan,30.3753,69.3451,2003/10/20,16,0,1
,Brazil,-14.235,-51.9253,2003/10/20,31,0,0
,Georgia,42.3154,43.3569,2003/10/20,15,0,0
,Greece,39.0742,21.8243,2003/10/20,89,0,0
,North Macedonia,41.6086,21.7453,2003/10/20,7,0,0
,Norway,60.472,8.4689,2003/10/20,400,0,1
,Romania,45.9432,24.9668,2003/10/20,25,0,3
,Estonia,58.5953,25.0136,2003/10/20,12,0,0
,San Marino,43.9424,12.4578,2003/10/20,51,2,0
,Belarus,53.7098,27.9534,2003/10/20,9,0,3
,Iceland,64.9631,-19.0208,2003/10/20,69,0,1
,Lithuania,55.1694,23.8813,2003/10/20,1,0,0
,Mexico,23.6345,-102.5528,2003/10/20,7,0,4
,New Zealand,-40.9006,174.886,2003/10/20,5,0,0
,Nigeria,9.082,8.6753,2003/10/20,2,0,0
,Australia,-31.9505,115.8605,2003/10/20,6,1,0
,Ireland,53.1424,-7.6921,2003/10/20,34,0,0
,Luxembourg,49.8153,6.1296,2003/10/20,5,0,0
,Monaco,43.7333,7.4167,2003/10/20,1,0,0
,Qatar,25.3548,51.1839,2003/10/20,24,0,0
,Ecuador,-1.8312,-78.1834,2003/10/20,15,0,0
,Azerbaijan,40.1431,47.5769,2003/10/20,11,0,0
,Armenia,40.0691,45.0382,2003/10/20,1,0,0
,Dominican Republic,18.7357,-70.1627,2003/10/20,5,0,0
,Indonesia,-0.7893,113.9213,2003/10/20,27,0,2
,Portugal,39.3999,-8.2245,2003/10/20,41,0,0
,Andorra,42.5063,1.5218,2003/10/20,1,0,0
,Australia,-41.4545,145.9707,2003/10/20,2,0,0
,Latvia,56.8796,24.6032,2003/10/20,8,0,1
,Morocco,31.7917,-7.0926,2003/10/20,3,1,0
,Saudi Arabia,24,45,2003/10/20,20,0,1
,Senegal,14.4974,-14.4524,2003/10/20,4,0,1
,Argentina,-38.4161,-63.6167,2003/10/20,17,1,0
,Chile,-35.6751,-71.543,2003/10/20,13,0,0
,Jordan,31.24,36.51,2003/10/20,1,0,0
,Ukraine,48.3794,31.1656,2003/10/20,1,0,0
,Hungary,47.1625,19.5033,2003/10/20,9,0,0
,Australia,-12.4634,130.8456,2003/10/20,1,0,0
,Liechtenstein,47.14,9.55,2003/10/20,1,0,0
,Poland,51.9194,19.1451,2003/10/20,22,0,0
,Tunisia,34,9,2003/10/20,5,0,0
,Bosnia and Herzegovina,43.9159,17.6791,2003/10/20,5,0,0
,Slovenia,46.1512,14.9955,2003/10/20,31,0,0
,South Africa,-30.5595,22.9375,2003/10/20,7,0,0
,Bhutan,27.5142,90.4336,2003/10/20,1,0,0
,Cameroon,3.848,11.5021,2003/10/20,2,0,0
,Colombia,4.5709,-74.2973,2003/10/20,3,0,0
,Costa Rica,9.7489,-83.7534,2003/10/20,9,0,0
,Peru,-9.19,-75.0152,2003/10/20,11,0,0
,Serbia,44.0165,21.0059,2003/10/20,5,0,0
,Slovakia,48.669,19.699,2003/10/20,7,0,0
,Togo,8.6195,0.8248,2003/10/20,1,0,0
,Malta,35.9375,14.3754,2003/10/20,5,0,0
,Martinique,14.6415,-61.0242,2003/10/20,2,0,0
,Bulgaria,42.7339,25.4858,2003/10/20,4,0,0
,Maldives,3.2028,73.2207,2003/10/20,6,0,0
,Bangladesh,23.685,90.3563,2003/10/20,3,0,0
,Paraguay,-23.4425,-58.4438,2003/10/20,1,0,0
,Canada,51.2538,-85.3232,2003/10/20,36,0,4
,Canada,53.9333,-116.5765,2003/10/20,7,0,0
,Canada,52.9399,-73.5491,2003/10/20,4,0,0
,Albania,41.1533,20.1683,2003/10/20,10,0,0
,Cyprus,35.1264,33.4299,2003/10/20,3,0,0
,Brunei,4.5353,114.7277,2003/10/20,1,0,0
,US,47.4009,-121.4905,2003/10/20,267,23,1
,US,42.1657,-74.9481,2003/10/20,173,0,0
,US,36.1162,-119.6816,2003/10/20,144,2,2
,US,42.2302,-71.5301,2003/10/20,92,0,1
,US,35.4437,139.638,2003/10/20,46,0,0
,US,37.6489,-122.6655,2003/10/20,21,0,0
,US,33.0406,-83.6431,2003/10/20,17,0,0
,US,39.0598,-105.3111,2003/10/20,15,0,0
,US,27.7663,-81.6868,2003/10/20,15,2,0
,US,40.2989,-74.521,2003/10/20,15,1,0
,US,44.572,-122.0709,2003/10/20,15,0,0
,US,31.0545,-97.5635,2003/10/20,13,0,0
,US,40.3495,-88.9861,2003/10/20,12,0,2
,US,40.5908,-77.2098,2003/10/20,12,0,0
,US,42.0115,-93.2105,2003/10/20,8,0,0
,US,39.0639,-76.8021,2003/10/20,8,0,0
,US,35.6301,-79.8064,2003/10/20,7,0,0
,US,33.8569,-80.945,2003/10/20,7,0,0
,US,35.7478,-86.6923,2003/10/20,7,0,0
,US,37.7693,-78.17,2003/10/20,7,0,0
,US,33.7298,-111.4312,2003/10/20,6,0,1
,US,39.8494,-86.2583,2003/10/20,6,0,0
,US,37.6681,-84.6701,2003/10/20,6,0,0
,US,38.8974,-77.0268,2003/10/20,5,0,0
,US,38.3135,-117.0554,2003/10/20,4,0,0
,US,43.4525,-71.5639,2003/10/20,4,0,0
,US,45.6945,-93.9002,2003/10/20,3,0,0
,US,41.1254,-98.2681,2003/10/20,3,0,0
,US,40.3888,-82.7649,2003/10/20,3,0,0
,US,41.6809,-71.5118,2003/10/20,3,0,0
,US,44.2685,-89.6165,2003/10/20,3,0,1
,US,41.5978,-72.7554,2003/10/20,2,0,0
,US,21.0943,-157.4983,2003/10/20,2,0,0
,US,35.5653,-96.9289,2003/10/20,2,0,0
,US,40.15,-111.8624,2003/10/20,2,0,0
,Burkina Faso,12.2383,-1.5616,2003/10/20,1,0,0
,Holy See,41.9029,12.4534,2003/10/20,1,0,0
,Mongolia,46.8625,103.8467,2003/10/20,1,0,0
,Panama,8.538,-80.7821,2003/10/20,1,0,0
,US,38.5266,-96.7265,2003/10/20,1,0,0
,US,31.1695,-91.8678,2003/10/20,1,0,0
,US,38.4561,-92.2884,2003/10/20,1,0,0
,US,44.0459,-72.7107,2003/10/20,1,0,0
,US,61.3707,-152.4044,2003/10/20,0,0,0
,US,34.9697,-92.3731,2003/10/20,0,0,0
,US,39.3185,-75.5071,2003/10/20,0,0,0
,US,44.2405,-114.4788,2003/10/20,0,0,0
,US,44.6939,-69.3819,2003/10/20,0,0,0
,US,43.3266,-84.5361,2003/10/20,0,0,0
,US,32.7416,-89.6787,2003/10/20,0,0,0
,US,46.9219,-110.4544,2003/10/20,0,0,0
,US,34.8405,-106.2485,2003/10/20,0,0,0
,US,47.5289,-99.784,2003/10/20,0,0,0
,US,44.2998,-99.4388,2003/10/20,0,0,0
,US,38.4912,-80.9545,2003/10/20,0,0,0
,US,42.756,-107.3025,2003/10/20,0,0,0
,Iran,32,53,2003/10/20,8042,291,2731
,South Korea,36,128,2003/10/20,7513,54,247
,France,46.2276,2.2137,2003/10/20,1784,33,12
,Cruise Ship,35.4437,139.638,2003/10/20,696,6,40
,Denmark,56.2639,9.5018,2003/10/20,262,0,1
,Czechia,49.8175,15.473,2003/10/20,41,0,0
,Taiwan*,23.7,121,2003/10/20,47,1,17
,Vietnam,16,108,2003/10/20,31,0,16
,Russia,60,90,2003/10/20,20,0,3
,Moldova,47.4116,28.3699,2003/10/20,3,0,0
,Bolivia,-16.2902,-63.5887,2003/10/20,0,0,0
,Denmark,61.8926,-6.9118,2003/10/20,2,0,0
,France,18.0708,-63.0501,2003/10/20,2,0,0
,Honduras,15.2,-86.2419,2003/10/20,0,0,0
,United Kingdom,49.3723,-2.3644,2003/10/20,1,0,0
,Canada,46.5653,-66.4619,2003/10/20,0,0,0
,Congo (Kinshasa),-4.0383,21.7587,2003/10/20,0,0,0
,Cote d'Ivoire,7.54,-5.5471,2003/10/20,0,0,0
,France,17.9,-62.8333,2003/10/20,1,0,0
,Jamaica,18.1096,-77.2975,2003/10/20,0,0,0
,Turkey,38.9637,35.2433,2003/10/20,0,0,0
,United Kingdom,36.1408,-5.3536,2003/10/20,1,0,1
,Cuba,22,-80,2003/10/20,0,0,0
,Guyana,5,-58.75,2003/10/20,0,0,0
,Australia,-35.4735,149.0124,2003/10/20,0,0,0
,United Kingdom,55.3781,-3.436,2003/10/20,382,6,18
,Kazakhstan,48.0196,66.9237,2003/10/20,0,0,0
,France,-17.6797,149.4068,2003/10/20,0,0,0
,Canada,53.7609,-98.8139,2003/10/20,0,0,0
,Canada,52.9399,-106.4509,2003/10/20,0,0,0
,Ethiopia,9.145,40.4897,2003/10/20,0,0,0
,Sudan,12.8628,30.2176,2003/10/20,0,0,0
,Guinea,9.9456,-9.6966,2003/10/20,0,0,0
,Canada,37.6489,-122.6655,2003/10/20,0,0,0
,Kenya,-0.0236,37.9062,2003/10/20,0,0,0
,Antigua and Barbuda,17.0608,-61.7964,2003/10/20,0,0,0
,US,32.3182,-86.9023,2003/10/20,0,0,0
,Uruguay,-32.5228,-55.7658,2003/10/20,0,0,0
,Ghana,7.9465,-1.0232,2003/10/20,0,0,0
,US,18.2208,-66.5901,2003/10/20,0,0,0
,Namibia,-22.9576,18.4904,2003/10/20,0,0,0
,Seychelles,-4.6796,55.492,2003/10/20,0,0,0
,Trinidad and Tobago,10.6918,-61.2225,2003/10/20,0,0,0
,Venezuela,6.4238,-66.5897,2003/10/20,0,0,0
,Eswatini,-26.5225,31.4659,2003/10/20,0,0,0
,Gabon,-0.8037,11.6094,2003/10/20,0,0,0
,Guatemala,15.7835,-90.2308,2003/10/20,0,0,0
,Mauritania,21.0079,10.9408,2003/10/20,0,0,0
,Rwanda,-1.9403,29.8739,2003/10/20,0,0,0
,Saint Lucia,13.9094,-60.9789,2003/10/20,0,0,0
,Saint Vincent and the Grenadines,12.9843,-61.2872,2003/10/20,0,0,0
,Suriname,3.9193,-56.0278,2003/10/20,0,0,0
,France,3.9339,-53.1258,2003/10/20,5,0,0
,US,13.4443,144.7937,2003/10/20,0,0,0
,Kosovo,42.6026,20.903,2003/10/20,0,0,0
,Canada,53.1355,-57.6604,2003/10/20,0,0,0
,Canada,46.5107,-63.4168,2003/10/20,0,0,0
,Central African Republic,6.6111,20.9394,2003/10/20,0,0,0
,Congo (Brazzaville),-4.0383,21.7587,2003/10/20,0,0,0
,Equatorial Guinea,1.5,10,2003/10/20,0,0,0
,France,-12.8275,45.1662,2003/10/20,0,0,0
,Uzbekistan,41.3775,64.5853,2003/10/20,0,0,0
,Netherlands,52.1326,5.2913,2003/10/20,382,4,0
,Canada,44.682,-63.7443,2003/10/20,0,0,0
,France,16.25,-61.5833,2003/10/20,0,0,0
,Benin,9.3077,2.3158,2003/10/20,0,0,0
,Liberia,6.4281,-9.4295,2003/10/20,0,0,0
,Netherlands,12.1696,-68.99,2003/10/20,0,0,0
,Somalia,5.1521,46.1996,2003/10/20,0,0,0
,Tanzania,-6.369,34.8888,2003/10/20,0,0,0
,US,18.3358,-64.8963,2003/10/20,0,0,0
,United Kingdom,19.3133,-81.2546,2003/10/20,0,0,0
,France,-21.1351,55.2471,2003/10/20,0,0,0
,Barbados,13.1939,-59.5432,2003/10/20,0,0,0
,Montenegro,42.5,19.3,2003/10/20,0,0,0
,Kyrgyzstan,41.2044,74.7661,2003/10/20,0,0,0
,Mauritius,-20.2,57.5,2003/10/20,0,0,0
,Netherlands,12.5186,-70.0358,2003/10/20,0,0,0
,Zambia,-15.4167,28.2833,2003/10/20,0,0,0
,Djibouti,11.8251,42.5903,2003/10/20,0,0,0
,"Gambia, The",13.4432,-15.3101,2003/10/20,0,0,0
,United Kingdom,16.7425,-62.1874,2003/10/20,0,0,0
,"Bahamas, The",25.0343,-77.3963,2003/10/20,0,0,0
,Denmark,71.7069,-42.6043,2003/10/20,0,0,0
,France,-20.9043,165.618,2003/10/20,0,0,0
,United Kingdom,32.3078,-64.7505,2003/10/20,0,0,0
,Chad,15.4542,18.7322,2003/10/20,0,0,0
,El Salvador,13.7942,-88.8965,2003/10/20,0,0,0
,Fiji,-17.7134,178.065,2003/10/20,0,0,0
,Nicaragua,12.8654,-85.2072,2003/10/20,0,0,0
,Madagascar,-18.7669,46.8691,2003/10/20,0,0,0
,Haiti,18.9712,-72.2852,2003/10/20,0,0,0
,Angola,-11.2027,17.8739,2003/10/20,0,0,0
,Cabo Verde,16.5388,-23.0418,2003/10/20,0,0,0
,Netherlands,18.0425,-63.0548,2003/10/20,0,0,0
,Niger,17.6078,8.0817,2003/10/20,0,0,0
,Papua New Guinea,-6.315,143.9555,2003/10/20,0,0,0
,United Kingdom,54.2361,-4.5481,2003/10/20,0,0,0
,Zimbabwe,-20,30,2003/10/20,0,0,0
,Canada,64.8255,-124.8457,2003/10/20,0,0,0
,Cape Verde,15.1111,-23.6167,2003/10/20,0,0,0
,East Timor,-8.55,125.56,2003/10/20,0,0,0
,Eritrea,15.1794,39.7823,2003/10/20,0,0,0
,Uganda,1,32,2003/10/20,0,0,0
,Dominica,15.415,-61.371,2003/10/20,0,0,0
,Grenada,12.1165,-61.679,2003/10/20,0,0,0
,Mozambique,-18.6657,35.5296,2003/10/20,0,0,0
,Syria,34.8021,38.9968,2003/10/20,0,0,0
,Timor-Leste,-8.8742,125.7275,2003/10/20,0,0,0
,Thailand,15,101,2003/11/20,59,1,34
,Japan,36,138,2003/11/20,639,15,118
,Singapore,1.2833,103.8333,2003/11/20,178,0,96
,Nepal,28.1667,84.25,2003/11/20,1,0,1
,Malaysia,2.5,112.5,2003/11/20,149,0,26
,Canada,49.2827,-123.1207,2003/11/20,39,1,4
,Australia,-33.8688,151.2093,2003/11/20,65,2,4
,Australia,-37.8136,144.9631,2003/11/20,21,0,7
,Australia,-28.0167,153.4,2003/11/20,20,0,8
,Cambodia,11.55,104.9167,2003/11/20,3,0,1
,Sri Lanka,7,81,2003/11/20,2,0,1
,Germany,51,9,2003/11/20,1908,3,25
,Finland,64,26,2003/11/20,59,0,1
,United Arab Emirates,24,54,2003/11/20,74,0,17
,Philippines,13,122,2003/11/20,49,1,2
,India,21,78,2003/11/20,62,1,4
,Italy,43,12,2003/11/20,12462,827,1045
,Sweden,63,16,2003/11/20,500,1,1
,Spain,40,-4,2003/11/20,2277,54,183
,Australia,-34.9285,138.6007,2003/11/20,9,0,2
,Belgium,50.8333,4,2003/11/20,314,3,1
,Egypt,26,30,2003/11/20,60,1,27
,Australia,35.4437,139.638,2003/11/20,0,0,0
,Lebanon,33.8547,35.8623,2003/11/20,61,3,1
,Iraq,33,44,2003/11/20,71,7,15
,Oman,21,57,2003/11/20,18,0,9
,Afghanistan,33,65,2003/11/20,7,0,0
,Bahrain,26.0275,50.55,2003/11/20,195,0,35
,Kuwait,29.5,47.75,2003/11/20,72,0,2
,Algeria,28.0339,1.6596,2003/11/20,20,0,0
,Croatia,45.1,15.2,2003/11/20,19,0,0
,Switzerland,46.8182,8.2275,2003/11/20,652,4,4
,Austria,47.5162,14.5501,2003/11/20,246,0,4
,Israel,31,35,2003/11/20,109,0,4
,Pakistan,30.3753,69.3451,2003/11/20,19,0,2
,Brazil,-14.235,-51.9253,2003/11/20,38,0,0
,Georgia,42.3154,43.3569,2003/11/20,24,0,0
,Greece,39.0742,21.8243,2003/11/20,99,1,0
,North Macedonia,41.6086,21.7453,2003/11/20,7,0,0
,Norway,60.472,8.4689,2003/11/20,598,0,1
,Romania,45.9432,24.9668,2003/11/20,45,0,6
,Estonia,58.5953,25.0136,2003/11/20,16,0,0
,San Marino,43.9424,12.4578,2003/11/20,62,2,0
,Belarus,53.7098,27.9534,2003/11/20,9,0,3
,Iceland,64.9631,-19.0208,2003/11/20,85,0,1
,Lithuania,55.1694,23.8813,2003/11/20,3,0,0
,Mexico,23.6345,-102.5528,2003/11/20,8,0,4
,New Zealand,-40.9006,174.886,2003/11/20,5,0,0
,Nigeria,9.082,8.6753,2003/11/20,2,0,0
,Australia,-31.9505,115.8605,2003/11/20,9,1,0
,Ireland,53.1424,-7.6921,2003/11/20,43,1,0
,Luxembourg,49.8153,6.1296,2003/11/20,7,0,0
,Monaco,43.7333,7.4167,2003/11/20,1,0,0
,Qatar,25.3548,51.1839,2003/11/20,262,0,0
,Ecuador,-1.8312,-78.1834,2003/11/20,17,0,0
,Azerbaijan,40.1431,47.5769,2003/11/20,11,0,3
,Armenia,40.0691,45.0382,2003/11/20,1,0,0
,Dominican Republic,18.7357,-70.1627,2003/11/20,5,0,0
,Indonesia,-0.7893,113.9213,2003/11/20,34,1,2
,Portugal,39.3999,-8.2245,2003/11/20,59,0,0
,Andorra,42.5063,1.5218,2003/11/20,1,0,0
,Australia,-41.4545,145.9707,2003/11/20,3,0,0
,Latvia,56.8796,24.6032,2003/11/20,10,0,1
,Morocco,31.7917,-7.0926,2003/11/20,5,1,0
,Saudi Arabia,24,45,2003/11/20,21,0,1
,Senegal,14.4974,-14.4524,2003/11/20,4,0,1
,Argentina,-38.4161,-63.6167,2003/11/20,19,1,0
,Chile,-35.6751,-71.543,2003/11/20,23,0,0
,Jordan,31.24,36.51,2003/11/20,1,0,0
,Ukraine,48.3794,31.1656,2003/11/20,1,0,0
,Hungary,47.1625,19.5033,2003/11/20,13,0,0
,Australia,-12.4634,130.8456,2003/11/20,1,0,0
,Liechtenstein,47.14,9.55,2003/11/20,1,0,0
,Poland,51.9194,19.1451,2003/11/20,31,0,0
,Tunisia,34,9,2003/11/20,7,0,0
,Bosnia and Herzegovina,43.9159,17.6791,2003/11/20,7,0,0
,Slovenia,46.1512,14.9955,2003/11/20,57,0,0
,South Africa,-30.5595,22.9375,2003/11/20,13,0,0
,Bhutan,27.5142,90.4336,2003/11/20,1,0,0
,Cameroon,3.848,11.5021,2003/11/20,2,0,0
,Colombia,4.5709,-74.2973,2003/11/20,9,0,0
,Costa Rica,9.7489,-83.7534,2003/11/20,13,0,0
,Peru,-9.19,-75.0152,2003/11/20,11,0,0
,Serbia,44.0165,21.0059,2003/11/20,12,0,0
,Slovakia,48.669,19.699,2003/11/20,10,0,0
,Togo,8.6195,0.8248,2003/11/20,1,0,0
,Malta,35.9375,14.3754,2003/11/20,6,0,0
,Martinique,14.6415,-61.0242,2003/11/20,3,0,0
,Bulgaria,42.7339,25.4858,2003/11/20,7,1,0
,Maldives,3.2028,73.2207,2003/11/20,8,0,0
,Bangladesh,23.685,90.3563,2003/11/20,3,0,0
,Paraguay,-23.4425,-58.4438,2003/11/20,5,0,0
,Canada,51.2538,-85.3232,2003/11/20,41,0,4
,Canada,53.9333,-116.5765,2003/11/20,19,0,0
,Canada,52.9399,-73.5491,2003/11/20,8,0,0
,Albania,41.1533,20.1683,2003/11/20,12,1,0
,Cyprus,35.1264,33.4299,2003/11/20,6,0,0
,Brunei,4.5353,114.7277,2003/11/20,11,0,0
,US,47.4009,-121.4905,2003/11/20,366,29,1
,US,42.1657,-74.9481,2003/11/20,220,0,0
,US,36.1162,-119.6816,2003/11/20,177,3,2
,US,42.2302,-71.5301,2003/11/20,95,0,1
,US,35.4437,139.638,2003/11/20,46,0,0
,US,37.6489,-122.6655,2003/11/20,21,0,0
,US,33.0406,-83.6431,2003/11/20,23,0,0
,US,39.0598,-105.3111,2003/11/20,34,0,0
,US,27.7663,-81.6868,2003/11/20,28,2,0
,US,40.2989,-74.521,2003/11/20,23,1,0
,US,44.572,-122.0709,2003/11/20,19,0,0
,US,31.0545,-97.5635,2003/11/20,21,0,0
,US,40.3495,-88.9861,2003/11/20,25,0,2
,US,40.5908,-77.2098,2003/11/20,16,0,0
,US,42.0115,-93.2105,2003/11/20,13,0,0
,US,39.0639,-76.8021,2003/11/20,9,0,0
,US,35.6301,-79.8064,2003/11/20,7,0,0
,US,33.8569,-80.945,2003/11/20,10,0,0
,US,35.7478,-86.6923,2003/11/20,9,0,0
,US,37.7693,-78.17,2003/11/20,9,0,0
,US,33.7298,-111.4312,2003/11/20,9,0,1
,US,39.8494,-86.2583,2003/11/20,11,0,0
,US,37.6681,-84.6701,2003/11/20,8,0,0
,US,38.8974,-77.0268,2003/11/20,10,0,0
,US,38.3135,-117.0554,2003/11/20,7,0,0
,US,43.4525,-71.5639,2003/11/20,5,0,0
,US,45.6945,-93.9002,2003/11/20,5,0,0
,US,41.1254,-98.2681,2003/11/20,5,0,0
,US,40.3888,-82.7649,2003/11/20,4,0,0
,US,41.6809,-71.5118,2003/11/20,5,0,0
,US,44.2685,-89.6165,2003/11/20,6,0,1
,US,41.5978,-72.7554,2003/11/20,3,0,0
,US,21.0943,-157.4983,2003/11/20,2,0,0
,US,35.5653,-96.9289,2003/11/20,2,0,0
,US,40.15,-111.8624,2003/11/20,3,0,0
,Burkina Faso,12.2383,-1.5616,2003/11/20,2,0,0
,Holy See,41.9029,12.4534,2003/11/20,1,0,0
,Mongolia,46.8625,103.8467,2003/11/20,1,0,0
,Panama,8.538,-80.7821,2003/11/20,8,1,0
,US,38.5266,-96.7265,2003/11/20,1,0,0
,US,31.1695,-91.8678,2003/11/20,6,0,0
,US,38.4561,-92.2884,2003/11/20,1,0,0
,US,44.0459,-72.7107,2003/11/20,1,0,0
,US,61.3707,-152.4044,2003/11/20,0,0,0
,US,34.9697,-92.3731,2003/11/20,1,0,0
,US,39.3185,-75.5071,2003/11/20,1,0,0
,US,44.2405,-114.4788,2003/11/20,0,0,0
,US,44.6939,-69.3819,2003/11/20,0,0,0
,US,43.3266,-84.5361,2003/11/20,2,0,0
,US,32.7416,-89.6787,2003/11/20,0,0,0
,US,46.9219,-110.4544,2003/11/20,1,0,0
,US,34.8405,-106.2485,2003/11/20,3,0,0
,US,47.5289,-99.784,2003/11/20,0,0,0
,US,44.2998,-99.4388,2003/11/20,8,1,0
,US,38.4912,-80.9545,2003/11/20,0,0,0
,US,42.756,-107.3025,2003/11/20,0,0,0
,Iran,32,53,2003/11/20,9000,354,2959
,South Korea,36,128,2003/11/20,7755,60,288
,France,46.2276,2.2137,2003/11/20,2281,48,12
,Cruise Ship,35.4437,139.638,2003/11/20,696,7,325
,Denmark,56.2639,9.5018,2003/11/20,442,0,1
,Czechia,49.8175,15.473,2003/11/20,91,0,0
,Taiwan*,23.7,121,2003/11/20,48,1,17
,Vietnam,16,108,2003/11/20,38,0,16
,Russia,60,90,2003/11/20,20,0,3
,Moldova,47.4116,28.3699,2003/11/20,3,0,0
,Bolivia,-16.2902,-63.5887,2003/11/20,2,0,0
,Denmark,61.8926,-6.9118,2003/11/20,2,0,0
,France,18.0708,-63.0501,2003/11/20,2,0,0
,Honduras,15.2,-86.2419,2003/11/20,2,0,0
,United Kingdom,49.3723,-2.3644,2003/11/20,2,0,0
,Canada,46.5653,-66.4619,2003/11/20,1,0,0
,Congo (Kinshasa),-4.0383,21.7587,2003/11/20,1,0,0
,Cote d'Ivoire,7.54,-5.5471,2003/11/20,1,0,0
,France,17.9,-62.8333,2003/11/20,1,0,0
,Jamaica,18.1096,-77.2975,2003/11/20,1,0,0
,Turkey,38.9637,35.2433,2003/11/20,1,0,0
,United Kingdom,36.1408,-5.3536,2003/11/20,1,0,1
,Cuba,22,-80,2003/11/20,0,0,0
,Guyana,5,-58.75,2003/11/20,0,0,0
,Australia,-35.4735,149.0124,2003/11/20,0,0,0
,United Kingdom,55.3781,-3.436,2003/11/20,456,8,18
,Kazakhstan,48.0196,66.9237,2003/11/20,0,0,0
,France,-17.6797,149.4068,2003/11/20,0,0,0
,Canada,53.7609,-98.8139,2003/11/20,0,0,0
,Canada,52.9399,-106.4509,2003/11/20,0,0,0
,Ethiopia,9.145,40.4897,2003/11/20,0,0,0
,Sudan,12.8628,30.2176,2003/11/20,0,0,0
,Guinea,9.9456,-9.6966,2003/11/20,0,0,0
,Canada,37.6489,-122.6655,2003/11/20,0,0,0
,Kenya,-0.0236,37.9062,2003/11/20,0,0,0
,Antigua and Barbuda,17.0608,-61.7964,2003/11/20,0,0,0
,US,32.3182,-86.9023,2003/11/20,0,0,0
,Uruguay,-32.5228,-55.7658,2003/11/20,0,0,0
,Ghana,7.9465,-1.0232,2003/11/20,0,0,0
,US,18.2208,-66.5901,2003/11/20,0,0,0
,Namibia,-22.9576,18.4904,2003/11/20,0,0,0
,Seychelles,-4.6796,55.492,2003/11/20,0,0,0
,Trinidad and Tobago,10.6918,-61.2225,2003/11/20,0,0,0
,Venezuela,6.4238,-66.5897,2003/11/20,0,0,0
,Eswatini,-26.5225,31.4659,2003/11/20,0,0,0
,Gabon,-0.8037,11.6094,2003/11/20,0,0,0
,Guatemala,15.7835,-90.2308,2003/11/20,0,0,0
,Mauritania,21.0079,10.9408,2003/11/20,0,0,0
,Rwanda,-1.9403,29.8739,2003/11/20,0,0,0
,Saint Lucia,13.9094,-60.9789,2003/11/20,0,0,0
,Saint Vincent and the Grenadines,12.9843,-61.2872,2003/11/20,0,0,0
,Suriname,3.9193,-56.0278,2003/11/20,0,0,0
,France,3.9339,-53.1258,2003/11/20,5,0,0
,US,13.4443,144.7937,2003/11/20,0,0,0
,Kosovo,42.6026,20.903,2003/11/20,0,0,0
,Canada,53.1355,-57.6604,2003/11/20,0,0,0
,Canada,46.5107,-63.4168,2003/11/20,0,0,0
,Central African Republic,6.6111,20.9394,2003/11/20,0,0,0
,Congo (Brazzaville),-4.0383,21.7587,2003/11/20,0,0,0
,Equatorial Guinea,1.5,10,2003/11/20,0,0,0
,France,-12.8275,45.1662,2003/11/20,0,0,0
,Uzbekistan,41.3775,64.5853,2003/11/20,0,0,0
,Netherlands,52.1326,5.2913,2003/11/20,503,5,0
,Canada,44.682,-63.7443,2003/11/20,0,0,0
,France,16.25,-61.5833,2003/11/20,0,0,0
,Benin,9.3077,2.3158,2003/11/20,0,0,0
,Liberia,6.4281,-9.4295,2003/11/20,0,0,0
,Netherlands,12.1696,-68.99,2003/11/20,0,0,0
,Somalia,5.1521,46.1996,2003/11/20,0,0,0
,Tanzania,-6.369,34.8888,2003/11/20,0,0,0
,US,18.3358,-64.8963,2003/11/20,0,0,0
,United Kingdom,19.3133,-81.2546,2003/11/20,0,0,0
,France,-21.1351,55.2471,2003/11/20,1,0,0
,Barbados,13.1939,-59.5432,2003/11/20,0,0,0
,Montenegro,42.5,19.3,2003/11/20,0,0,0
,Kyrgyzstan,41.2044,74.7661,2003/11/20,0,0,0
,Mauritius,-20.2,57.5,2003/11/20,0,0,0
,Netherlands,12.5186,-70.0358,2003/11/20,0,0,0
,Zambia,-15.4167,28.2833,2003/11/20,0,0,0
,Djibouti,11.8251,42.5903,2003/11/20,0,0,0
,"Gambia, The",13.4432,-15.3101,2003/11/20,0,0,0
,United Kingdom,16.7425,-62.1874,2003/11/20,0,0,0
,"Bahamas, The",25.0343,-77.3963,2003/11/20,0,0,0
,Denmark,71.7069,-42.6043,2003/11/20,0,0,0
,France,-20.9043,165.618,2003/11/20,0,0,0
,United Kingdom,32.3078,-64.7505,2003/11/20,0,0,0
,Chad,15.4542,18.7322,2003/11/20,0,0,0
,El Salvador,13.7942,-88.8965,2003/11/20,0,0,0
,Fiji,-17.7134,178.065,2003/11/20,0,0,0
,Nicaragua,12.8654,-85.2072,2003/11/20,0,0,0
,Madagascar,-18.7669,46.8691,2003/11/20,0,0,0
,Haiti,18.9712,-72.2852,2003/11/20,0,0,0
,Angola,-11.2027,17.8739,2003/11/20,0,0,0
,Cabo Verde,16.5388,-23.0418,2003/11/20,0,0,0
,Netherlands,18.0425,-63.0548,2003/11/20,0,0,0
,Niger,17.6078,8.0817,2003/11/20,0,0,0
,Papua New Guinea,-6.315,143.9555,2003/11/20,0,0,0
,United Kingdom,54.2361,-4.5481,2003/11/20,0,0,0
,Zimbabwe,-20,30,2003/11/20,0,0,0
,Canada,64.8255,-124.8457,2003/11/20,0,0,0
,Cape Verde,15.1111,-23.6167,2003/11/20,0,0,0
,East Timor,-8.55,125.56,2003/11/20,0,0,0
,Eritrea,15.1794,39.7823,2003/11/20,0,0,0
,Uganda,1,32,2003/11/20,0,0,0
,Dominica,15.415,-61.371,2003/11/20,0,0,0
,Grenada,12.1165,-61.679,2003/11/20,0,0,0
,Mozambique,-18.6657,35.5296,2003/11/20,0,0,0
,Syria,34.8021,38.9968,2003/11/20,0,0,0
,Timor-Leste,-8.8742,125.7275,2003/11/20,0,0,0
,Thailand,15,101,2003/12/20,70,1,34
,Japan,36,138,2003/12/20,639,16,118
,Singapore,1.2833,103.8333,2003/12/20,178,0,96
,Nepal,28.1667,84.25,2003/12/20,1,0,1
,Malaysia,2.5,112.5,2003/12/20,149,0,26
,Canada,49.2827,-123.1207,2003/12/20,46,1,4
,Australia,-33.8688,151.2093,2003/12/20,65,2,4
,Australia,-37.8136,144.9631,2003/12/20,21,0,7
,Australia,-28.0167,153.4,2003/12/20,20,0,8
,Cambodia,11.55,104.9167,2003/12/20,3,0,1
,Sri Lanka,7,81,2003/12/20,2,0,1
,Germany,51,9,2003/12/20,2078,3,25
,Finland,64,26,2003/12/20,59,0,1
,United Arab Emirates,24,54,2003/12/20,85,0,17
,Philippines,13,122,2003/12/20,52,2,2
,India,21,78,2003/12/20,73,1,4
,Italy,43,12,2003/12/20,12462,827,1045
,Sweden,63,16,2003/12/20,599,1,1
,Spain,40,-4,2003/12/20,2277,55,183
,Australia,-34.9285,138.6007,2003/12/20,9,0,2
,Belgium,50.8333,4,2003/12/20,314,3,1
,Egypt,26,30,2003/12/20,67,1,27
,Australia,35.4437,139.638,2003/12/20,0,0,0
,Lebanon,33.8547,35.8623,2003/12/20,61,3,1
,Iraq,33,44,2003/12/20,71,8,15
,Oman,21,57,2003/12/20,18,0,9
,Afghanistan,33,65,2003/12/20,7,0,0
,Bahrain,26.0275,50.55,2003/12/20,195,0,35
,Kuwait,29.5,47.75,2003/12/20,80,0,5
,Algeria,28.0339,1.6596,2003/12/20,24,1,8
,Croatia,45.1,15.2,2003/12/20,19,0,0
,Switzerland,46.8182,8.2275,2003/12/20,652,4,4
,Austria,47.5162,14.5501,2003/12/20,302,1,4
,Israel,31,35,2003/12/20,131,0,4
,Pakistan,30.3753,69.3451,2003/12/20,20,0,2
,Brazil,-14.235,-51.9253,2003/12/20,52,0,0
,Georgia,42.3154,43.3569,2003/12/20,24,0,0
,Greece,39.0742,21.8243,2003/12/20,99,1,0
,North Macedonia,41.6086,21.7453,2003/12/20,7,0,0
,Norway,60.472,8.4689,2003/12/20,702,0,1
,Romania,45.9432,24.9668,2003/12/20,49,0,6
,Estonia,58.5953,25.0136,2003/12/20,16,0,0
,San Marino,43.9424,12.4578,2003/12/20,69,3,0
,Belarus,53.7098,27.9534,2003/12/20,12,0,3
,Iceland,64.9631,-19.0208,2003/12/20,103,0,1
,Lithuania,55.1694,23.8813,2003/12/20,3,0,0
,Mexico,23.6345,-102.5528,2003/12/20,12,0,4
,New Zealand,-40.9006,174.886,2003/12/20,5,0,0
,Nigeria,9.082,8.6753,2003/12/20,2,0,0
,Australia,-31.9505,115.8605,2003/12/20,9,1,0
,Ireland,53.1424,-7.6921,2003/12/20,43,1,0
,Luxembourg,49.8153,6.1296,2003/12/20,19,0,0
,Monaco,43.7333,7.4167,2003/12/20,2,0,0
,Qatar,25.3548,51.1839,2003/12/20,262,0,0
,Ecuador,-1.8312,-78.1834,2003/12/20,17,0,0
,Azerbaijan,40.1431,47.5769,2003/12/20,11,0,3
,Armenia,40.0691,45.0382,2003/12/20,4,0,0
,Dominican Republic,18.7357,-70.1627,2003/12/20,5,0,0
,Indonesia,-0.7893,113.9213,2003/12/20,34,1,2
,Portugal,39.3999,-8.2245,2003/12/20,59,0,0
,Andorra,42.5063,1.5218,2003/12/20,1,0,1
,Australia,-41.4545,145.9707,2003/12/20,3,0,0
,Latvia,56.8796,24.6032,2003/12/20,10,0,1
,Morocco,31.7917,-7.0926,2003/12/20,6,1,0
,Saudi Arabia,24,45,2003/12/20,45,0,1
,Senegal,14.4974,-14.4524,2003/12/20,4,0,1
,Argentina,-38.4161,-63.6167,2003/12/20,19,1,0
,Chile,-35.6751,-71.543,2003/12/20,23,0,0
,Jordan,31.24,36.51,2003/12/20,1,0,0
,Ukraine,48.3794,31.1656,2003/12/20,1,0,0
,Hungary,47.1625,19.5033,2003/12/20,13,0,0
,Australia,-12.4634,130.8456,2003/12/20,1,0,0
,Liechtenstein,47.14,9.55,2003/12/20,1,0,0
,Poland,51.9194,19.1451,2003/12/20,49,1,0
,Tunisia,34,9,2003/12/20,7,0,0
,Bosnia and Herzegovina,43.9159,17.6791,2003/12/20,11,0,0
,Slovenia,46.1512,14.9955,2003/12/20,89,0,0
,South Africa,-30.5595,22.9375,2003/12/20,17,0,0
,Bhutan,27.5142,90.4336,2003/12/20,1,0,0
,Cameroon,3.848,11.5021,2003/12/20,2,0,0
,Colombia,4.5709,-74.2973,2003/12/20,9,0,0
,Costa Rica,9.7489,-83.7534,2003/12/20,22,0,0
,Peru,-9.19,-75.0152,2003/12/20,15,0,0
,Serbia,44.0165,21.0059,2003/12/20,19,0,0
,Slovakia,48.669,19.699,2003/12/20,16,0,0
,Togo,8.6195,0.8248,2003/12/20,1,0,0
,Malta,35.9375,14.3754,2003/12/20,6,0,0
,Martinique,14.6415,-61.0242,2003/12/20,3,0,0
,Bulgaria,42.7339,25.4858,2003/12/20,7,1,0
,Maldives,3.2028,73.2207,2003/12/20,8,0,0
,Bangladesh,23.685,90.3563,2003/12/20,3,0,0
,Paraguay,-23.4425,-58.4438,2003/12/20,5,0,0
,Canada,51.2538,-85.3232,2003/12/20,42,0,4
,Canada,53.9333,-116.5765,2003/12/20,19,0,0
,Canada,52.9399,-73.5491,2003/12/20,9,0,0
,Albania,41.1533,20.1683,2003/12/20,23,1,0
,Cyprus,35.1264,33.4299,2003/12/20,6,0,0
,Brunei,4.5353,114.7277,2003/12/20,11,0,0
,US,47.4009,-121.4905,2003/12/20,442,31,1
,US,42.1657,-74.9481,2003/12/20,328,0,0
,US,36.1162,-119.6816,2003/12/20,221,4,6
,US,42.2302,-71.5301,2003/12/20,108,0,1
,US,35.4437,139.638,2003/12/20,46,0,0
,US,37.6489,-122.6655,2003/12/20,21,0,0
,US,33.0406,-83.6431,2003/12/20,31,1,0
,US,39.0598,-105.3111,2003/12/20,45,0,0
,US,27.7663,-81.6868,2003/12/20,35,2,0
,US,40.2989,-74.521,2003/12/20,29,1,0
,US,44.572,-122.0709,2003/12/20,24,0,0
,US,31.0545,-97.5635,2003/12/20,27,0,0
,US,40.3495,-88.9861,2003/12/20,32,0,2
,US,40.5908,-77.2098,2003/12/20,22,0,0
,US,42.0115,-93.2105,2003/12/20,16,0,0
,US,39.0639,-76.8021,2003/12/20,12,0,0
,US,35.6301,-79.8064,2003/12/20,15,0,0
,US,33.8569,-80.945,2003/12/20,12,0,0
,US,35.7478,-86.6923,2003/12/20,18,0,0
,US,37.7693,-78.17,2003/12/20,17,0,0
,US,33.7298,-111.4312,2003/12/20,9,0,1
,US,39.8494,-86.2583,2003/12/20,13,0,0
,US,37.6681,-84.6701,2003/12/20,10,0,0
,US,38.8974,-77.0268,2003/12/20,10,0,0
,US,38.3135,-117.0554,2003/12/20,14,0,0
,US,43.4525,-71.5639,2003/12/20,6,0,0
,US,45.6945,-93.9002,2003/12/20,9,0,0
,US,41.1254,-98.2681,2003/12/20,10,0,0
,US,40.3888,-82.7649,2003/12/20,5,0,0
,US,41.6809,-71.5118,2003/12/20,5,0,0
,US,44.2685,-89.6165,2003/12/20,8,0,1
,US,41.5978,-72.7554,2003/12/20,5,0,0
,US,21.0943,-157.4983,2003/12/20,2,0,0
,US,35.5653,-96.9289,2003/12/20,2,0,0
,US,40.15,-111.8624,2003/12/20,5,0,0
,Burkina Faso,12.2383,-1.5616,2003/12/20,2,0,0
,Holy See,41.9029,12.4534,2003/12/20,1,0,0
,Mongolia,46.8625,103.8467,2003/12/20,1,0,0
,Panama,8.538,-80.7821,2003/12/20,11,1,0
,US,38.5266,-96.7265,2003/12/20,1,0,0
,US,31.1695,-91.8678,2003/12/20,19,0,0
,US,38.4561,-92.2884,2003/12/20,1,0,0
,US,44.0459,-72.7107,2003/12/20,2,0,0
,US,61.3707,-152.4044,2003/12/20,0,0,0
,US,34.9697,-92.3731,2003/12/20,6,0,0
,US,39.3185,-75.5071,2003/12/20,1,0,0
,US,44.2405,-114.4788,2003/12/20,0,0,0
,US,44.6939,-69.3819,2003/12/20,0,0,0
,US,43.3266,-84.5361,2003/12/20,2,0,0
,US,32.7416,-89.6787,2003/12/20,1,0,0
,US,46.9219,-110.4544,2003/12/20,1,0,0
,US,34.8405,-106.2485,2003/12/20,5,0,0
,US,47.5289,-99.784,2003/12/20,1,0,0
,US,44.2998,-99.4388,2003/12/20,8,1,0
,US,38.4912,-80.9545,2003/12/20,0,0,0
,US,42.756,-107.3025,2003/12/20,1,0,0
,Iran,32,53,2003/12/20,10075,429,2959
,South Korea,36,128,2003/12/20,7869,66,333
,France,46.2276,2.2137,2003/12/20,2281,48,12
,Cruise Ship,35.4437,139.638,2003/12/20,696,7,325
,Denmark,56.2639,9.5018,2003/12/20,615,0,1
,Czechia,49.8175,15.473,2003/12/20,94,0,0
,Taiwan*,23.7,121,2003/12/20,49,1,20
,Vietnam,16,108,2003/12/20,39,0,16
,Russia,60,90,2003/12/20,28,0,3
,Moldova,47.4116,28.3699,2003/12/20,3,0,0
,Bolivia,-16.2902,-63.5887,2003/12/20,2,0,0
,Denmark,61.8926,-6.9118,2003/12/20,2,0,0
,France,18.0708,-63.0501,2003/12/20,2,0,0
,Honduras,15.2,-86.2419,2003/12/20,2,0,0
,United Kingdom,49.3723,-2.3644,2003/12/20,2,0,0
,Canada,46.5653,-66.4619,2003/12/20,1,0,0
,Congo (Kinshasa),-4.0383,21.7587,2003/12/20,1,0,0
,Cote d'Ivoire,7.54,-5.5471,2003/12/20,1,0,0
,France,17.9,-62.8333,2003/12/20,1,0,0
,Jamaica,18.1096,-77.2975,2003/12/20,2,0,0
,Turkey,38.9637,35.2433,2003/12/20,1,0,0
,United Kingdom,36.1408,-5.3536,2003/12/20,1,0,1
,Cuba,22,-80,2003/12/20,3,0,0
,Guyana,5,-58.75,2003/12/20,1,1,0
,Australia,-35.4735,149.0124,2003/12/20,0,0,0
,United Kingdom,55.3781,-3.436,2003/12/20,456,8,18
,Kazakhstan,48.0196,66.9237,2003/12/20,0,0,0
,France,-17.6797,149.4068,2003/12/20,0,0,0
,Canada,53.7609,-98.8139,2003/12/20,0,0,0
,Canada,52.9399,-106.4509,2003/12/20,0,0,0
,Ethiopia,9.145,40.4897,2003/12/20,0,0,0
,Sudan,12.8628,30.2176,2003/12/20,0,0,0
,Guinea,9.9456,-9.6966,2003/12/20,0,0,0
,Canada,37.6489,-122.6655,2003/12/20,0,0,0
,Kenya,-0.0236,37.9062,2003/12/20,0,0,0
,Antigua and Barbuda,17.0608,-61.7964,2003/12/20,0,0,0
,US,32.3182,-86.9023,2003/12/20,0,0,0
,Uruguay,-32.5228,-55.7658,2003/12/20,0,0,0
,Ghana,7.9465,-1.0232,2003/12/20,0,0,0
,US,18.2208,-66.5901,2003/12/20,0,0,0
,Namibia,-22.9576,18.4904,2003/12/20,0,0,0
,Seychelles,-4.6796,55.492,2003/12/20,0,0,0
,Trinidad and Tobago,10.6918,-61.2225,2003/12/20,0,0,0
,Venezuela,6.4238,-66.5897,2003/12/20,0,0,0
,Eswatini,-26.5225,31.4659,2003/12/20,0,0,0
,Gabon,-0.8037,11.6094,2003/12/20,0,0,0
,Guatemala,15.7835,-90.2308,2003/12/20,0,0,0
,Mauritania,21.0079,10.9408,2003/12/20,0,0,0
,Rwanda,-1.9403,29.8739,2003/12/20,0,0,0
,Saint Lucia,13.9094,-60.9789,2003/12/20,0,0,0
,Saint Vincent and the Grenadines,12.9843,-61.2872,2003/12/20,0,0,0
,Suriname,3.9193,-56.0278,2003/12/20,0,0,0
,France,3.9339,-53.1258,2003/12/20,5,0,0
,US,13.4443,144.7937,2003/12/20,0,0,0
,Kosovo,42.6026,20.903,2003/12/20,0,0,0
,Canada,53.1355,-57.6604,2003/12/20,0,0,0
,Canada,46.5107,-63.4168,2003/12/20,0,0,0
,Central African Republic,6.6111,20.9394,2003/12/20,0,0,0
,Congo (Brazzaville),-4.0383,21.7587,2003/12/20,0,0,0
,Equatorial Guinea,1.5,10,2003/12/20,0,0,0
,France,-12.8275,45.1662,2003/12/20,0,0,0
,Uzbekistan,41.3775,64.5853,2003/12/20,0,0,0
,Netherlands,52.1326,5.2913,2003/12/20,503,5,0
,Canada,44.682,-63.7443,2003/12/20,0,0,0
,France,16.25,-61.5833,2003/12/20,0,0,0
,Benin,9.3077,2.3158,2003/12/20,0,0,0
,Liberia,6.4281,-9.4295,2003/12/20,0,0,0
,Netherlands,12.1696,-68.99,2003/12/20,0,0,0
,Somalia,5.1521,46.1996,2003/12/20,0,0,0
,Tanzania,-6.369,34.8888,2003/12/20,0,0,0
,US,18.3358,-64.8963,2003/12/20,0,0,0
,United Kingdom,19.3133,-81.2546,2003/12/20,0,0,0
,France,-21.1351,55.2471,2003/12/20,1,0,0
,Barbados,13.1939,-59.5432,2003/12/20,0,0,0
,Montenegro,42.5,19.3,2003/12/20,0,0,0
,Kyrgyzstan,41.2044,74.7661,2003/12/20,0,0,0
,Mauritius,-20.2,57.5,2003/12/20,0,0,0
,Netherlands,12.5186,-70.0358,2003/12/20,0,0,0
,Zambia,-15.4167,28.2833,2003/12/20,0,0,0
,Djibouti,11.8251,42.5903,2003/12/20,0,0,0
,"Gambia, The",13.4432,-15.3101,2003/12/20,0,0,0
,United Kingdom,16.7425,-62.1874,2003/12/20,0,0,0
,"Bahamas, The",25.0343,-77.3963,2003/12/20,0,0,0
,Denmark,71.7069,-42.6043,2003/12/20,0,0,0
,France,-20.9043,165.618,2003/12/20,0,0,0
,United Kingdom,32.3078,-64.7505,2003/12/20,0,0,0
,Chad,15.4542,18.7322,2003/12/20,0,0,0
,El Salvador,13.7942,-88.8965,2003/12/20,0,0,0
,Fiji,-17.7134,178.065,2003/12/20,0,0,0
,Nicaragua,12.8654,-85.2072,2003/12/20,0,0,0
,Madagascar,-18.7669,46.8691,2003/12/20,0,0,0
,Haiti,18.9712,-72.2852,2003/12/20,0,0,0
,Angola,-11.2027,17.8739,2003/12/20,0,0,0
,Cabo Verde,16.5388,-23.0418,2003/12/20,0,0,0
,Netherlands,18.0425,-63.0548,2003/12/20,0,0,0
,Niger,17.6078,8.0817,2003/12/20,0,0,0
,Papua New Guinea,-6.315,143.9555,2003/12/20,0,0,0
,United Kingdom,54.2361,-4.5481,2003/12/20,0,0,0
,Zimbabwe,-20,30,2003/12/20,0,0,0
,Canada,64.8255,-124.8457,2003/12/20,0,0,0
,Cape Verde,15.1111,-23.6167,2003/12/20,0,0,0
,East Timor,-8.55,125.56,2003/12/20,0,0,0
,Eritrea,15.1794,39.7823,2003/12/20,0,0,0
,Uganda,1,32,2003/12/20,0,0,0
,Dominica,15.415,-61.371,2003/12/20,0,0,0
,Grenada,12.1165,-61.679,2003/12/20,0,0,0
,Mozambique,-18.6657,35.5296,2003/12/20,0,0,0
,Syria,34.8021,38.9968,2003/12/20,0,0,0
,Timor-Leste,-8.8742,125.7275,2003/12/20,0,0,0
,Thailand,15,101,3/13/20,75,1,35
,Japan,36,138,3/13/20,701,19,118
,Singapore,1.2833,103.8333,3/13/20,200,0,97
,Nepal,28.1667,84.25,3/13/20,1,0,1
,Malaysia,2.5,112.5,3/13/20,197,0,26
,Canada,49.2827,-123.1207,3/13/20,64,1,4
,Australia,-33.8688,151.2093,3/13/20,92,2,4
,Australia,-37.8136,144.9631,3/13/20,36,0,8
,Australia,-28.0167,153.4,3/13/20,35,0,8
,Cambodia,11.55,104.9167,3/13/20,5,0,1
,Sri Lanka,7,81,3/13/20,6,0,1
,Germany,51,9,3/13/20,3675,7,46
,Finland,64,26,3/13/20,155,0,1
,United Arab Emirates,24,54,3/13/20,85,0,17
,Philippines,13,122,3/13/20,64,5,2
,India,21,78,3/13/20,82,2,4
,Italy,43,12,3/13/20,17660,1266,1439
,Sweden,63,16,3/13/20,814,1,1
,Spain,40,-4,3/13/20,5232,133,193
,Australia,-34.9285,138.6007,3/13/20,16,0,3
,Belgium,50.8333,4,3/13/20,559,3,1
,Egypt,26,30,3/13/20,80,2,27
,Australia,35.4437,139.638,3/13/20,0,0,0
,Lebanon,33.8547,35.8623,3/13/20,77,3,1
,Iraq,33,44,3/13/20,101,9,24
,Oman,21,57,3/13/20,19,0,9
,Afghanistan,33,65,3/13/20,7,0,0
,Bahrain,26.0275,50.55,3/13/20,189,0,44
,Kuwait,29.5,47.75,3/13/20,80,0,5
,Algeria,28.0339,1.6596,3/13/20,26,2,8
,Croatia,45.1,15.2,3/13/20,32,0,1
,Switzerland,46.8182,8.2275,3/13/20,1139,11,4
,Austria,47.5162,14.5501,3/13/20,504,1,6
,Israel,31,35,3/13/20,161,0,4
,Pakistan,30.3753,69.3451,3/13/20,28,0,2
,Brazil,-14.235,-51.9253,3/13/20,151,0,0
,Georgia,42.3154,43.3569,3/13/20,25,0,0
,Greece,39.0742,21.8243,3/13/20,190,1,0
,North Macedonia,41.6086,21.7453,3/13/20,14,0,1
,Norway,60.472,8.4689,3/13/20,996,0,1
,Romania,45.9432,24.9668,3/13/20,89,0,7
,Estonia,58.5953,25.0136,3/13/20,79,0,0
,San Marino,43.9424,12.4578,3/13/20,80,5,0
,Belarus,53.7098,27.9534,3/13/20,27,0,3
,Iceland,64.9631,-19.0208,3/13/20,134,0,1
,Lithuania,55.1694,23.8813,3/13/20,6,0,0
,Mexico,23.6345,-102.5528,3/13/20,12,0,4
,New Zealand,-40.9006,174.886,3/13/20,5,0,0
,Nigeria,9.082,8.6753,3/13/20,2,0,0
,Australia,-31.9505,115.8605,3/13/20,14,1,0
,Ireland,53.1424,-7.6921,3/13/20,90,1,0
,Luxembourg,49.8153,6.1296,3/13/20,34,0,0
,Monaco,43.7333,7.4167,3/13/20,2,0,0
,Qatar,25.3548,51.1839,3/13/20,320,0,0
,Ecuador,-1.8312,-78.1834,3/13/20,17,0,0
,Azerbaijan,40.1431,47.5769,3/13/20,15,1,3
,Armenia,40.0691,45.0382,3/13/20,8,0,0
,Dominican Republic,18.7357,-70.1627,3/13/20,5,0,0
,Indonesia,-0.7893,113.9213,3/13/20,69,4,2
,Portugal,39.3999,-8.2245,3/13/20,112,0,1
,Andorra,42.5063,1.5218,3/13/20,1,0,0
,Australia,-41.4545,145.9707,3/13/20,5,0,0
,Latvia,56.8796,24.6032,3/13/20,17,0,1
,Morocco,31.7917,-7.0926,3/13/20,7,1,1
,Saudi Arabia,24,45,3/13/20,86,0,1
,Senegal,14.4974,-14.4524,3/13/20,10,0,1
,Argentina,-38.4161,-63.6167,3/13/20,31,2,0
,Chile,-35.6751,-71.543,3/13/20,43,0,0
,Jordan,31.24,36.51,3/13/20,1,0,1
,Ukraine,48.3794,31.1656,3/13/20,3,1,0
,Hungary,47.1625,19.5033,3/13/20,19,0,0
,Australia,-12.4634,130.8456,3/13/20,1,0,0
,Liechtenstein,47.14,9.55,3/13/20,1,0,0
,Poland,51.9194,19.1451,3/13/20,68,2,0
,Tunisia,34,9,3/13/20,16,0,0
,Bosnia and Herzegovina,43.9159,17.6791,3/13/20,13,0,0
,Slovenia,46.1512,14.9955,3/13/20,141,0,0
,South Africa,-30.5595,22.9375,3/13/20,24,0,0
,Bhutan,27.5142,90.4336,3/13/20,1,0,0
,Cameroon,3.848,11.5021,3/13/20,2,0,0
,Colombia,4.5709,-74.2973,3/13/20,13,0,0
,Costa Rica,9.7489,-83.7534,3/13/20,23,0,0
,Peru,-9.19,-75.0152,3/13/20,28,0,0
,Serbia,44.0165,21.0059,3/13/20,35,0,0
,Slovakia,48.669,19.699,3/13/20,32,0,0
,Togo,8.6195,0.8248,3/13/20,1,0,0
,Malta,35.9375,14.3754,3/13/20,12,0,1
,Martinique,14.6415,-61.0242,3/13/20,3,0,0
,Bulgaria,42.7339,25.4858,3/13/20,23,1,0
,Maldives,3.2028,73.2207,3/13/20,9,0,0
,Bangladesh,23.685,90.3563,3/13/20,3,0,0
,Paraguay,-23.4425,-58.4438,3/13/20,6,0,0
,Canada,51.2538,-85.3232,3/13/20,74,0,4
,Canada,53.9333,-116.5765,3/13/20,29,0,0
,Canada,52.9399,-73.5491,3/13/20,17,0,0
,Albania,41.1533,20.1683,3/13/20,33,1,0
,Cyprus,35.1264,33.4299,3/13/20,14,0,0
,Brunei,4.5353,114.7277,3/13/20,37,0,0
,US,47.4009,-121.4905,3/13/20,568,37,1
,US,42.1657,-74.9481,3/13/20,421,0,0
,US,36.1162,-119.6816,3/13/20,282,4,6
,US,42.2302,-71.5301,3/13/20,123,0,1
,US,35.4437,139.638,3/13/20,46,0,0
,US,37.6489,-122.6655,3/13/20,21,0,0
,US,33.0406,-83.6431,3/13/20,42,1,0
,US,39.0598,-105.3111,3/13/20,49,0,0
,US,27.7663,-81.6868,3/13/20,50,2,0
,US,40.2989,-74.521,3/13/20,29,1,0
,US,44.572,-122.0709,3/13/20,30,0,0
,US,31.0545,-97.5635,3/13/20,43,0,0
,US,40.3495,-88.9861,3/13/20,46,0,2
,US,40.5908,-77.2098,3/13/20,41,0,0
,US,42.0115,-93.2105,3/13/20,17,0,0
,US,39.0639,-76.8021,3/13/20,18,0,0
,US,35.6301,-79.8064,3/13/20,17,0,0
,US,33.8569,-80.945,3/13/20,13,0,0
,US,35.7478,-86.6923,3/13/20,26,0,0
,US,37.7693,-78.17,3/13/20,30,0,0
,US,33.7298,-111.4312,3/13/20,9,0,1
,US,39.8494,-86.2583,3/13/20,13,0,0
,US,37.6681,-84.6701,3/13/20,14,0,0
,US,38.8974,-77.0268,3/13/20,10,0,0
,US,38.3135,-117.0554,3/13/20,17,0,0
,US,43.4525,-71.5639,3/13/20,6,0,0
,US,45.6945,-93.9002,3/13/20,14,0,0
,US,41.1254,-98.2681,3/13/20,13,0,0
,US,40.3888,-82.7649,3/13/20,13,0,0
,US,41.6809,-71.5118,3/13/20,14,0,0
,US,44.2685,-89.6165,3/13/20,19,0,1
,US,41.5978,-72.7554,3/13/20,11,0,0
,US,21.0943,-157.4983,3/13/20,2,0,0
,US,35.5653,-96.9289,3/13/20,2,0,0
,US,40.15,-111.8624,3/13/20,9,0,0
,Burkina Faso,12.2383,-1.5616,3/13/20,2,0,0
,Holy See,41.9029,12.4534,3/13/20,1,0,0
,Mongolia,46.8625,103.8467,3/13/20,1,0,0
,Panama,8.538,-80.7821,3/13/20,27,1,0
,US,38.5266,-96.7265,3/13/20,5,1,0
,US,31.1695,-91.8678,3/13/20,36,0,0
,US,38.4561,-92.2884,3/13/20,2,0,0
,US,44.0459,-72.7107,3/13/20,2,0,0
,US,61.3707,-152.4044,3/13/20,1,0,0
,US,34.9697,-92.3731,3/13/20,6,0,0
,US,39.3185,-75.5071,3/13/20,4,0,0
,US,44.2405,-114.4788,3/13/20,1,0,0
,US,44.6939,-69.3819,3/13/20,1,0,0
,US,43.3266,-84.5361,3/13/20,16,0,0
,US,32.7416,-89.6787,3/13/20,1,0,0
,US,46.9219,-110.4544,3/13/20,1,0,0
,US,34.8405,-106.2485,3/13/20,10,0,0
,US,47.5289,-99.784,3/13/20,1,0,0
,US,44.2998,-99.4388,3/13/20,8,1,0
,US,38.4912,-80.9545,3/13/20,0,0,0
,US,42.756,-107.3025,3/13/20,1,0,0
,Iran,32,53,3/13/20,11364,514,2959
,South Korea,36,128,3/13/20,7979,66,510
,France,46.2276,2.2137,3/13/20,3661,79,12
,Cruise Ship,35.4437,139.638,3/13/20,696,7,325
,Denmark,56.2639,9.5018,3/13/20,801,0,1
,Czechia,49.8175,15.473,3/13/20,141,0,0
,Taiwan*,23.7,121,3/13/20,50,1,20
,Vietnam,16,108,3/13/20,47,0,16
,Russia,60,90,3/13/20,45,0,3
,Moldova,47.4116,28.3699,3/13/20,6,0,0
,Bolivia,-16.2902,-63.5887,3/13/20,3,0,0
,Denmark,61.8926,-6.9118,3/13/20,3,0,0
,France,18.0708,-63.0501,3/13/20,2,0,0
,Honduras,15.2,-86.2419,3/13/20,2,0,0
,United Kingdom,49.3723,-2.3644,3/13/20,2,0,0
,Canada,46.5653,-66.4619,3/13/20,1,0,0
,Congo (Kinshasa),-4.0383,21.7587,3/13/20,2,0,0
,Cote d'Ivoire,7.54,-5.5471,3/13/20,1,0,0
,France,17.9,-62.8333,3/13/20,1,0,0
,Jamaica,18.1096,-77.2975,3/13/20,8,0,0
,Turkey,38.9637,35.2433,3/13/20,5,0,0
,United Kingdom,36.1408,-5.3536,3/13/20,1,0,1
,Cuba,22,-80,3/13/20,4,0,0
,Guyana,5,-58.75,3/13/20,1,1,0
,Australia,-35.4735,149.0124,3/13/20,1,0,0
,United Kingdom,55.3781,-3.436,3/13/20,798,8,18
,Kazakhstan,48.0196,66.9237,3/13/20,4,0,0
,France,-17.6797,149.4068,3/13/20,3,0,0
,Canada,53.7609,-98.8139,3/13/20,4,0,0
,Canada,52.9399,-106.4509,3/13/20,2,0,0
,Ethiopia,9.145,40.4897,3/13/20,1,0,0
,Sudan,12.8628,30.2176,3/13/20,1,1,0
,Guinea,9.9456,-9.6966,3/13/20,1,0,0
,Canada,37.6489,-122.6655,3/13/20,2,0,0
,Kenya,-0.0236,37.9062,3/13/20,1,0,0
,Antigua and Barbuda,17.0608,-61.7964,3/13/20,1,0,0
,US,32.3182,-86.9023,3/13/20,5,0,0
,Uruguay,-32.5228,-55.7658,3/13/20,0,0,0
,Ghana,7.9465,-1.0232,3/13/20,0,0,0
,US,18.2208,-66.5901,3/13/20,0,0,0
,Namibia,-22.9576,18.4904,3/13/20,0,0,0
,Seychelles,-4.6796,55.492,3/13/20,0,0,0
,Trinidad and Tobago,10.6918,-61.2225,3/13/20,0,0,0
,Venezuela,6.4238,-66.5897,3/13/20,0,0,0
,Eswatini,-26.5225,31.4659,3/13/20,0,0,0
,Gabon,-0.8037,11.6094,3/13/20,0,0,0
,Guatemala,15.7835,-90.2308,3/13/20,0,0,0
,Mauritania,21.0079,10.9408,3/13/20,0,0,0
,Rwanda,-1.9403,29.8739,3/13/20,0,0,0
,Saint Lucia,13.9094,-60.9789,3/13/20,0,0,0
,Saint Vincent and the Grenadines,12.9843,-61.2872,3/13/20,0,0,0
,Suriname,3.9193,-56.0278,3/13/20,0,0,0
,France,3.9339,-53.1258,3/13/20,5,0,0
,US,13.4443,144.7937,3/13/20,0,0,0
,Kosovo,42.6026,20.903,3/13/20,0,0,0
,Canada,53.1355,-57.6604,3/13/20,0,0,0
,Canada,46.5107,-63.4168,3/13/20,0,0,0
,Central African Republic,6.6111,20.9394,3/13/20,0,0,0
,Congo (Brazzaville),-4.0383,21.7587,3/13/20,0,0,0
,Equatorial Guinea,1.5,10,3/13/20,0,0,0
,France,-12.8275,45.1662,3/13/20,0,0,0
,Uzbekistan,41.3775,64.5853,3/13/20,0,0,0
,Netherlands,52.1326,5.2913,3/13/20,804,10,0
,Canada,44.682,-63.7443,3/13/20,0,0,0
,France,16.25,-61.5833,3/13/20,1,0,0
,Benin,9.3077,2.3158,3/13/20,0,0,0
,Liberia,6.4281,-9.4295,3/13/20,0,0,0
,Netherlands,12.1696,-68.99,3/13/20,0,0,0
,Somalia,5.1521,46.1996,3/13/20,0,0,0
,Tanzania,-6.369,34.8888,3/13/20,0,0,0
,US,18.3358,-64.8963,3/13/20,0,0,0
,United Kingdom,19.3133,-81.2546,3/13/20,1,0,0
,France,-21.1351,55.2471,3/13/20,5,0,0
,Barbados,13.1939,-59.5432,3/13/20,0,0,0
,Montenegro,42.5,19.3,3/13/20,0,0,0
,Kyrgyzstan,41.2044,74.7661,3/13/20,0,0,0
,Mauritius,-20.2,57.5,3/13/20,0,0,0
,Netherlands,12.5186,-70.0358,3/13/20,2,0,0
,Zambia,-15.4167,28.2833,3/13/20,0,0,0
,Djibouti,11.8251,42.5903,3/13/20,0,0,0
,"Gambia, The",13.4432,-15.3101,3/13/20,0,0,0
,United Kingdom,16.7425,-62.1874,3/13/20,0,0,0
,"Bahamas, The",25.0343,-77.3963,3/13/20,0,0,0
,Denmark,71.7069,-42.6043,3/13/20,0,0,0
,France,-20.9043,165.618,3/13/20,0,0,0
,United Kingdom,32.3078,-64.7505,3/13/20,0,0,0
,Chad,15.4542,18.7322,3/13/20,0,0,0
,El Salvador,13.7942,-88.8965,3/13/20,0,0,0
,Fiji,-17.7134,178.065,3/13/20,0,0,0
,Nicaragua,12.8654,-85.2072,3/13/20,0,0,0
,Madagascar,-18.7669,46.8691,3/13/20,0,0,0
,Haiti,18.9712,-72.2852,3/13/20,0,0,0
,Angola,-11.2027,17.8739,3/13/20,0,0,0
,Cabo Verde,16.5388,-23.0418,3/13/20,0,0,0
,Netherlands,18.0425,-63.0548,3/13/20,0,0,0
,Niger,17.6078,8.0817,3/13/20,0,0,0
,Papua New Guinea,-6.315,143.9555,3/13/20,0,0,0
,United Kingdom,54.2361,-4.5481,3/13/20,0,0,0
,Zimbabwe,-20,30,3/13/20,0,0,0
,Canada,64.8255,-124.8457,3/13/20,0,0,0
,Cape Verde,15.1111,-23.6167,3/13/20,0,0,0
,East Timor,-8.55,125.56,3/13/20,0,0,0
,Eritrea,15.1794,39.7823,3/13/20,0,0,0
,Uganda,1,32,3/13/20,0,0,0
,Dominica,15.415,-61.371,3/13/20,0,0,0
,Grenada,12.1165,-61.679,3/13/20,0,0,0
,Mozambique,-18.6657,35.5296,3/13/20,0,0,0
,Syria,34.8021,38.9968,3/13/20,0,0,0
,Timor-Leste,-8.8742,125.7275,3/13/20,0,0,0
,Thailand,15,101,3/14/20,82,1,35
,Japan,36,138,3/14/20,773,22,118
,Singapore,1.2833,103.8333,3/14/20,212,0,105
,Nepal,28.1667,84.25,3/14/20,1,0,1
,Malaysia,2.5,112.5,3/14/20,238,0,35
,Canada,49.2827,-123.1207,3/14/20,64,1,4
,Australia,-33.8688,151.2093,3/14/20,112,2,4
,Australia,-37.8136,144.9631,3/14/20,49,0,8
,Australia,-28.0167,153.4,3/14/20,46,0,8
,Cambodia,11.55,104.9167,3/14/20,7,0,1
,Sri Lanka,7,81,3/14/20,10,0,1
,Germany,51,9,3/14/20,4585,9,46
,Finland,64,26,3/14/20,225,0,1
,United Arab Emirates,24,54,3/14/20,85,0,17
,Philippines,13,122,3/14/20,111,8,2
,India,21,78,3/14/20,102,2,4
,Italy,43,12,3/14/20,21157,1441,1966
,Sweden,63,16,3/14/20,961,2,1
,Spain,40,-4,3/14/20,6391,195,517
,Australia,-34.9285,138.6007,3/14/20,19,0,3
,Belgium,50.8333,4,3/14/20,689,4,1
,Egypt,26,30,3/14/20,109,2,27
,Australia,35.4437,139.638,3/14/20,0,0,0
,Lebanon,33.8547,35.8623,3/14/20,93,3,1
,Iraq,33,44,3/14/20,110,10,26
,Oman,21,57,3/14/20,19,0,9
,Afghanistan,33,65,3/14/20,11,0,0
,Bahrain,26.0275,50.55,3/14/20,210,0,44
,Kuwait,29.5,47.75,3/14/20,104,0,5
,Algeria,28.0339,1.6596,3/14/20,37,3,12
,Croatia,45.1,15.2,3/14/20,38,0,1
,Switzerland,46.8182,8.2275,3/14/20,1359,13,4
,Austria,47.5162,14.5501,3/14/20,655,1,6
,Israel,31,35,3/14/20,193,0,4
,Pakistan,30.3753,69.3451,3/14/20,31,0,2
,Brazil,-14.235,-51.9253,3/14/20,151,0,0
,Georgia,42.3154,43.3569,3/14/20,30,0,0
,Greece,39.0742,21.8243,3/14/20,228,3,8
,North Macedonia,41.6086,21.7453,3/14/20,14,0,1
,Norway,60.472,8.4689,3/14/20,1090,3,1
,Romania,45.9432,24.9668,3/14/20,123,0,9
,Estonia,58.5953,25.0136,3/14/20,115,0,0
,San Marino,43.9424,12.4578,3/14/20,80,5,4
,Belarus,53.7098,27.9534,3/14/20,27,0,3
,Iceland,64.9631,-19.0208,3/14/20,156,0,1
,Lithuania,55.1694,23.8813,3/14/20,8,0,0
,Mexico,23.6345,-102.5528,3/14/20,26,0,4
,New Zealand,-40.9006,174.886,3/14/20,6,0,0
,Nigeria,9.082,8.6753,3/14/20,2,0,0
,Australia,-31.9505,115.8605,3/14/20,17,1,0
,Ireland,53.1424,-7.6921,3/14/20,129,2,0
,Luxembourg,49.8153,6.1296,3/14/20,51,1,0
,Monaco,43.7333,7.4167,3/14/20,2,0,0
,Qatar,25.3548,51.1839,3/14/20,337,0,4
,Ecuador,-1.8312,-78.1834,3/14/20,28,2,0
,Azerbaijan,40.1431,47.5769,3/14/20,15,1,3
,Armenia,40.0691,45.0382,3/14/20,18,0,0
,Dominican Republic,18.7357,-70.1627,3/14/20,11,0,0
,Indonesia,-0.7893,113.9213,3/14/20,96,5,8
,Portugal,39.3999,-8.2245,3/14/20,169,0,2
,Andorra,42.5063,1.5218,3/14/20,1,0,1
,Australia,-41.4545,145.9707,3/14/20,5,0,0
,Latvia,56.8796,24.6032,3/14/20,26,0,1
,Morocco,31.7917,-7.0926,3/14/20,17,1,1
,Saudi Arabia,24,45,3/14/20,103,0,1
,Senegal,14.4974,-14.4524,3/14/20,10,0,1
,Argentina,-38.4161,-63.6167,3/14/20,34,2,1
,Chile,-35.6751,-71.543,3/14/20,61,0,0
,Jordan,31.24,36.51,3/14/20,1,0,1
,Ukraine,48.3794,31.1656,3/14/20,3,1,0
,Hungary,47.1625,19.5033,3/14/20,30,0,1
,Australia,-12.4634,130.8456,3/14/20,1,0,0
,Liechtenstein,47.14,9.55,3/14/20,4,0,0
,Poland,51.9194,19.1451,3/14/20,103,3,0
,Tunisia,34,9,3/14/20,18,0,0
,Bosnia and Herzegovina,43.9159,17.6791,3/14/20,18,0,0
,Slovenia,46.1512,14.9955,3/14/20,181,1,0
,South Africa,-30.5595,22.9375,3/14/20,38,0,0
,Bhutan,27.5142,90.4336,3/14/20,1,0,0
,Cameroon,3.848,11.5021,3/14/20,2,0,0
,Colombia,4.5709,-74.2973,3/14/20,22,0,0
,Costa Rica,9.7489,-83.7534,3/14/20,26,0,0
,Peru,-9.19,-75.0152,3/14/20,38,0,0
,Serbia,44.0165,21.0059,3/14/20,46,0,0
,Slovakia,48.669,19.699,3/14/20,44,0,0
,Togo,8.6195,0.8248,3/14/20,1,0,0
,Malta,35.9375,14.3754,3/14/20,18,0,1
,Martinique,14.6415,-61.0242,3/14/20,9,0,0
,Bulgaria,42.7339,25.4858,3/14/20,41,2,0
,Maldives,3.2028,73.2207,3/14/20,10,0,0
,Bangladesh,23.685,90.3563,3/14/20,3,0,0
,Paraguay,-23.4425,-58.4438,3/14/20,6,0,0
,Canada,51.2538,-85.3232,3/14/20,79,0,4
,Canada,53.9333,-116.5765,3/14/20,29,0,0
,Canada,52.9399,-73.5491,3/14/20,17,0,0
,Albania,41.1533,20.1683,3/14/20,38,1,0
,Cyprus,35.1264,33.4299,3/14/20,26,0,0
,Brunei,4.5353,114.7277,3/14/20,40,0,0
,US,47.4009,-121.4905,3/14/20,572,37,1
,US,42.1657,-74.9481,3/14/20,525,2,0
,US,36.1162,-119.6816,3/14/20,340,5,6
,US,42.2302,-71.5301,3/14/20,138,0,1
,US,35.4437,139.638,3/14/20,46,0,0
,US,37.6489,-122.6655,3/14/20,21,0,0
,US,33.0406,-83.6431,3/14/20,66,1,0
,US,39.0598,-105.3111,3/14/20,101,1,0
,US,27.7663,-81.6868,3/14/20,76,3,0
,US,40.2989,-74.521,3/14/20,69,1,0
,US,44.572,-122.0709,3/14/20,32,0,0
,US,31.0545,-97.5635,3/14/20,57,0,0
,US,40.3495,-88.9861,3/14/20,64,0,2
,US,40.5908,-77.2098,3/14/20,47,0,0
,US,42.0115,-93.2105,3/14/20,17,0,0
,US,39.0639,-76.8021,3/14/20,26,0,0
,US,35.6301,-79.8064,3/14/20,24,0,0
,US,33.8569,-80.945,3/14/20,19,0,0
,US,35.7478,-86.6923,3/14/20,32,0,0
,US,37.7693,-78.17,3/14/20,41,1,0
,US,33.7298,-111.4312,3/14/20,12,0,1
,US,39.8494,-86.2583,3/14/20,16,0,0
,US,37.6681,-84.6701,3/14/20,14,0,0
,US,38.8974,-77.0268,3/14/20,10,0,0
,US,38.3135,-117.0554,3/14/20,21,0,0
,US,43.4525,-71.5639,3/14/20,7,0,0
,US,45.6945,-93.9002,3/14/20,21,0,0
,US,41.1254,-98.2681,3/14/20,14,0,0
,US,40.3888,-82.7649,3/14/20,26,0,0
,US,41.6809,-71.5118,3/14/20,20,0,0
,US,44.2685,-89.6165,3/14/20,27,0,1
,US,41.5978,-72.7554,3/14/20,22,0,0
,US,21.0943,-157.4983,3/14/20,4,0,0
,US,35.5653,-96.9289,3/14/20,4,0,0
,US,40.15,-111.8624,3/14/20,10,0,0
,Burkina Faso,12.2383,-1.5616,3/14/20,2,0,0
,Holy See,41.9029,12.4534,3/14/20,1,0,0
,Mongolia,46.8625,103.8467,3/14/20,1,0,0
,Panama,8.538,-80.7821,3/14/20,36,1,0
,US,38.5266,-96.7265,3/14/20,8,1,0
,US,31.1695,-91.8678,3/14/20,77,1,0
,US,38.4561,-92.2884,3/14/20,4,0,0
,US,44.0459,-72.7107,3/14/20,5,0,0
,US,61.3707,-152.4044,3/14/20,1,0,0
,US,34.9697,-92.3731,3/14/20,12,0,0
,US,39.3185,-75.5071,3/14/20,6,0,0
,US,44.2405,-114.4788,3/14/20,2,0,0
,US,44.6939,-69.3819,3/14/20,3,0,0
,US,43.3266,-84.5361,3/14/20,25,0,0
,US,32.7416,-89.6787,3/14/20,6,0,0
,US,46.9219,-110.4544,3/14/20,5,0,0
,US,34.8405,-106.2485,3/14/20,10,0,0
,US,47.5289,-99.784,3/14/20,1,0,0
,US,44.2998,-99.4388,3/14/20,9,1,0
,US,38.4912,-80.9545,3/14/20,0,0,0
,US,42.756,-107.3025,3/14/20,2,0,0
,Iran,32,53,3/14/20,12729,611,2959
,South Korea,36,128,3/14/20,8086,72,510
,France,46.2276,2.2137,3/14/20,4469,91,12
,Cruise Ship,35.4437,139.638,3/14/20,696,7,325
,Denmark,56.2639,9.5018,3/14/20,827,1,1
,Czechia,49.8175,15.473,3/14/20,189,0,0
,Taiwan*,23.7,121,3/14/20,53,1,20
,Vietnam,16,108,3/14/20,53,0,16
,Russia,60,90,3/14/20,59,0,8
,Moldova,47.4116,28.3699,3/14/20,12,0,0
,Bolivia,-16.2902,-63.5887,3/14/20,10,0,0
,Denmark,61.8926,-6.9118,3/14/20,9,0,0
,France,18.0708,-63.0501,3/14/20,2,0,0
,Honduras,15.2,-86.2419,3/14/20,2,0,0
,United Kingdom,49.3723,-2.3644,3/14/20,2,0,0
,Canada,46.5653,-66.4619,3/14/20,1,0,0
,Congo (Kinshasa),-4.0383,21.7587,3/14/20,2,0,0
,Cote d'Ivoire,7.54,-5.5471,3/14/20,1,0,0
,France,17.9,-62.8333,3/14/20,1,0,0
,Jamaica,18.1096,-77.2975,3/14/20,8,0,0
,Turkey,38.9637,35.2433,3/14/20,5,0,0
,United Kingdom,36.1408,-5.3536,3/14/20,1,0,1
,Cuba,22,-80,3/14/20,4,0,0
,Guyana,5,-58.75,3/14/20,1,1,0
,Australia,-35.4735,149.0124,3/14/20,1,0,0
,United Kingdom,55.3781,-3.436,3/14/20,1140,21,18
,Kazakhstan,48.0196,66.9237,3/14/20,6,0,0
,France,-17.6797,149.4068,3/14/20,3,0,0
,Canada,53.7609,-98.8139,3/14/20,4,0,0
,Canada,52.9399,-106.4509,3/14/20,2,0,0
,Ethiopia,9.145,40.4897,3/14/20,1,0,0
,Sudan,12.8628,30.2176,3/14/20,1,1,0
,Guinea,9.9456,-9.6966,3/14/20,1,0,0
,Canada,37.6489,-122.6655,3/14/20,2,0,0
,Kenya,-0.0236,37.9062,3/14/20,1,0,0
,Antigua and Barbuda,17.0608,-61.7964,3/14/20,1,0,0
,US,32.3182,-86.9023,3/14/20,6,0,0
,Uruguay,-32.5228,-55.7658,3/14/20,4,0,0
,Ghana,7.9465,-1.0232,3/14/20,3,0,0
,US,18.2208,-66.5901,3/14/20,3,0,0
,Namibia,-22.9576,18.4904,3/14/20,2,0,0
,Seychelles,-4.6796,55.492,3/14/20,2,0,0
,Trinidad and Tobago,10.6918,-61.2225,3/14/20,2,0,0
,Venezuela,6.4238,-66.5897,3/14/20,2,0,0
,Eswatini,-26.5225,31.4659,3/14/20,1,0,0
,Gabon,-0.8037,11.6094,3/14/20,1,0,0
,Guatemala,15.7835,-90.2308,3/14/20,1,0,0
,Mauritania,21.0079,10.9408,3/14/20,1,0,0
,Rwanda,-1.9403,29.8739,3/14/20,1,0,0
,Saint Lucia,13.9094,-60.9789,3/14/20,1,0,0
,Saint Vincent and the Grenadines,12.9843,-61.2872,3/14/20,1,0,0
,Suriname,3.9193,-56.0278,3/14/20,1,0,0
,France,3.9339,-53.1258,3/14/20,5,0,0
,US,13.4443,144.7937,3/14/20,0,0,0
,Kosovo,42.6026,20.903,3/14/20,0,0,0
,Canada,53.1355,-57.6604,3/14/20,0,0,0
,Canada,46.5107,-63.4168,3/14/20,0,0,0
,Central African Republic,6.6111,20.9394,3/14/20,0,0,0
,Congo (Brazzaville),-4.0383,21.7587,3/14/20,0,0,0
,Equatorial Guinea,1.5,10,3/14/20,0,0,0
,France,-12.8275,45.1662,3/14/20,0,0,0
,Uzbekistan,41.3775,64.5853,3/14/20,0,0,0
,Netherlands,52.1326,5.2913,3/14/20,959,12,2
,Canada,44.682,-63.7443,3/14/20,0,0,0
,France,16.25,-61.5833,3/14/20,1,0,0
,Benin,9.3077,2.3158,3/14/20,0,0,0
,Liberia,6.4281,-9.4295,3/14/20,0,0,0
,Netherlands,12.1696,-68.99,3/14/20,1,0,0
,Somalia,5.1521,46.1996,3/14/20,0,0,0
,Tanzania,-6.369,34.8888,3/14/20,0,0,0
,US,18.3358,-64.8963,3/14/20,1,0,0
,United Kingdom,19.3133,-81.2546,3/14/20,1,0,0
,France,-21.1351,55.2471,3/14/20,6,0,0
,Barbados,13.1939,-59.5432,3/14/20,0,0,0
,Montenegro,42.5,19.3,3/14/20,0,0,0
,Kyrgyzstan,41.2044,74.7661,3/14/20,0,0,0
,Mauritius,-20.2,57.5,3/14/20,0,0,0
,Netherlands,12.5186,-70.0358,3/14/20,2,0,0
,Zambia,-15.4167,28.2833,3/14/20,0,0,0
,Djibouti,11.8251,42.5903,3/14/20,0,0,0
,"Gambia, The",13.4432,-15.3101,3/14/20,0,0,0
,United Kingdom,16.7425,-62.1874,3/14/20,0,0,0
,"Bahamas, The",25.0343,-77.3963,3/14/20,0,0,0
,Denmark,71.7069,-42.6043,3/14/20,0,0,0
,France,-20.9043,165.618,3/14/20,0,0,0
,United Kingdom,32.3078,-64.7505,3/14/20,0,0,0
,Chad,15.4542,18.7322,3/14/20,0,0,0
,El Salvador,13.7942,-88.8965,3/14/20,0,0,0
,Fiji,-17.7134,178.065,3/14/20,0,0,0
,Nicaragua,12.8654,-85.2072,3/14/20,0,0,0
,Madagascar,-18.7669,46.8691,3/14/20,0,0,0
,Haiti,18.9712,-72.2852,3/14/20,0,0,0
,Angola,-11.2027,17.8739,3/14/20,0,0,0
,Cabo Verde,16.5388,-23.0418,3/14/20,0,0,0
,Netherlands,18.0425,-63.0548,3/14/20,0,0,0
,Niger,17.6078,8.0817,3/14/20,0,0,0
,Papua New Guinea,-6.315,143.9555,3/14/20,0,0,0
,United Kingdom,54.2361,-4.5481,3/14/20,0,0,0
,Zimbabwe,-20,30,3/14/20,0,0,0
,Canada,64.8255,-124.8457,3/14/20,0,0,0
,Cape Verde,15.1111,-23.6167,3/14/20,0,0,0
,East Timor,-8.55,125.56,3/14/20,0,0,0
,Eritrea,15.1794,39.7823,3/14/20,0,0,0
,Uganda,1,32,3/14/20,0,0,0
,Dominica,15.415,-61.371,3/14/20,0,0,0
,Grenada,12.1165,-61.679,3/14/20,0,0,0
,Mozambique,-18.6657,35.5296,3/14/20,0,0,0
,Syria,34.8021,38.9968,3/14/20,0,0,0
,Timor-Leste,-8.8742,125.7275,3/14/20,0,0,0
,Thailand,15,101,3/15/20,114,1,35
,Japan,36,138,3/15/20,839,22,118
,Singapore,1.2833,103.8333,3/15/20,226,0,105
,Nepal,28.1667,84.25,3/15/20,1,0,1
,Malaysia,2.5,112.5,3/15/20,428,0,42
,Canada,49.2827,-123.1207,3/15/20,73,1,4
,Australia,-33.8688,151.2093,3/15/20,134,2,4
,Australia,-37.8136,144.9631,3/15/20,57,0,8
,Australia,-28.0167,153.4,3/15/20,61,0,8
,Cambodia,11.55,104.9167,3/15/20,7,0,1
,Sri Lanka,7,81,3/15/20,18,0,1
,Germany,51,9,3/15/20,5795,11,46
,Finland,64,26,3/15/20,244,0,10
,United Arab Emirates,24,54,3/15/20,98,0,23
,Philippines,13,122,3/15/20,140,11,2
,India,21,78,3/15/20,113,2,13
,Italy,43,12,3/15/20,24747,1809,2335
,Sweden,63,16,3/15/20,1022,3,1
,Spain,40,-4,3/15/20,7798,289,517
,Australia,-34.9285,138.6007,3/15/20,20,0,3
,Belgium,50.8333,4,3/15/20,886,4,1
,Egypt,26,30,3/15/20,110,2,21
,Australia,35.4437,139.638,3/15/20,0,0,0
,Lebanon,33.8547,35.8623,3/15/20,110,3,1
,Iraq,33,44,3/15/20,116,10,26
,Oman,21,57,3/15/20,22,0,9
,Afghanistan,33,65,3/15/20,16,0,0
,Bahrain,26.0275,50.55,3/15/20,214,0,60
,Kuwait,29.5,47.75,3/15/20,112,0,5
,Algeria,28.0339,1.6596,3/15/20,48,4,12
,Croatia,45.1,15.2,3/15/20,49,0,1
,Switzerland,46.8182,8.2275,3/15/20,2200,14,4
,Austria,47.5162,14.5501,3/15/20,860,1,6
,Israel,31,35,3/15/20,251,0,4
,Pakistan,30.3753,69.3451,3/15/20,53,0,2
,Brazil,-14.235,-51.9253,3/15/20,162,0,0
,Georgia,42.3154,43.3569,3/15/20,33,0,0
,Greece,39.0742,21.8243,3/15/20,331,4,8
,North Macedonia,41.6086,21.7453,3/15/20,14,0,1
,Norway,60.472,8.4689,3/15/20,1221,3,1
,Romania,45.9432,24.9668,3/15/20,131,0,9
,Estonia,58.5953,25.0136,3/15/20,171,0,1
,San Marino,43.9424,12.4578,3/15/20,101,5,4
,Belarus,53.7098,27.9534,3/15/20,27,0,3
,Iceland,64.9631,-19.0208,3/15/20,171,5,8
,Lithuania,55.1694,23.8813,3/15/20,12,0,1
,Mexico,23.6345,-102.5528,3/15/20,41,0,4
,New Zealand,-40.9006,174.886,3/15/20,8,0,0
,Nigeria,9.082,8.6753,3/15/20,2,0,0
,Australia,-31.9505,115.8605,3/15/20,17,1,0
,Ireland,53.1424,-7.6921,3/15/20,129,2,0
,Luxembourg,49.8153,6.1296,3/15/20,59,1,0
,Monaco,43.7333,7.4167,3/15/20,2,0,0
,Qatar,25.3548,51.1839,3/15/20,401,0,4
,Ecuador,-1.8312,-78.1834,3/15/20,28,2,0
,Azerbaijan,40.1431,47.5769,3/15/20,23,1,6
,Armenia,40.0691,45.0382,3/15/20,26,0,0
,Dominican Republic,18.7357,-70.1627,3/15/20,11,0,0
,Indonesia,-0.7893,113.9213,3/15/20,117,5,8
,Portugal,39.3999,-8.2245,3/15/20,245,0,2
,Andorra,42.5063,1.5218,3/15/20,1,0,1
,Australia,-41.4545,145.9707,3/15/20,6,0,0
,Latvia,56.8796,24.6032,3/15/20,30,0,1
,Morocco,31.7917,-7.0926,3/15/20,28,1,1
,Saudi Arabia,24,45,3/15/20,103,0,1
,Senegal,14.4974,-14.4524,3/15/20,24,0,1
,Argentina,-38.4161,-63.6167,3/15/20,45,2,1
,Chile,-35.6751,-71.543,3/15/20,74,0,0
,Jordan,31.24,36.51,3/15/20,8,0,1
,Ukraine,48.3794,31.1656,3/15/20,3,1,0
,Hungary,47.1625,19.5033,3/15/20,32,1,1
,Australia,-12.4634,130.8456,3/15/20,1,0,0
,Liechtenstein,47.14,9.55,3/15/20,4,0,0
,Poland,51.9194,19.1451,3/15/20,119,3,0
,Tunisia,34,9,3/15/20,18,0,0
,Bosnia and Herzegovina,43.9159,17.6791,3/15/20,24,0,0
,Slovenia,46.1512,14.9955,3/15/20,219,1,0
,South Africa,-30.5595,22.9375,3/15/20,51,0,0
,Bhutan,27.5142,90.4336,3/15/20,1,0,0
,Cameroon,3.848,11.5021,3/15/20,2,0,0
,Colombia,4.5709,-74.2973,3/15/20,34,0,0
,Costa Rica,9.7489,-83.7534,3/15/20,27,0,0
,Peru,-9.19,-75.0152,3/15/20,43,0,0
,Serbia,44.0165,21.0059,3/15/20,48,0,0
,Slovakia,48.669,19.699,3/15/20,54,0,0
,Togo,8.6195,0.8248,3/15/20,1,0,0
,Malta,35.9375,14.3754,3/15/20,21,0,1
,Martinique,14.6415,-61.0242,3/15/20,9,0,0
,Bulgaria,42.7339,25.4858,3/15/20,51,2,0
,Maldives,3.2028,73.2207,3/15/20,13,0,0
,Bangladesh,23.685,90.3563,3/15/20,5,0,0
,Paraguay,-23.4425,-58.4438,3/15/20,6,0,0
,Canada,51.2538,-85.3232,3/15/20,104,0,4
,Canada,53.9333,-116.5765,3/15/20,39,0,0
,Canada,52.9399,-73.5491,3/15/20,24,0,0
,Albania,41.1533,20.1683,3/15/20,42,1,0
,Cyprus,35.1264,33.4299,3/15/20,26,0,0
,Brunei,4.5353,114.7277,3/15/20,50,0,0
,US,47.4009,-121.4905,3/15/20,643,40,1
,US,42.1657,-74.9481,3/15/20,732,3,0
,US,36.1162,-119.6816,3/15/20,426,6,6
,US,42.2302,-71.5301,3/15/20,164,0,1
,US,35.4437,139.638,3/15/20,46,0,0
,US,37.6489,-122.6655,3/15/20,21,0,0
,US,33.0406,-83.6431,3/15/20,99,1,0
,US,39.0598,-105.3111,3/15/20,131,1,0
,US,27.7663,-81.6868,3/15/20,115,4,0
,US,40.2989,-74.521,3/15/20,98,2,0
,US,44.572,-122.0709,3/15/20,36,1,0
,US,31.0545,-97.5635,3/15/20,72,0,0
,US,40.3495,-88.9861,3/15/20,93,0,2
,US,40.5908,-77.2098,3/15/20,66,0,0
,US,42.0115,-93.2105,3/15/20,18,0,0
,US,39.0639,-76.8021,3/15/20,32,0,0
,US,35.6301,-79.8064,3/15/20,33,0,0
,US,33.8569,-80.945,3/15/20,28,0,0
,US,35.7478,-86.6923,3/15/20,39,0,0
,US,37.7693,-78.17,3/15/20,45,1,0
,US,33.7298,-111.4312,3/15/20,13,0,1
,US,39.8494,-86.2583,3/15/20,20,0,0
,US,37.6681,-84.6701,3/15/20,20,0,0
,US,38.8974,-77.0268,3/15/20,16,0,0
,US,38.3135,-117.0554,3/15/20,24,0,0
,US,43.4525,-71.5639,3/15/20,13,0,0
,US,45.6945,-93.9002,3/15/20,35,0,0
,US,41.1254,-98.2681,3/15/20,17,0,0
,US,40.3888,-82.7649,3/15/20,37,0,0
,US,41.6809,-71.5118,3/15/20,20,0,0
,US,44.2685,-89.6165,3/15/20,32,0,1
,US,41.5978,-72.7554,3/15/20,24,0,0
,US,21.0943,-157.4983,3/15/20,6,0,0
,US,35.5653,-96.9289,3/15/20,7,0,0
,US,40.15,-111.8624,3/15/20,28,0,0
,Burkina Faso,12.2383,-1.5616,3/15/20,3,0,0
,Holy See,41.9029,12.4534,3/15/20,1,0,0
,Mongolia,46.8625,103.8467,3/15/20,1,0,0
,Panama,8.538,-80.7821,3/15/20,43,1,0
,US,38.5266,-96.7265,3/15/20,8,1,0
,US,31.1695,-91.8678,3/15/20,91,2,0
,US,38.4561,-92.2884,3/15/20,5,0,0
,US,44.0459,-72.7107,3/15/20,8,0,0
,US,61.3707,-152.4044,3/15/20,1,0,0
,US,34.9697,-92.3731,3/15/20,16,0,0
,US,39.3185,-75.5071,3/15/20,7,0,0
,US,44.2405,-114.4788,3/15/20,5,0,0
,US,44.6939,-69.3819,3/15/20,12,0,0
,US,43.3266,-84.5361,3/15/20,33,0,0
,US,32.7416,-89.6787,3/15/20,10,0,0
,US,46.9219,-110.4544,3/15/20,7,0,0
,US,34.8405,-106.2485,3/15/20,13,0,0
,US,47.5289,-99.784,3/15/20,1,0,0
,US,44.2998,-99.4388,3/15/20,9,1,0
,US,38.4912,-80.9545,3/15/20,0,0,0
,US,42.756,-107.3025,3/15/20,3,0,0
,Iran,32,53,3/15/20,13938,724,4590
,South Korea,36,128,3/15/20,8162,75,510
,France,46.2276,2.2137,3/15/20,4499,91,12
,Cruise Ship,35.4437,139.638,3/15/20,696,7,325
,Denmark,56.2639,9.5018,3/15/20,864,2,1
,Czechia,49.8175,15.473,3/15/20,253,0,0
,Taiwan*,23.7,121,3/15/20,59,1,20
,Vietnam,16,108,3/15/20,56,0,16
,Russia,60,90,3/15/20,63,0,8
,Moldova,47.4116,28.3699,3/15/20,23,0,0
,Bolivia,-16.2902,-63.5887,3/15/20,10,0,0
,Denmark,61.8926,-6.9118,3/15/20,11,0,0
,France,18.0708,-63.0501,3/15/20,2,0,0
,Honduras,15.2,-86.2419,3/15/20,3,0,0
,United Kingdom,49.3723,-2.3644,3/15/20,3,0,0
,Canada,46.5653,-66.4619,3/15/20,2,0,0
,Congo (Kinshasa),-4.0383,21.7587,3/15/20,2,0,0
,Cote d'Ivoire,7.54,-5.5471,3/15/20,1,0,0
,France,17.9,-62.8333,3/15/20,1,0,0
,Jamaica,18.1096,-77.2975,3/15/20,10,0,0
,Turkey,38.9637,35.2433,3/15/20,6,0,0
,United Kingdom,36.1408,-5.3536,3/15/20,1,0,1
,Cuba,22,-80,3/15/20,4,0,0
,Guyana,5,-58.75,3/15/20,4,1,0
,Australia,-35.4735,149.0124,3/15/20,1,0,0
,United Kingdom,55.3781,-3.436,3/15/20,1140,21,18
,Kazakhstan,48.0196,66.9237,3/15/20,9,0,0
,France,-17.6797,149.4068,3/15/20,3,0,0
,Canada,53.7609,-98.8139,3/15/20,4,0,0
,Canada,52.9399,-106.4509,3/15/20,2,0,0
,Ethiopia,9.145,40.4897,3/15/20,1,0,0
,Sudan,12.8628,30.2176,3/15/20,1,1,0
,Guinea,9.9456,-9.6966,3/15/20,1,0,0
,Canada,37.6489,-122.6655,3/15/20,2,0,0
,Kenya,-0.0236,37.9062,3/15/20,3,0,0
,Antigua and Barbuda,17.0608,-61.7964,3/15/20,1,0,0
,US,32.3182,-86.9023,3/15/20,12,0,0
,Uruguay,-32.5228,-55.7658,3/15/20,4,0,0
,Ghana,7.9465,-1.0232,3/15/20,6,0,0
,US,18.2208,-66.5901,3/15/20,5,0,0
,Namibia,-22.9576,18.4904,3/15/20,2,0,0
,Seychelles,-4.6796,55.492,3/15/20,2,0,0
,Trinidad and Tobago,10.6918,-61.2225,3/15/20,2,0,0
,Venezuela,6.4238,-66.5897,3/15/20,10,0,0
,Eswatini,-26.5225,31.4659,3/15/20,1,0,0
,Gabon,-0.8037,11.6094,3/15/20,1,0,0
,Guatemala,15.7835,-90.2308,3/15/20,1,0,0
,Mauritania,21.0079,10.9408,3/15/20,1,0,0
,Rwanda,-1.9403,29.8739,3/15/20,1,0,0
,Saint Lucia,13.9094,-60.9789,3/15/20,2,0,0
,Saint Vincent and the Grenadines,12.9843,-61.2872,3/15/20,1,0,0
,Suriname,3.9193,-56.0278,3/15/20,1,0,0
,France,3.9339,-53.1258,3/15/20,7,0,0
,US,13.4443,144.7937,3/15/20,3,0,0
,Kosovo,42.6026,20.903,3/15/20,2,0,0
,Canada,53.1355,-57.6604,3/15/20,1,0,0
,Canada,46.5107,-63.4168,3/15/20,1,0,0
,Central African Republic,6.6111,20.9394,3/15/20,1,0,0
,Congo (Brazzaville),-4.0383,21.7587,3/15/20,1,0,0
,Equatorial Guinea,1.5,10,3/15/20,1,0,0
,France,-12.8275,45.1662,3/15/20,1,0,0
,Uzbekistan,41.3775,64.5853,3/15/20,1,0,0
,Netherlands,52.1326,5.2913,3/15/20,1135,20,2
,Canada,44.682,-63.7443,3/15/20,0,0,0
,France,16.25,-61.5833,3/15/20,3,0,0
,Benin,9.3077,2.3158,3/15/20,0,0,0
,Liberia,6.4281,-9.4295,3/15/20,0,0,0
,Netherlands,12.1696,-68.99,3/15/20,1,0,0
,Somalia,5.1521,46.1996,3/15/20,0,0,0
,Tanzania,-6.369,34.8888,3/15/20,0,0,0
,US,18.3358,-64.8963,3/15/20,1,0,0
,United Kingdom,19.3133,-81.2546,3/15/20,1,0,0
,France,-21.1351,55.2471,3/15/20,7,0,0
,Barbados,13.1939,-59.5432,3/15/20,0,0,0
,Montenegro,42.5,19.3,3/15/20,0,0,0
,Kyrgyzstan,41.2044,74.7661,3/15/20,0,0,0
,Mauritius,-20.2,57.5,3/15/20,0,0,0
,Netherlands,12.5186,-70.0358,3/15/20,2,0,0
,Zambia,-15.4167,28.2833,3/15/20,0,0,0
,Djibouti,11.8251,42.5903,3/15/20,0,0,0
,"Gambia, The",13.4432,-15.3101,3/15/20,0,0,0
,United Kingdom,16.7425,-62.1874,3/15/20,0,0,0
,"Bahamas, The",25.0343,-77.3963,3/15/20,0,0,0
,Denmark,71.7069,-42.6043,3/15/20,0,0,0
,France,-20.9043,165.618,3/15/20,0,0,0
,United Kingdom,32.3078,-64.7505,3/15/20,0,0,0
,Chad,15.4542,18.7322,3/15/20,0,0,0
,El Salvador,13.7942,-88.8965,3/15/20,0,0,0
,Fiji,-17.7134,178.065,3/15/20,0,0,0
,Nicaragua,12.8654,-85.2072,3/15/20,0,0,0
,Madagascar,-18.7669,46.8691,3/15/20,0,0,0
,Haiti,18.9712,-72.2852,3/15/20,0,0,0
,Angola,-11.2027,17.8739,3/15/20,0,0,0
,Cabo Verde,16.5388,-23.0418,3/15/20,0,0,0
,Netherlands,18.0425,-63.0548,3/15/20,0,0,0
,Niger,17.6078,8.0817,3/15/20,0,0,0
,Papua New Guinea,-6.315,143.9555,3/15/20,0,0,0
,United Kingdom,54.2361,-4.5481,3/15/20,0,0,0
,Zimbabwe,-20,30,3/15/20,0,0,0
,Canada,64.8255,-124.8457,3/15/20,0,0,0
,Cape Verde,15.1111,-23.6167,3/15/20,0,0,0
,East Timor,-8.55,125.56,3/15/20,0,0,0
,Eritrea,15.1794,39.7823,3/15/20,0,0,0
,Uganda,1,32,3/15/20,0,0,0
,Dominica,15.415,-61.371,3/15/20,0,0,0
,Grenada,12.1165,-61.679,3/15/20,0,0,0
,Mozambique,-18.6657,35.5296,3/15/20,0,0,0
,Syria,34.8021,38.9968,3/15/20,0,0,0
,Timor-Leste,-8.8742,125.7275,3/15/20,0,0,0
,Thailand,15,101,3/16/20,147,1,35
,Japan,36,138,3/16/20,825,27,144
,Singapore,1.2833,103.8333,3/16/20,243,0,109
,Nepal,28.1667,84.25,3/16/20,1,0,1
,Malaysia,2.5,112.5,3/16/20,566,0,42
,Canada,49.2827,-123.1207,3/16/20,103,4,4
,Australia,-33.8688,151.2093,3/16/20,171,2,4
,Australia,-37.8136,144.9631,3/16/20,71,0,8
,Australia,-28.0167,153.4,3/16/20,68,0,8
,Cambodia,11.55,104.9167,3/16/20,7,0,1
,Sri Lanka,7,81,3/16/20,28,0,1
,Germany,51,9,3/16/20,7272,17,67
,Finland,64,26,3/16/20,277,0,10
,United Arab Emirates,24,54,3/16/20,98,0,23
,Philippines,13,122,3/16/20,142,12,2
,India,21,78,3/16/20,119,2,13
,Italy,43,12,3/16/20,27980,2158,2749
,Sweden,63,16,3/16/20,1103,6,1
,Spain,40,-4,3/16/20,9942,342,530
,Australia,-34.9285,138.6007,3/16/20,29,0,3
,Belgium,50.8333,4,3/16/20,1058,5,1
,Egypt,26,30,3/16/20,150,2,27
,Australia,35.4437,139.638,3/16/20,0,0,0
,Lebanon,33.8547,35.8623,3/16/20,99,3,1
,Iraq,33,44,3/16/20,124,10,26
,Oman,21,57,3/16/20,22,0,9
,Afghanistan,33,65,3/16/20,21,0,1
,Bahrain,26.0275,50.55,3/16/20,214,1,77
,Kuwait,29.5,47.75,3/16/20,123,0,9
,Algeria,28.0339,1.6596,3/16/20,54,4,12
,Croatia,45.1,15.2,3/16/20,57,0,2
,Switzerland,46.8182,8.2275,3/16/20,2200,14,4
,Austria,47.5162,14.5501,3/16/20,1018,3,6
,Israel,31,35,3/16/20,255,0,4
,Pakistan,30.3753,69.3451,3/16/20,136,0,2
,Brazil,-14.235,-51.9253,3/16/20,200,0,1
,Georgia,42.3154,43.3569,3/16/20,33,0,1
,Greece,39.0742,21.8243,3/16/20,331,4,8
,North Macedonia,41.6086,21.7453,3/16/20,18,0,1
,Norway,60.472,8.4689,3/16/20,1333,3,1
,Romania,45.9432,24.9668,3/16/20,158,0,9
,Estonia,58.5953,25.0136,3/16/20,205,0,1
,San Marino,43.9424,12.4578,3/16/20,109,7,4
,Belarus,53.7098,27.9534,3/16/20,36,0,3
,Iceland,64.9631,-19.0208,3/16/20,180,0,0
,Lithuania,55.1694,23.8813,3/16/20,17,0,1
,Mexico,23.6345,-102.5528,3/16/20,53,0,4
,New Zealand,-40.9006,174.886,3/16/20,8,0,0
,Nigeria,9.082,8.6753,3/16/20,2,0,0
,Australia,-31.9505,115.8605,3/16/20,28,1,0
,Ireland,53.1424,-7.6921,3/16/20,169,2,0
,Luxembourg,49.8153,6.1296,3/16/20,77,1,0
,Monaco,43.7333,7.4167,3/16/20,7,0,0
,Qatar,25.3548,51.1839,3/16/20,439,0,4
,Ecuador,-1.8312,-78.1834,3/16/20,37,2,0
,Azerbaijan,40.1431,47.5769,3/16/20,15,1,6
,Armenia,40.0691,45.0382,3/16/20,52,0,0
,Dominican Republic,18.7357,-70.1627,3/16/20,11,0,0
,Indonesia,-0.7893,113.9213,3/16/20,134,5,8
,Portugal,39.3999,-8.2245,3/16/20,331,0,3
,Andorra,42.5063,1.5218,3/16/20,2,0,1
,Australia,-41.4545,145.9707,3/16/20,7,0,0
,Latvia,56.8796,24.6032,3/16/20,34,0,1
,Morocco,31.7917,-7.0926,3/16/20,29,1,1
,Saudi Arabia,24,45,3/16/20,118,0,2
,Senegal,14.4974,-14.4524,3/16/20,24,0,2
,Argentina,-38.4161,-63.6167,3/16/20,56,2,1
,Chile,-35.6751,-71.543,3/16/20,155,0,0
,Jordan,31.24,36.51,3/16/20,17,0,1
,Ukraine,48.3794,31.1656,3/16/20,7,1,0
,Hungary,47.1625,19.5033,3/16/20,39,1,1
,Australia,-12.4634,130.8456,3/16/20,1,0,0
,Liechtenstein,47.14,9.55,3/16/20,4,0,0
,Poland,51.9194,19.1451,3/16/20,177,4,13
,Tunisia,34,9,3/16/20,20,0,0
,Bosnia and Herzegovina,43.9159,17.6791,3/16/20,25,0,0
,Slovenia,46.1512,14.9955,3/16/20,253,1,0
,South Africa,-30.5595,22.9375,3/16/20,62,0,0
,Bhutan,27.5142,90.4336,3/16/20,1,0,0
,Cameroon,3.848,11.5021,3/16/20,4,0,0
,Colombia,4.5709,-74.2973,3/16/20,54,0,0
,Costa Rica,9.7489,-83.7534,3/16/20,35,0,0
,Peru,-9.19,-75.0152,3/16/20,86,0,0
,Serbia,44.0165,21.0059,3/16/20,55,0,1
,Slovakia,48.669,19.699,3/16/20,63,0,0
,Togo,8.6195,0.8248,3/16/20,1,0,0
,Malta,35.9375,14.3754,3/16/20,30,0,2
,Martinique,14.6415,-61.0242,3/16/20,15,1,0
,Bulgaria,42.7339,25.4858,3/16/20,52,2,0
,Maldives,3.2028,73.2207,3/16/20,13,0,0
,Bangladesh,23.685,90.3563,3/16/20,8,0,2
,Paraguay,-23.4425,-58.4438,3/16/20,8,0,0
,Canada,51.2538,-85.3232,3/16/20,177,0,5
,Canada,53.9333,-116.5765,3/16/20,56,0,0
,Canada,52.9399,-73.5491,3/16/20,50,0,0
,Albania,41.1533,20.1683,3/16/20,51,1,0
,Cyprus,35.1264,33.4299,3/16/20,33,0,0
,Brunei,4.5353,114.7277,3/16/20,54,0,0
,US,47.4009,-121.4905,3/16/20,904,48,1
,US,42.1657,-74.9481,3/16/20,967,10,0
,US,36.1162,-119.6816,3/16/20,557,7,6
,US,42.2302,-71.5301,3/16/20,197,0,1
,US,35.4437,139.638,3/16/20,47,0,0
,US,37.6489,-122.6655,3/16/20,20,0,0
,US,33.0406,-83.6431,3/16/20,121,1,0
,US,39.0598,-105.3111,3/16/20,160,1,0
,US,27.7663,-81.6868,3/16/20,155,5,0
,US,40.2989,-74.521,3/16/20,178,2,1
,US,44.572,-122.0709,3/16/20,39,1,0
,US,31.0545,-97.5635,3/16/20,85,0,0
,US,40.3495,-88.9861,3/16/20,105,0,2
,US,40.5908,-77.2098,3/16/20,77,0,0
,US,42.0115,-93.2105,3/16/20,23,0,0
,US,39.0639,-76.8021,3/16/20,41,0,3
,US,35.6301,-79.8064,3/16/20,38,0,0
,US,33.8569,-80.945,3/16/20,33,1,0
,US,35.7478,-86.6923,3/16/20,52,0,0
,US,37.7693,-78.17,3/16/20,49,1,0
,US,33.7298,-111.4312,3/16/20,18,0,1
,US,39.8494,-86.2583,3/16/20,25,1,0
,US,37.6681,-84.6701,3/16/20,21,1,1
,US,38.8974,-77.0268,3/16/20,22,0,0
,US,38.3135,-117.0554,3/16/20,45,1,0
,US,43.4525,-71.5639,3/16/20,17,0,0
,US,45.6945,-93.9002,3/16/20,54,0,0
,US,41.1254,-98.2681,3/16/20,18,0,0
,US,40.3888,-82.7649,3/16/20,50,0,0
,US,41.6809,-71.5118,3/16/20,21,0,0
,US,44.2685,-89.6165,3/16/20,47,0,1
,US,41.5978,-72.7554,3/16/20,30,0,0
,US,21.0943,-157.4983,3/16/20,7,0,0
,US,35.5653,-96.9289,3/16/20,10,0,0
,US,40.15,-111.8624,3/16/20,39,0,0
,Burkina Faso,12.2383,-1.5616,3/16/20,15,0,0
,Holy See,41.9029,12.4534,3/16/20,1,0,0
,Mongolia,46.8625,103.8467,3/16/20,1,0,0
,Panama,8.538,-80.7821,3/16/20,55,1,0
,US,38.5266,-96.7265,3/16/20,11,1,0
,US,31.1695,-91.8678,3/16/20,136,3,0
,US,38.4561,-92.2884,3/16/20,6,0,0
,US,44.0459,-72.7107,3/16/20,12,0,0
,US,61.3707,-152.4044,3/16/20,1,0,0
,US,34.9697,-92.3731,3/16/20,22,0,0
,US,39.3185,-75.5071,3/16/20,8,0,0
,US,44.2405,-114.4788,3/16/20,5,0,0
,US,44.6939,-69.3819,3/16/20,17,0,0
,US,43.3266,-84.5361,3/16/20,53,0,0
,US,32.7416,-89.6787,3/16/20,13,0,0
,US,46.9219,-110.4544,3/16/20,7,0,0
,US,34.8405,-106.2485,3/16/20,17,0,0
,US,47.5289,-99.784,3/16/20,1,0,0
,US,44.2998,-99.4388,3/16/20,10,1,0
,US,38.4912,-80.9545,3/16/20,0,0,0
,US,42.756,-107.3025,3/16/20,3,0,0
,Iran,32,53,3/16/20,14991,853,4590
,South Korea,36,128,3/16/20,8236,75,1137
,France,46.2276,2.2137,3/16/20,6633,148,12
,Cruise Ship,35.4437,139.638,3/16/20,696,7,325
,Denmark,56.2639,9.5018,3/16/20,914,3,1
,Czechia,49.8175,15.473,3/16/20,298,0,3
,Taiwan*,23.7,121,3/16/20,67,1,20
,Vietnam,16,108,3/16/20,61,0,16
,Russia,60,90,3/16/20,90,0,8
,Moldova,47.4116,28.3699,3/16/20,23,0,0
,Bolivia,-16.2902,-63.5887,3/16/20,11,0,0
,Denmark,61.8926,-6.9118,3/16/20,18,0,0
,France,18.0708,-63.0501,3/16/20,2,0,0
,Honduras,15.2,-86.2419,3/16/20,6,0,0
,United Kingdom,49.3723,-2.3644,3/16/20,6,0,0
,Canada,46.5653,-66.4619,3/16/20,6,0,0
,Congo (Kinshasa),-4.0383,21.7587,3/16/20,2,0,0
,Cote d'Ivoire,7.54,-5.5471,3/16/20,1,0,0
,France,17.9,-62.8333,3/16/20,3,0,0
,Jamaica,18.1096,-77.2975,3/16/20,10,0,2
,Turkey,38.9637,35.2433,3/16/20,18,0,0
,United Kingdom,36.1408,-5.3536,3/16/20,1,0,1
,Cuba,22,-80,3/16/20,4,0,0
,Guyana,5,-58.75,3/16/20,4,1,0
,Australia,-35.4735,149.0124,3/16/20,2,0,0
,United Kingdom,55.3781,-3.436,3/16/20,1543,55,20
,Kazakhstan,48.0196,66.9237,3/16/20,10,0,0
,France,-17.6797,149.4068,3/16/20,3,0,0
,Canada,53.7609,-98.8139,3/16/20,7,0,0
,Canada,52.9399,-106.4509,3/16/20,7,0,0
,Ethiopia,9.145,40.4897,3/16/20,5,0,0
,Sudan,12.8628,30.2176,3/16/20,1,1,0
,Guinea,9.9456,-9.6966,3/16/20,1,0,0
,Canada,37.6489,-122.6655,3/16/20,2,0,0
,Kenya,-0.0236,37.9062,3/16/20,3,0,0
,Antigua and Barbuda,17.0608,-61.7964,3/16/20,1,0,0
,US,32.3182,-86.9023,3/16/20,29,0,0
,Uruguay,-32.5228,-55.7658,3/16/20,8,0,0
,Ghana,7.9465,-1.0232,3/16/20,6,0,0
,US,18.2208,-66.5901,3/16/20,5,0,0
,Namibia,-22.9576,18.4904,3/16/20,2,0,0
,Seychelles,-4.6796,55.492,3/16/20,3,0,0
,Trinidad and Tobago,10.6918,-61.2225,3/16/20,4,0,0
,Venezuela,6.4238,-66.5897,3/16/20,17,0,0
,Eswatini,-26.5225,31.4659,3/16/20,1,0,0
,Gabon,-0.8037,11.6094,3/16/20,1,0,0
,Guatemala,15.7835,-90.2308,3/16/20,2,1,0
,Mauritania,21.0079,10.9408,3/16/20,1,0,0
,Rwanda,-1.9403,29.8739,3/16/20,5,0,0
,Saint Lucia,13.9094,-60.9789,3/16/20,2,0,0
,Saint Vincent and the Grenadines,12.9843,-61.2872,3/16/20,1,0,0
,Suriname,3.9193,-56.0278,3/16/20,1,0,0
,France,3.9339,-53.1258,3/16/20,11,0,0
,US,13.4443,144.7937,3/16/20,3,0,0
,Kosovo,42.6026,20.903,3/16/20,2,0,0
,Canada,53.1355,-57.6604,3/16/20,1,0,0
,Canada,46.5107,-63.4168,3/16/20,1,0,0
,Central African Republic,6.6111,20.9394,3/16/20,1,0,0
,Congo (Brazzaville),-4.0383,21.7587,3/16/20,1,0,0
,Equatorial Guinea,1.5,10,3/16/20,1,0,0
,France,-12.8275,45.1662,3/16/20,1,0,0
,Uzbekistan,41.3775,64.5853,3/16/20,6,0,0
,Netherlands,52.1326,5.2913,3/16/20,1413,24,2
,Canada,44.682,-63.7443,3/16/20,5,0,0
,France,16.25,-61.5833,3/16/20,6,0,0
,Benin,9.3077,2.3158,3/16/20,1,0,0
,Liberia,6.4281,-9.4295,3/16/20,1,0,0
,Netherlands,12.1696,-68.99,3/16/20,1,0,0
,Somalia,5.1521,46.1996,3/16/20,1,0,0
,Tanzania,-6.369,34.8888,3/16/20,1,0,0
,US,18.3358,-64.8963,3/16/20,1,0,0
,United Kingdom,19.3133,-81.2546,3/16/20,1,1,0
,France,-21.1351,55.2471,3/16/20,9,0,0
,Barbados,13.1939,-59.5432,3/16/20,0,0,0
,Montenegro,42.5,19.3,3/16/20,0,0,0
,Kyrgyzstan,41.2044,74.7661,3/16/20,0,0,0
,Mauritius,-20.2,57.5,3/16/20,0,0,0
,Netherlands,12.5186,-70.0358,3/16/20,2,0,0
,Zambia,-15.4167,28.2833,3/16/20,0,0,0
,Djibouti,11.8251,42.5903,3/16/20,0,0,0
,"Gambia, The",13.4432,-15.3101,3/16/20,0,0,0
,United Kingdom,16.7425,-62.1874,3/16/20,0,0,0
,"Bahamas, The",25.0343,-77.3963,3/16/20,1,0,0
,Denmark,71.7069,-42.6043,3/16/20,1,0,0
,France,-20.9043,165.618,3/16/20,0,0,0
,United Kingdom,32.3078,-64.7505,3/16/20,0,0,0
,Chad,15.4542,18.7322,3/16/20,0,0,0
,El Salvador,13.7942,-88.8965,3/16/20,0,0,0
,Fiji,-17.7134,178.065,3/16/20,0,0,0
,Nicaragua,12.8654,-85.2072,3/16/20,0,0,0
,Madagascar,-18.7669,46.8691,3/16/20,0,0,0
,Haiti,18.9712,-72.2852,3/16/20,0,0,0
,Angola,-11.2027,17.8739,3/16/20,0,0,0
,Cabo Verde,16.5388,-23.0418,3/16/20,0,0,0
,Netherlands,18.0425,-63.0548,3/16/20,0,0,0
,Niger,17.6078,8.0817,3/16/20,0,0,0
,Papua New Guinea,-6.315,143.9555,3/16/20,0,0,0
,United Kingdom,54.2361,-4.5481,3/16/20,0,0,0
,Zimbabwe,-20,30,3/16/20,0,0,0
,Canada,64.8255,-124.8457,3/16/20,0,0,0
,Cape Verde,15.1111,-23.6167,3/16/20,0,0,0
,East Timor,-8.55,125.56,3/16/20,0,0,0
,Eritrea,15.1794,39.7823,3/16/20,0,0,0
,Uganda,1,32,3/16/20,0,0,0
,Dominica,15.415,-61.371,3/16/20,0,0,0
,Grenada,12.1165,-61.679,3/16/20,0,0,0
,Mozambique,-18.6657,35.5296,3/16/20,0,0,0
,Syria,34.8021,38.9968,3/16/20,0,0,0
,Timor-Leste,-8.8742,125.7275,3/16/20,0,0,0
,Thailand,15,101,3/17/20,177,1,41
,Japan,36,138,3/17/20,878,29,144
,Singapore,1.2833,103.8333,3/17/20,266,0,114
,Nepal,28.1667,84.25,3/17/20,1,0,1
,Malaysia,2.5,112.5,3/17/20,673,2,49
,Canada,49.2827,-123.1207,3/17/20,103,4,4
,Australia,-33.8688,151.2093,3/17/20,210,4,4
,Australia,-37.8136,144.9631,3/17/20,94,0,8
,Australia,-28.0167,153.4,3/17/20,78,0,8
,Cambodia,11.55,104.9167,3/17/20,33,0,1
,Sri Lanka,7,81,3/17/20,44,0,1
,Germany,51,9,3/17/20,9257,24,67
,Finland,64,26,3/17/20,321,0,10
,United Arab Emirates,24,54,3/17/20,98,0,23
,Philippines,13,122,3/17/20,187,12,5
,India,21,78,3/17/20,142,3,14
,Italy,43,12,3/17/20,31506,2503,2941
,Sweden,63,16,3/17/20,1190,7,1
,Spain,40,-4,3/17/20,11748,533,1028
,Australia,-34.9285,138.6007,3/17/20,29,0,3
,Belgium,50.8333,4,3/17/20,1243,10,1
,Egypt,26,30,3/17/20,196,4,32
,Australia,35.4437,139.638,3/17/20,0,0,0
,Lebanon,33.8547,35.8623,3/17/20,120,3,3
,Iraq,33,44,3/17/20,154,11,32
,Oman,21,57,3/17/20,24,0,9
,Afghanistan,33,65,3/17/20,22,0,1
,Bahrain,26.0275,50.55,3/17/20,228,1,81
,Kuwait,29.5,47.75,3/17/20,130,0,9
,Algeria,28.0339,1.6596,3/17/20,60,4,12
,Croatia,45.1,15.2,3/17/20,65,0,4
,Switzerland,46.8182,8.2275,3/17/20,2700,27,4
,Austria,47.5162,14.5501,3/17/20,1332,3,1
,Israel,31,35,3/17/20,337,0,11
,Pakistan,30.3753,69.3451,3/17/20,236,0,2
,Brazil,-14.235,-51.9253,3/17/20,321,1,2
,Georgia,42.3154,43.3569,3/17/20,34,0,1
,Greece,39.0742,21.8243,3/17/20,387,5,8
,North Macedonia,41.6086,21.7453,3/17/20,26,0,1
,Norway,60.472,8.4689,3/17/20,1463,3,1
,Romania,45.9432,24.9668,3/17/20,184,0,16
,Estonia,58.5953,25.0136,3/17/20,225,0,1
,San Marino,43.9424,12.4578,3/17/20,109,7,4
,Belarus,53.7098,27.9534,3/17/20,36,0,3
,Iceland,64.9631,-19.0208,3/17/20,220,1,0
,Lithuania,55.1694,23.8813,3/17/20,25,0,1
,Mexico,23.6345,-102.5528,3/17/20,82,0,4
,New Zealand,-40.9006,174.886,3/17/20,12,0,0
,Nigeria,9.082,8.6753,3/17/20,3,0,0
,Australia,-31.9505,115.8605,3/17/20,31,1,0
,Ireland,53.1424,-7.6921,3/17/20,223,2,5
,Luxembourg,49.8153,6.1296,3/17/20,140,1,0
,Monaco,43.7333,7.4167,3/17/20,7,0,0
,Qatar,25.3548,51.1839,3/17/20,439,0,4
,Ecuador,-1.8312,-78.1834,3/17/20,58,2,0
,Azerbaijan,40.1431,47.5769,3/17/20,28,1,6
,Armenia,40.0691,45.0382,3/17/20,78,0,1
,Dominican Republic,18.7357,-70.1627,3/17/20,21,1,0
,Indonesia,-0.7893,113.9213,3/17/20,172,5,8
,Portugal,39.3999,-8.2245,3/17/20,448,1,3
,Andorra,42.5063,1.5218,3/17/20,39,0,1
,Australia,-41.4545,145.9707,3/17/20,7,0,0
,Latvia,56.8796,24.6032,3/17/20,49,0,1
,Morocco,31.7917,-7.0926,3/17/20,38,2,1
,Saudi Arabia,24,45,3/17/20,171,0,6
,Senegal,14.4974,-14.4524,3/17/20,26,0,2
,Argentina,-38.4161,-63.6167,3/17/20,68,2,3
,Chile,-35.6751,-71.543,3/17/20,201,0,0
,Jordan,31.24,36.51,3/17/20,34,0,1
,Ukraine,48.3794,31.1656,3/17/20,14,2,0
,Hungary,47.1625,19.5033,3/17/20,50,1,2
,Australia,-12.4634,130.8456,3/17/20,1,0,0
,Liechtenstein,47.14,9.55,3/17/20,7,0,0
,Poland,51.9194,19.1451,3/17/20,238,5,13
,Tunisia,34,9,3/17/20,24,0,0
,Bosnia and Herzegovina,43.9159,17.6791,3/17/20,26,0,2
,Slovenia,46.1512,14.9955,3/17/20,275,1,0
,South Africa,-30.5595,22.9375,3/17/20,62,0,0
,Bhutan,27.5142,90.4336,3/17/20,1,0,0
,Cameroon,3.848,11.5021,3/17/20,10,0,0
,Colombia,4.5709,-74.2973,3/17/20,65,0,1
,Costa Rica,9.7489,-83.7534,3/17/20,41,0,0
,Peru,-9.19,-75.0152,3/17/20,117,0,1
,Serbia,44.0165,21.0059,3/17/20,65,0,1
,Slovakia,48.669,19.699,3/17/20,72,0,0
,Togo,8.6195,0.8248,3/17/20,1,0,0
,Malta,35.9375,14.3754,3/17/20,38,0,2
,Martinique,14.6415,-61.0242,3/17/20,16,1,0
,Bulgaria,42.7339,25.4858,3/17/20,67,2,0
,Maldives,3.2028,73.2207,3/17/20,13,0,0
,Bangladesh,23.685,90.3563,3/17/20,10,0,3
,Paraguay,-23.4425,-58.4438,3/17/20,9,0,0
,Canada,51.2538,-85.3232,3/17/20,185,1,5
,Canada,53.9333,-116.5765,3/17/20,74,0,0
,Canada,52.9399,-73.5491,3/17/20,74,0,0
,Albania,41.1533,20.1683,3/17/20,55,1,0
,Cyprus,35.1264,33.4299,3/17/20,46,0,0
,Brunei,4.5353,114.7277,3/17/20,56,0,0
,US,47.4009,-121.4905,3/17/20,1076,55,1
,US,42.1657,-74.9481,3/17/20,1706,13,0
,US,36.1162,-119.6816,3/17/20,698,12,6
,US,42.2302,-71.5301,3/17/20,218,0,1
,US,35.4437,139.638,3/17/20,47,0,0
,US,37.6489,-122.6655,3/17/20,21,0,0
,US,33.0406,-83.6431,3/17/20,146,1,0
,US,39.0598,-105.3111,3/17/20,160,2,0
,US,27.7663,-81.6868,3/17/20,216,6,0
,US,40.2989,-74.521,3/17/20,267,3,1
,US,44.572,-122.0709,3/17/20,66,1,0
,US,31.0545,-97.5635,3/17/20,110,1,0
,US,40.3495,-88.9861,3/17/20,161,1,2
,US,40.5908,-77.2098,3/17/20,112,0,0
,US,42.0115,-93.2105,3/17/20,23,0,0
,US,39.0639,-76.8021,3/17/20,60,0,3
,US,35.6301,-79.8064,3/17/20,64,0,0
,US,33.8569,-80.945,3/17/20,47,1,0
,US,35.7478,-86.6923,3/17/20,74,0,0
,US,37.7693,-78.17,3/17/20,67,2,0
,US,33.7298,-111.4312,3/17/20,20,0,1
,US,39.8494,-86.2583,3/17/20,30,2,0
,US,37.6681,-84.6701,3/17/20,26,1,1
,US,38.8974,-77.0268,3/17/20,22,0,0
,US,38.3135,-117.0554,3/17/20,56,1,0
,US,43.4525,-71.5639,3/17/20,26,0,0
,US,45.6945,-93.9002,3/17/20,60,0,0
,US,41.1254,-98.2681,3/17/20,21,0,0
,US,40.3888,-82.7649,3/17/20,67,0,0
,US,41.6809,-71.5118,3/17/20,23,0,0
,US,44.2685,-89.6165,3/17/20,72,0,1
,US,41.5978,-72.7554,3/17/20,68,0,0
,US,21.0943,-157.4983,3/17/20,10,0,0
,US,35.5653,-96.9289,3/17/20,19,0,0
,US,40.15,-111.8624,3/17/20,51,0,0
,Burkina Faso,12.2383,-1.5616,3/17/20,15,0,0
,Holy See,41.9029,12.4534,3/17/20,1,0,0
,Mongolia,46.8625,103.8467,3/17/20,5,0,0
,Panama,8.538,-80.7821,3/17/20,69,1,0
,US,38.5266,-96.7265,3/17/20,18,1,0
,US,31.1695,-91.8678,3/17/20,196,4,0
,US,38.4561,-92.2884,3/17/20,11,0,0
,US,44.0459,-72.7107,3/17/20,12,0,0
,US,61.3707,-152.4044,3/17/20,3,0,0
,US,34.9697,-92.3731,3/17/20,22,0,0
,US,39.3185,-75.5071,3/17/20,16,0,0
,US,44.2405,-114.4788,3/17/20,8,0,0
,US,44.6939,-69.3819,3/17/20,32,0,0
,US,43.3266,-84.5361,3/17/20,65,0,0
,US,32.7416,-89.6787,3/17/20,21,0,0
,US,46.9219,-110.4544,3/17/20,9,0,0
,US,34.8405,-106.2485,3/17/20,23,0,0
,US,47.5289,-99.784,3/17/20,3,0,0
,US,44.2998,-99.4388,3/17/20,11,1,0
,US,38.4912,-80.9545,3/17/20,1,0,0
,US,42.756,-107.3025,3/17/20,11,0,0
,Iran,32,53,3/17/20,16169,988,5389
,South Korea,36,128,3/17/20,8320,81,1407
,France,46.2276,2.2137,3/17/20,7652,148,12
,Cruise Ship,35.4437,139.638,3/17/20,696,7,325
,Denmark,56.2639,9.5018,3/17/20,977,4,1
,Czechia,49.8175,15.473,3/17/20,396,0,3
,Taiwan*,23.7,121,3/17/20,77,1,22
,Vietnam,16,108,3/17/20,66,0,16
,Russia,60,90,3/17/20,114,0,8
,Moldova,47.4116,28.3699,3/17/20,30,0,1
,Bolivia,-16.2902,-63.5887,3/17/20,11,0,0
,Denmark,61.8926,-6.9118,3/17/20,47,0,0
,France,18.0708,-63.0501,3/17/20,2,0,0
,Honduras,15.2,-86.2419,3/17/20,8,0,0
,United Kingdom,49.3723,-2.3644,3/17/20,6,0,0
,Canada,46.5653,-66.4619,3/17/20,8,0,0
,Congo (Kinshasa),-4.0383,21.7587,3/17/20,3,0,0
,Cote d'Ivoire,7.54,-5.5471,3/17/20,5,0,1
,France,17.9,-62.8333,3/17/20,3,0,0
,Jamaica,18.1096,-77.2975,3/17/20,12,0,2
,Turkey,38.9637,35.2433,3/17/20,47,1,0
,United Kingdom,36.1408,-5.3536,3/17/20,3,0,1
,Cuba,22,-80,3/17/20,5,0,0
,Guyana,5,-58.75,3/17/20,7,1,0
,Australia,-35.4735,149.0124,3/17/20,2,0,0
,United Kingdom,55.3781,-3.436,3/17/20,1950,55,52
,Kazakhstan,48.0196,66.9237,3/17/20,33,0,0
,France,-17.6797,149.4068,3/17/20,3,0,0
,Canada,53.7609,-98.8139,3/17/20,8,0,0
,Canada,52.9399,-106.4509,3/17/20,7,0,0
,Ethiopia,9.145,40.4897,3/17/20,5,0,0
,Sudan,12.8628,30.2176,3/17/20,1,1,0
,Guinea,9.9456,-9.6966,3/17/20,1,0,0
,Canada,37.6489,-122.6655,3/17/20,8,0,0
,Kenya,-0.0236,37.9062,3/17/20,3,0,0
,Antigua and Barbuda,17.0608,-61.7964,3/17/20,1,0,0
,US,32.3182,-86.9023,3/17/20,39,0,0
,Uruguay,-32.5228,-55.7658,3/17/20,29,0,0
,Ghana,7.9465,-1.0232,3/17/20,7,0,0
,US,18.2208,-66.5901,3/17/20,5,0,0
,Namibia,-22.9576,18.4904,3/17/20,2,0,0
,Seychelles,-4.6796,55.492,3/17/20,4,0,0
,Trinidad and Tobago,10.6918,-61.2225,3/17/20,5,0,0
,Venezuela,6.4238,-66.5897,3/17/20,33,0,0
,Eswatini,-26.5225,31.4659,3/17/20,1,0,0
,Gabon,-0.8037,11.6094,3/17/20,1,0,0
,Guatemala,15.7835,-90.2308,3/17/20,6,1,0
,Mauritania,21.0079,10.9408,3/17/20,1,0,0
,Rwanda,-1.9403,29.8739,3/17/20,7,0,0
,Saint Lucia,13.9094,-60.9789,3/17/20,2,0,0
,Saint Vincent and the Grenadines,12.9843,-61.2872,3/17/20,1,0,0
,Suriname,3.9193,-56.0278,3/17/20,1,0,0
,France,3.9339,-53.1258,3/17/20,11,0,0
,US,13.4443,144.7937,3/17/20,3,0,0
,Kosovo,42.6026,20.903,3/17/20,2,0,0
,Canada,53.1355,-57.6604,3/17/20,3,0,0
,Canada,46.5107,-63.4168,3/17/20,1,0,0
,Central African Republic,6.6111,20.9394,3/17/20,1,0,0
,Congo (Brazzaville),-4.0383,21.7587,3/17/20,1,0,0
,Equatorial Guinea,1.5,10,3/17/20,1,0,0
,France,-12.8275,45.1662,3/17/20,1,0,0
,Uzbekistan,41.3775,64.5853,3/17/20,10,0,0
,Netherlands,52.1326,5.2913,3/17/20,1705,43,2
,Canada,44.682,-63.7443,3/17/20,7,0,0
,France,16.25,-61.5833,3/17/20,18,0,0
,Benin,9.3077,2.3158,3/17/20,1,0,0
,Liberia,6.4281,-9.4295,3/17/20,1,0,0
,Netherlands,12.1696,-68.99,3/17/20,3,0,0
,Somalia,5.1521,46.1996,3/17/20,1,0,0
,Tanzania,-6.369,34.8888,3/17/20,1,0,0
,US,18.3358,-64.8963,3/17/20,2,0,0
,United Kingdom,19.3133,-81.2546,3/17/20,1,1,0
,France,-21.1351,55.2471,3/17/20,9,0,0
,Barbados,13.1939,-59.5432,3/17/20,2,0,0
,Montenegro,42.5,19.3,3/17/20,2,0,0
,Kyrgyzstan,41.2044,74.7661,3/17/20,0,0,0
,Mauritius,-20.2,57.5,3/17/20,0,0,0
,Netherlands,12.5186,-70.0358,3/17/20,3,0,0
,Zambia,-15.4167,28.2833,3/17/20,0,0,0
,Djibouti,11.8251,42.5903,3/17/20,0,0,0
,"Gambia, The",13.4432,-15.3101,3/17/20,1,0,0
,United Kingdom,16.7425,-62.1874,3/17/20,0,0,0
,"Bahamas, The",25.0343,-77.3963,3/17/20,1,0,0
,Denmark,71.7069,-42.6043,3/17/20,1,0,0
,France,-20.9043,165.618,3/17/20,0,0,0
,United Kingdom,32.3078,-64.7505,3/17/20,0,0,0
,Chad,15.4542,18.7322,3/17/20,0,0,0
,El Salvador,13.7942,-88.8965,3/17/20,0,0,0
,Fiji,-17.7134,178.065,3/17/20,0,0,0
,Nicaragua,12.8654,-85.2072,3/17/20,0,0,0
,Madagascar,-18.7669,46.8691,3/17/20,0,0,0
,Haiti,18.9712,-72.2852,3/17/20,0,0,0
,Angola,-11.2027,17.8739,3/17/20,0,0,0
,Cabo Verde,16.5388,-23.0418,3/17/20,0,0,0
,Netherlands,18.0425,-63.0548,3/17/20,0,0,0
,Niger,17.6078,8.0817,3/17/20,0,0,0
,Papua New Guinea,-6.315,143.9555,3/17/20,0,0,0
,United Kingdom,54.2361,-4.5481,3/17/20,0,0,0
,Zimbabwe,-20,30,3/17/20,0,0,0
,Canada,64.8255,-124.8457,3/17/20,0,0,0
,Cape Verde,15.1111,-23.6167,3/17/20,0,0,0
,East Timor,-8.55,125.56,3/17/20,0,0,0
,Eritrea,15.1794,39.7823,3/17/20,0,0,0
,Uganda,1,32,3/17/20,0,0,0
,Dominica,15.415,-61.371,3/17/20,0,0,0
,Grenada,12.1165,-61.679,3/17/20,0,0,0
,Mozambique,-18.6657,35.5296,3/17/20,0,0,0
,Syria,34.8021,38.9968,3/17/20,0,0,0
,Timor-Leste,-8.8742,125.7275,3/17/20,0,0,0
,Thailand,15,101,3/18/20,212,1,42
,Japan,36,138,3/18/20,889,29,144
,Singapore,1.2833,103.8333,3/18/20,313,0,114
,Nepal,28.1667,84.25,3/18/20,1,0,1
,Malaysia,2.5,112.5,3/18/20,790,2,60
,Canada,49.2827,-123.1207,3/18/20,186,7,4
,Australia,-33.8688,151.2093,3/18/20,267,5,4
,Australia,-37.8136,144.9631,3/18/20,121,0,8
,Australia,-28.0167,153.4,3/18/20,94,0,8
,Cambodia,11.55,104.9167,3/18/20,35,0,1
,Sri Lanka,7,81,3/18/20,51,0,1
,Germany,51,9,3/18/20,12327,28,105
,Finland,64,26,3/18/20,336,0,10
,United Arab Emirates,24,54,3/18/20,113,0,26
,Philippines,13,122,3/18/20,202,19,5
,India,21,78,3/18/20,156,3,14
,Italy,43,12,3/18/20,35713,2978,4025
,Sweden,63,16,3/18/20,1279,10,1
,Spain,40,-4,3/18/20,13910,623,1081
,Australia,-34.9285,138.6007,3/18/20,37,0,3
,Belgium,50.8333,4,3/18/20,1486,14,31
,Egypt,26,30,3/18/20,196,6,32
,Australia,35.4437,139.638,3/18/20,0,0,0
,Lebanon,33.8547,35.8623,3/18/20,133,3,3
,Iraq,33,44,3/18/20,164,12,43
,Oman,21,57,3/18/20,39,0,12
,Afghanistan,33,65,3/18/20,22,0,1
,Bahrain,26.0275,50.55,3/18/20,256,1,88
,Kuwait,29.5,47.75,3/18/20,142,0,15
,Algeria,28.0339,1.6596,3/18/20,74,7,12
,Croatia,45.1,15.2,3/18/20,81,0,4
,Switzerland,46.8182,8.2275,3/18/20,3028,28,15
,Austria,47.5162,14.5501,3/18/20,1646,4,9
,Israel,31,35,3/18/20,433,0,11
,Pakistan,30.3753,69.3451,3/18/20,299,0,2
,Brazil,-14.235,-51.9253,3/18/20,372,3,2
,Georgia,42.3154,43.3569,3/18/20,38,0,1
,Greece,39.0742,21.8243,3/18/20,418,5,8
,North Macedonia,41.6086,21.7453,3/18/20,35,0,1
,Norway,60.472,8.4689,3/18/20,1550,6,1
,Romania,45.9432,24.9668,3/18/20,260,0,19
,Estonia,58.5953,25.0136,3/18/20,258,0,1
,San Marino,43.9424,12.4578,3/18/20,119,11,4
,Belarus,53.7098,27.9534,3/18/20,51,0,5
,Iceland,64.9631,-19.0208,3/18/20,250,1,5
,Lithuania,55.1694,23.8813,3/18/20,27,0,1
,Mexico,23.6345,-102.5528,3/18/20,93,0,4
,New Zealand,-40.9006,174.886,3/18/20,20,0,0
,Nigeria,9.082,8.6753,3/18/20,8,0,1
,Australia,-31.9505,115.8605,3/18/20,35,1,0
,Ireland,53.1424,-7.6921,3/18/20,292,2,5
,Luxembourg,49.8153,6.1296,3/18/20,203,2,0
,Monaco,43.7333,7.4167,3/18/20,7,0,0
,Qatar,25.3548,51.1839,3/18/20,452,0,4
,Ecuador,-1.8312,-78.1834,3/18/20,111,2,0
,Azerbaijan,40.1431,47.5769,3/18/20,28,1,6
,Armenia,40.0691,45.0382,3/18/20,84,0,1
,Dominican Republic,18.7357,-70.1627,3/18/20,21,1,0
,Indonesia,-0.7893,113.9213,3/18/20,227,19,11
,Portugal,39.3999,-8.2245,3/18/20,448,2,3
,Andorra,42.5063,1.5218,3/18/20,39,0,1
,Australia,-41.4545,145.9707,3/18/20,10,0,0
,Latvia,56.8796,24.6032,3/18/20,71,0,1
,Morocco,31.7917,-7.0926,3/18/20,49,2,1
,Saudi Arabia,24,45,3/18/20,171,0,6
,Senegal,14.4974,-14.4524,3/18/20,31,0,2
,Argentina,-38.4161,-63.6167,3/18/20,79,2,3
,Chile,-35.6751,-71.543,3/18/20,238,0,0
,Jordan,31.24,36.51,3/18/20,52,0,1
,Ukraine,48.3794,31.1656,3/18/20,14,2,0
,Hungary,47.1625,19.5033,3/18/20,58,1,2
,Australia,-12.4634,130.8456,3/18/20,1,0,0
,Liechtenstein,47.14,9.55,3/18/20,28,0,0
,Poland,51.9194,19.1451,3/18/20,251,5,13
,Tunisia,34,9,3/18/20,29,0,0
,Bosnia and Herzegovina,43.9159,17.6791,3/18/20,38,0,2
,Slovenia,46.1512,14.9955,3/18/20,275,1,0
,South Africa,-30.5595,22.9375,3/18/20,116,0,0
,Bhutan,27.5142,90.4336,3/18/20,1,0,0
,Cameroon,3.848,11.5021,3/18/20,10,0,0
,Colombia,4.5709,-74.2973,3/18/20,93,0,1
,Costa Rica,9.7489,-83.7534,3/18/20,50,0,0
,Peru,-9.19,-75.0152,3/18/20,145,0,1
,Serbia,44.0165,21.0059,3/18/20,83,0,1
,Slovakia,48.669,19.699,3/18/20,105,1,0
,Togo,8.6195,0.8248,3/18/20,1,0,0
,Malta,35.9375,14.3754,3/18/20,38,0,2
,Martinique,14.6415,-61.0242,3/18/20,19,1,0
,Bulgaria,42.7339,25.4858,3/18/20,92,2,0
,Maldives,3.2028,73.2207,3/18/20,13,0,0
,Bangladesh,23.685,90.3563,3/18/20,14,1,3
,Paraguay,-23.4425,-58.4438,3/18/20,11,0,0
,Canada,51.2538,-85.3232,3/18/20,221,1,5
,Canada,53.9333,-116.5765,3/18/20,97,0,0
,Canada,52.9399,-73.5491,3/18/20,94,0,0
,Albania,41.1533,20.1683,3/18/20,59,2,0
,Cyprus,35.1264,33.4299,3/18/20,49,0,0
,Brunei,4.5353,114.7277,3/18/20,68,0,0
,US,47.4009,-121.4905,3/18/20,1014,55,0
,US,42.1657,-74.9481,3/18/20,2495,16,0
,US,36.1162,-119.6816,3/18/20,751,13,0
,US,42.2302,-71.5301,3/18/20,218,0,0
,US,35.4437,139.638,3/18/20,47,0,0
,US,37.6489,-122.6655,3/18/20,21,0,0
,US,33.0406,-83.6431,3/18/20,199,3,0
,US,39.0598,-105.3111,3/18/20,184,2,0
,US,27.7663,-81.6868,3/18/20,314,7,0
,US,40.2989,-74.521,3/18/20,267,3,0
,US,44.572,-122.0709,3/18/20,68,2,0
,US,31.0545,-97.5635,3/18/20,173,3,0
,US,40.3495,-88.9861,3/18/20,162,1,0
,US,40.5908,-77.2098,3/18/20,152,0,0
,US,42.0115,-93.2105,3/18/20,29,0,0
,US,39.0639,-76.8021,3/18/20,85,0,0
,US,35.6301,-79.8064,3/18/20,70,0,0
,US,33.8569,-80.945,3/18/20,47,1,0
,US,35.7478,-86.6923,3/18/20,79,0,0
,US,37.7693,-78.17,3/18/20,77,2,0
,US,33.7298,-111.4312,3/18/20,27,0,0
,US,39.8494,-86.2583,3/18/20,39,2,0
,US,37.6681,-84.6701,3/18/20,27,1,0
,US,38.8974,-77.0268,3/18/20,31,0,0
,US,38.3135,-117.0554,3/18/20,55,1,0
,US,43.4525,-71.5639,3/18/20,26,0,0
,US,45.6945,-93.9002,3/18/20,77,0,0
,US,41.1254,-98.2681,3/18/20,24,0,0
,US,40.3888,-82.7649,3/18/20,86,0,0
,US,41.6809,-71.5118,3/18/20,33,0,0
,US,44.2685,-89.6165,3/18/20,92,0,0
,US,41.5978,-72.7554,3/18/20,68,0,0
,US,21.0943,-157.4983,3/18/20,14,0,0
,US,35.5653,-96.9289,3/18/20,19,0,0
,US,40.15,-111.8624,3/18/20,51,0,0
,Burkina Faso,12.2383,-1.5616,3/18/20,20,1,0
,Holy See,41.9029,12.4534,3/18/20,1,0,0
,Mongolia,46.8625,103.8467,3/18/20,6,0,0
,Panama,8.538,-80.7821,3/18/20,86,1,0
,US,38.5266,-96.7265,3/18/20,18,1,0
,US,31.1695,-91.8678,3/18/20,257,4,0
,US,38.4561,-92.2884,3/18/20,18,0,0
,US,44.0459,-72.7107,3/18/20,18,0,0
,US,61.3707,-152.4044,3/18/20,6,0,0
,US,34.9697,-92.3731,3/18/20,33,0,0
,US,39.3185,-75.5071,3/18/20,19,0,0
,US,44.2405,-114.4788,3/18/20,9,0,0
,US,44.6939,-69.3819,3/18/20,42,0,0
,US,43.3266,-84.5361,3/18/20,83,0,0
,US,32.7416,-89.6787,3/18/20,34,0,0
,US,46.9219,-110.4544,3/18/20,11,0,0
,US,34.8405,-106.2485,3/18/20,23,0,0
,US,47.5289,-99.784,3/18/20,6,0,0
,US,44.2998,-99.4388,3/18/20,11,1,0
,US,38.4912,-80.9545,3/18/20,1,0,0
,US,42.756,-107.3025,3/18/20,15,0,0
,Iran,32,53,3/18/20,17361,1135,5389
,South Korea,36,128,3/18/20,8413,84,1540
,France,46.2276,2.2137,3/18/20,9043,148,12
,Cruise Ship,35.4437,139.638,3/18/20,712,7,325
,Denmark,56.2639,9.5018,3/18/20,1057,4,1
,Czechia,49.8175,15.473,3/18/20,464,0,3
,Taiwan*,23.7,121,3/18/20,100,1,22
,Vietnam,16,108,3/18/20,75,0,16
,Russia,60,90,3/18/20,147,0,8
,Moldova,47.4116,28.3699,3/18/20,30,1,1
,Bolivia,-16.2902,-63.5887,3/18/20,12,0,0
,Denmark,61.8926,-6.9118,3/18/20,58,0,0
,France,18.0708,-63.0501,3/18/20,3,0,0
,Honduras,15.2,-86.2419,3/18/20,9,0,0
,United Kingdom,49.3723,-2.3644,3/18/20,6,0,0
,Canada,46.5653,-66.4619,3/18/20,11,0,0
,Congo (Kinshasa),-4.0383,21.7587,3/18/20,4,0,0
,Cote d'Ivoire,7.54,-5.5471,3/18/20,6,0,1
,France,17.9,-62.8333,3/18/20,3,0,0
,Jamaica,18.1096,-77.2975,3/18/20,13,0,2
,Turkey,38.9637,35.2433,3/18/20,98,1,0
,United Kingdom,36.1408,-5.3536,3/18/20,8,0,2
,Cuba,22,-80,3/18/20,7,1,0
,Guyana,5,-58.75,3/18/20,7,1,0
,Australia,-35.4735,149.0124,3/18/20,3,0,0
,United Kingdom,55.3781,-3.436,3/18/20,2626,71,65
,Kazakhstan,48.0196,66.9237,3/18/20,35,0,0
,France,-17.6797,149.4068,3/18/20,3,0,0
,Canada,53.7609,-98.8139,3/18/20,15,0,0
,Canada,52.9399,-106.4509,3/18/20,8,0,0
,Ethiopia,9.145,40.4897,3/18/20,6,0,0
,Sudan,12.8628,30.2176,3/18/20,2,1,0
,Guinea,9.9456,-9.6966,3/18/20,1,0,0
,Canada,37.6489,-122.6655,3/18/20,9,0,0
,Kenya,-0.0236,37.9062,3/18/20,3,0,0
,Antigua and Barbuda,17.0608,-61.7964,3/18/20,1,0,0
,US,32.3182,-86.9023,3/18/20,46,0,0
,Uruguay,-32.5228,-55.7658,3/18/20,50,0,0
,Ghana,7.9465,-1.0232,3/18/20,7,0,0
,US,18.2208,-66.5901,3/18/20,5,0,0
,Namibia,-22.9576,18.4904,3/18/20,2,0,0
,Seychelles,-4.6796,55.492,3/18/20,4,0,0
,Trinidad and Tobago,10.6918,-61.2225,3/18/20,7,0,0
,Venezuela,6.4238,-66.5897,3/18/20,36,0,0
,Eswatini,-26.5225,31.4659,3/18/20,1,0,0
,Gabon,-0.8037,11.6094,3/18/20,1,0,0
,Guatemala,15.7835,-90.2308,3/18/20,6,1,0
,Mauritania,21.0079,10.9408,3/18/20,1,0,0
,Rwanda,-1.9403,29.8739,3/18/20,8,0,0
,Saint Lucia,13.9094,-60.9789,3/18/20,2,0,0
,Saint Vincent and the Grenadines,12.9843,-61.2872,3/18/20,1,0,0
,Suriname,3.9193,-56.0278,3/18/20,1,0,0
,France,3.9339,-53.1258,3/18/20,11,0,0
,US,13.4443,144.7937,3/18/20,5,0,0
,Kosovo,42.6026,20.903,3/18/20,2,0,0
,Canada,53.1355,-57.6604,3/18/20,3,0,0
,Canada,46.5107,-63.4168,3/18/20,1,0,0
,Central African Republic,6.6111,20.9394,3/18/20,1,0,0
,Congo (Brazzaville),-4.0383,21.7587,3/18/20,1,0,0
,Equatorial Guinea,1.5,10,3/18/20,4,0,0
,France,-12.8275,45.1662,3/18/20,3,0,0
,Uzbekistan,41.3775,64.5853,3/18/20,15,0,0
,Netherlands,52.1326,5.2913,3/18/20,2051,58,2
,Canada,44.682,-63.7443,3/18/20,12,0,0
,France,16.25,-61.5833,3/18/20,27,0,0
,Benin,9.3077,2.3158,3/18/20,2,0,0
,Liberia,6.4281,-9.4295,3/18/20,2,0,0
,Netherlands,12.1696,-68.99,3/18/20,3,0,0
,Somalia,5.1521,46.1996,3/18/20,1,0,0
,Tanzania,-6.369,34.8888,3/18/20,3,0,0
,US,18.3358,-64.8963,3/18/20,2,0,0
,United Kingdom,19.3133,-81.2546,3/18/20,1,1,0
,France,-21.1351,55.2471,3/18/20,12,0,0
,Barbados,13.1939,-59.5432,3/18/20,2,0,0
,Montenegro,42.5,19.3,3/18/20,1,0,0
,Kyrgyzstan,41.2044,74.7661,3/18/20,3,0,0
,Mauritius,-20.2,57.5,3/18/20,3,0,0
,Netherlands,12.5186,-70.0358,3/18/20,4,0,0
,Zambia,-15.4167,28.2833,3/18/20,2,0,0
,Djibouti,11.8251,42.5903,3/18/20,1,0,0
,"Gambia, The",13.4432,-15.3101,3/18/20,1,0,0
,United Kingdom,16.7425,-62.1874,3/18/20,1,0,0
,"Bahamas, The",25.0343,-77.3963,3/18/20,1,0,0
,Denmark,71.7069,-42.6043,3/18/20,1,0,0
,France,-20.9043,165.618,3/18/20,0,0,0
,United Kingdom,32.3078,-64.7505,3/18/20,0,0,0
,Chad,15.4542,18.7322,3/18/20,0,0,0
,El Salvador,13.7942,-88.8965,3/18/20,0,0,0
,Fiji,-17.7134,178.065,3/18/20,0,0,0
,Nicaragua,12.8654,-85.2072,3/18/20,0,0,0
,Madagascar,-18.7669,46.8691,3/18/20,0,0,0
,Haiti,18.9712,-72.2852,3/18/20,0,0,0
,Angola,-11.2027,17.8739,3/18/20,0,0,0
,Cabo Verde,16.5388,-23.0418,3/18/20,0,0,0
,Netherlands,18.0425,-63.0548,3/18/20,0,0,0
,Niger,17.6078,8.0817,3/18/20,0,0,0
,Papua New Guinea,-6.315,143.9555,3/18/20,0,0,0
,United Kingdom,54.2361,-4.5481,3/18/20,0,0,0
,Zimbabwe,-20,30,3/18/20,0,0,0
,Canada,64.8255,-124.8457,3/18/20,0,0,0
,Cape Verde,15.1111,-23.6167,3/18/20,0,0,0
,East Timor,-8.55,125.56,3/18/20,0,0,0
,Eritrea,15.1794,39.7823,3/18/20,0,0,0
,Uganda,1,32,3/18/20,0,0,0
,Dominica,15.415,-61.371,3/18/20,0,0,0
,Grenada,12.1165,-61.679,3/18/20,0,0,0
,Mozambique,-18.6657,35.5296,3/18/20,0,0,0
,Syria,34.8021,38.9968,3/18/20,0,0,0
,Timor-Leste,-8.8742,125.7275,3/18/20,0,0,0
,Thailand,15,101,3/19/20,272,1,42
,Japan,36,138,3/19/20,924,29,150
,Singapore,1.2833,103.8333,3/19/20,345,0,114
,Nepal,28.1667,84.25,3/19/20,1,0,1
,Malaysia,2.5,112.5,3/19/20,900,2,75
,Canada,49.2827,-123.1207,3/19/20,231,7,4
,Australia,-33.8688,151.2093,3/19/20,307,5,4
,Australia,-37.8136,144.9631,3/19/20,121,0,8
,Australia,-28.0167,153.4,3/19/20,144,0,8
,Cambodia,11.55,104.9167,3/19/20,37,0,1
,Sri Lanka,7,81,3/19/20,60,0,3
,Germany,51,9,3/19/20,15320,44,113
,Finland,64,26,3/19/20,400,0,10
,United Arab Emirates,24,54,3/19/20,140,0,31
,Philippines,13,122,3/19/20,217,17,8
,India,21,78,3/19/20,194,4,15
,Italy,43,12,3/19/20,41035,3405,4440
,Sweden,63,16,3/19/20,1439,11,16
,Spain,40,-4,3/19/20,17963,830,1107
,Australia,-34.9285,138.6007,3/19/20,42,0,3
,Belgium,50.8333,4,3/19/20,1795,21,31
,Egypt,26,30,3/19/20,256,6,32
,Australia,35.4437,139.638,3/19/20,0,0,0
,Lebanon,33.8547,35.8623,3/19/20,157,4,4
,Iraq,33,44,3/19/20,192,13,43
,Oman,21,57,3/19/20,48,0,12
,Afghanistan,33,65,3/19/20,22,0,1
,Bahrain,26.0275,50.55,3/19/20,278,1,100
,Kuwait,29.5,47.75,3/19/20,148,0,18
,Algeria,28.0339,1.6596,3/19/20,87,9,32
,Croatia,45.1,15.2,3/19/20,105,1,5
,Switzerland,46.8182,8.2275,3/19/20,4075,41,15
,Austria,47.5162,14.5501,3/19/20,2013,6,9
,Israel,31,35,3/19/20,677,0,11
,Pakistan,30.3753,69.3451,3/19/20,454,2,13
,Brazil,-14.235,-51.9253,3/19/20,621,6,2
,Georgia,42.3154,43.3569,3/19/20,40,0,1
,Greece,39.0742,21.8243,3/19/20,418,6,8
,North Macedonia,41.6086,21.7453,3/19/20,48,0,1
,Norway,60.472,8.4689,3/19/20,1746,7,1
,Romania,45.9432,24.9668,3/19/20,277,0,25
,Estonia,58.5953,25.0136,3/19/20,267,0,1
,San Marino,43.9424,12.4578,3/19/20,119,11,4
,Belarus,53.7098,27.9534,3/19/20,51,0,5
,Iceland,64.9631,-19.0208,3/19/20,330,1,5
,Lithuania,55.1694,23.8813,3/19/20,36,0,1
,Mexico,23.6345,-102.5528,3/19/20,118,1,4
,New Zealand,-40.9006,174.886,3/19/20,28,0,0
,Nigeria,9.082,8.6753,3/19/20,8,0,1
,Australia,-31.9505,115.8605,3/19/20,52,1,0
,Ireland,53.1424,-7.6921,3/19/20,557,3,5
,Luxembourg,49.8153,6.1296,3/19/20,335,4,0
,Monaco,43.7333,7.4167,3/19/20,7,0,0
,Qatar,25.3548,51.1839,3/19/20,460,0,4
,Ecuador,-1.8312,-78.1834,3/19/20,199,3,0
,Azerbaijan,40.1431,47.5769,3/19/20,44,1,6
,Armenia,40.0691,45.0382,3/19/20,115,0,1
,Dominican Republic,18.7357,-70.1627,3/19/20,34,2,0
,Indonesia,-0.7893,113.9213,3/19/20,311,25,11
,Portugal,39.3999,-8.2245,3/19/20,785,3,3
,Andorra,42.5063,1.5218,3/19/20,53,0,1
,Australia,-41.4545,145.9707,3/19/20,10,0,3
,Latvia,56.8796,24.6032,3/19/20,86,0,1
,Morocco,31.7917,-7.0926,3/19/20,63,2,1
,Saudi Arabia,24,45,3/19/20,274,0,6
,Senegal,14.4974,-14.4524,3/19/20,31,0,2
,Argentina,-38.4161,-63.6167,3/19/20,97,3,3
,Chile,-35.6751,-71.543,3/19/20,238,0,0
,Jordan,31.24,36.51,3/19/20,69,0,1
,Ukraine,48.3794,31.1656,3/19/20,16,2,0
,Hungary,47.1625,19.5033,3/19/20,73,1,2
,Australia,-12.4634,130.8456,3/19/20,1,0,0
,Liechtenstein,47.14,9.55,3/19/20,28,0,0
,Poland,51.9194,19.1451,3/19/20,355,5,1
,Tunisia,34,9,3/19/20,39,1,0
,Bosnia and Herzegovina,43.9159,17.6791,3/19/20,63,0,2
,Slovenia,46.1512,14.9955,3/19/20,286,1,0
,South Africa,-30.5595,22.9375,3/19/20,150,0,0
,Bhutan,27.5142,90.4336,3/19/20,1,0,0
,Cameroon,3.848,11.5021,3/19/20,13,0,0
,Colombia,4.5709,-74.2973,3/19/20,102,0,1
,Costa Rica,9.7489,-83.7534,3/19/20,69,1,0
,Peru,-9.19,-75.0152,3/19/20,234,0,1
,Serbia,44.0165,21.0059,3/19/20,103,0,1
,Slovakia,48.669,19.699,3/19/20,123,1,0
,Togo,8.6195,0.8248,3/19/20,1,0,0
,Malta,35.9375,14.3754,3/19/20,53,0,2
,Martinique,14.6415,-61.0242,3/19/20,23,1,0
,Bulgaria,42.7339,25.4858,3/19/20,94,3,0
,Maldives,3.2028,73.2207,3/19/20,13,0,0
,Bangladesh,23.685,90.3563,3/19/20,17,1,3
,Paraguay,-23.4425,-58.4438,3/19/20,11,0,0
,Canada,51.2538,-85.3232,3/19/20,257,1,5
,Canada,53.9333,-116.5765,3/19/20,119,0,0
,Canada,52.9399,-73.5491,3/19/20,121,1,0
,Albania,41.1533,20.1683,3/19/20,64,2,0
,Cyprus,35.1264,33.4299,3/19/20,67,0,0
,Brunei,4.5353,114.7277,3/19/20,75,0,0
,US,47.4009,-121.4905,3/19/20,1376,74,0
,US,42.1657,-74.9481,3/19/20,5365,34,0
,US,36.1162,-119.6816,3/19/20,952,18,0
,US,42.2302,-71.5301,3/19/20,328,0,0
,US,35.4437,139.638,3/19/20,47,0,0
,US,37.6489,-122.6655,3/19/20,22,0,0
,US,33.0406,-83.6431,3/19/20,287,10,0
,US,39.0598,-105.3111,3/19/20,277,4,0
,US,27.7663,-81.6868,3/19/20,417,9,0
,US,40.2989,-74.521,3/19/20,742,9,0
,US,44.572,-122.0709,3/19/20,88,3,0
,US,31.0545,-97.5635,3/19/20,260,5,0
,US,40.3495,-88.9861,3/19/20,422,4,0
,US,40.5908,-77.2098,3/19/20,206,1,0
,US,42.0115,-93.2105,3/19/20,44,0,0
,US,39.0639,-76.8021,3/19/20,107,1,0
,US,35.6301,-79.8064,3/19/20,123,0,0
,US,33.8569,-80.945,3/19/20,81,1,0
,US,35.7478,-86.6923,3/19/20,154,0,0
,US,37.7693,-78.17,3/19/20,99,2,0
,US,33.7298,-111.4312,3/19/20,45,0,0
,US,39.8494,-86.2583,3/19/20,60,2,0
,US,37.6681,-84.6701,3/19/20,37,2,0
,US,38.8974,-77.0268,3/19/20,40,0,0
,US,38.3135,-117.0554,3/19/20,95,1,0
,US,43.4525,-71.5639,3/19/20,44,0,0
,US,45.6945,-93.9002,3/19/20,89,0,0
,US,41.1254,-98.2681,3/19/20,29,0,0
,US,40.3888,-82.7649,3/19/20,119,0,0
,US,41.6809,-71.5118,3/19/20,44,0,0
,US,44.2685,-89.6165,3/19/20,159,0,0
,US,41.5978,-72.7554,3/19/20,159,2,0
,US,21.0943,-157.4983,3/19/20,16,0,0
,US,35.5653,-96.9289,3/19/20,44,1,0
,US,40.15,-111.8624,3/19/20,80,0,0
,Burkina Faso,12.2383,-1.5616,3/19/20,33,1,0
,Holy See,41.9029,12.4534,3/19/20,1,0,0
,Mongolia,46.8625,103.8467,3/19/20,6,0,0
,Panama,8.538,-80.7821,3/19/20,109,1,0
,US,38.5266,-96.7265,3/19/20,34,1,0
,US,31.1695,-91.8678,3/19/20,392,10,0
,US,38.4561,-92.2884,3/19/20,31,1,0
,US,44.0459,-72.7107,3/19/20,22,0,0
,US,61.3707,-152.4044,3/19/20,9,0,0
,US,34.9697,-92.3731,3/19/20,62,0,0
,US,39.3185,-75.5071,3/19/20,30,0,0
,US,44.2405,-114.4788,3/19/20,11,0,0
,US,44.6939,-69.3819,3/19/20,52,0,0
,US,43.3266,-84.5361,3/19/20,334,3,0
,US,32.7416,-89.6787,3/19/20,50,1,0
,US,46.9219,-110.4544,3/19/20,11,0,0
,US,34.8405,-106.2485,3/19/20,35,0,0
,US,47.5289,-99.784,3/19/20,18,0,0
,US,44.2998,-99.4388,3/19/20,11,1,0
,US,38.4912,-80.9545,3/19/20,2,0,0
,US,42.756,-107.3025,3/19/20,18,0,0
,Iran,32,53,3/19/20,18407,1284,5710
,South Korea,36,128,3/19/20,8565,91,1540
,France,46.2276,2.2137,3/19/20,10871,243,12
,Cruise Ship,35.4437,139.638,3/19/20,712,7,325
,Denmark,56.2639,9.5018,3/19/20,1151,6,1
,Czechia,49.8175,15.473,3/19/20,694,0,3
,Taiwan*,23.7,121,3/19/20,108,1,26
,Vietnam,16,108,3/19/20,85,0,16
,Russia,60,90,3/19/20,199,1,9
,Moldova,47.4116,28.3699,3/19/20,49,1,1
,Bolivia,-16.2902,-63.5887,3/19/20,12,0,0
,Denmark,61.8926,-6.9118,3/19/20,72,0,0
,France,18.0708,-63.0501,3/19/20,4,0,0
,Honduras,15.2,-86.2419,3/19/20,12,0,0
,United Kingdom,49.3723,-2.3644,3/19/20,11,0,0
,Canada,46.5653,-66.4619,3/19/20,11,0,0
,Congo (Kinshasa),-4.0383,21.7587,3/19/20,14,0,0
,Cote d'Ivoire,7.54,-5.5471,3/19/20,9,0,1
,France,17.9,-62.8333,3/19/20,3,0,0
,Jamaica,18.1096,-77.2975,3/19/20,15,1,2
,Turkey,38.9637,35.2433,3/19/20,192,3,0
,United Kingdom,36.1408,-5.3536,3/19/20,10,0,2
,Cuba,22,-80,3/19/20,11,1,0
,Guyana,5,-58.75,3/19/20,7,1,0
,Australia,-35.4735,149.0124,3/19/20,4,0,0
,United Kingdom,55.3781,-3.436,3/19/20,2689,137,65
,Kazakhstan,48.0196,66.9237,3/19/20,44,0,0
,France,-17.6797,149.4068,3/19/20,6,0,0
,Canada,53.7609,-98.8139,3/19/20,17,0,0
,Canada,52.9399,-106.4509,3/19/20,16,0,0
,Ethiopia,9.145,40.4897,3/19/20,6,0,0
,Sudan,12.8628,30.2176,3/19/20,2,1,0
,Guinea,9.9456,-9.6966,3/19/20,1,0,0
,Canada,37.6489,-122.6655,3/19/20,9,0,0
,Kenya,-0.0236,37.9062,3/19/20,7,0,0
,Antigua and Barbuda,17.0608,-61.7964,3/19/20,1,0,0
,US,32.3182,-86.9023,3/19/20,78,0,0
,Uruguay,-32.5228,-55.7658,3/19/20,79,0,0
,Ghana,7.9465,-1.0232,3/19/20,11,0,0
,US,18.2208,-66.5901,3/19/20,5,0,0
,Namibia,-22.9576,18.4904,3/19/20,3,0,0
,Seychelles,-4.6796,55.492,3/19/20,6,0,0
,Trinidad and Tobago,10.6918,-61.2225,3/19/20,9,0,0
,Venezuela,6.4238,-66.5897,3/19/20,42,0,0
,Eswatini,-26.5225,31.4659,3/19/20,1,0,0
,Gabon,-0.8037,11.6094,3/19/20,1,0,0
,Guatemala,15.7835,-90.2308,3/19/20,9,1,0
,Mauritania,21.0079,10.9408,3/19/20,2,0,0
,Rwanda,-1.9403,29.8739,3/19/20,8,0,0
,Saint Lucia,13.9094,-60.9789,3/19/20,2,0,0
,Saint Vincent and the Grenadines,12.9843,-61.2872,3/19/20,1,0,0
,Suriname,3.9193,-56.0278,3/19/20,1,0,0
,France,3.9339,-53.1258,3/19/20,11,0,0
,US,13.4443,144.7937,3/19/20,12,0,0
,Kosovo,42.6026,20.903,3/19/20,2,0,0
,Canada,53.1355,-57.6604,3/19/20,3,0,0
,Canada,46.5107,-63.4168,3/19/20,2,0,0
,Central African Republic,6.6111,20.9394,3/19/20,1,0,0
,Congo (Brazzaville),-4.0383,21.7587,3/19/20,3,0,0
,Equatorial Guinea,1.5,10,3/19/20,6,0,0
,France,-12.8275,45.1662,3/19/20,3,0,0
,Uzbekistan,41.3775,64.5853,3/19/20,23,0,0
,Netherlands,52.1326,5.2913,3/19/20,2460,76,2
,Canada,44.682,-63.7443,3/19/20,14,0,0
,France,16.25,-61.5833,3/19/20,33,0,0
,Benin,9.3077,2.3158,3/19/20,2,0,0
,Liberia,6.4281,-9.4295,3/19/20,2,0,0
,Netherlands,12.1696,-68.99,3/19/20,3,1,0
,Somalia,5.1521,46.1996,3/19/20,1,0,0
,Tanzania,-6.369,34.8888,3/19/20,6,0,0
,US,18.3358,-64.8963,3/19/20,3,0,0
,United Kingdom,19.3133,-81.2546,3/19/20,3,1,0
,France,-21.1351,55.2471,3/19/20,14,0,0
,Barbados,13.1939,-59.5432,3/19/20,5,0,0
,Montenegro,42.5,19.3,3/19/20,3,0,0
,Kyrgyzstan,41.2044,74.7661,3/19/20,3,0,0
,Mauritius,-20.2,57.5,3/19/20,3,0,0
,Netherlands,12.5186,-70.0358,3/19/20,4,0,0
,Zambia,-15.4167,28.2833,3/19/20,2,0,0
,Djibouti,11.8251,42.5903,3/19/20,1,0,0
,"Gambia, The",13.4432,-15.3101,3/19/20,1,0,0
,United Kingdom,16.7425,-62.1874,3/19/20,1,0,0
,"Bahamas, The",25.0343,-77.3963,3/19/20,3,0,0
,Denmark,71.7069,-42.6043,3/19/20,2,0,0
,France,-20.9043,165.618,3/19/20,2,0,0
,United Kingdom,32.3078,-64.7505,3/19/20,2,0,0
,Chad,15.4542,18.7322,3/19/20,1,0,0
,El Salvador,13.7942,-88.8965,3/19/20,1,0,0
,Fiji,-17.7134,178.065,3/19/20,1,0,0
,Nicaragua,12.8654,-85.2072,3/19/20,1,0,0
,Madagascar,-18.7669,46.8691,3/19/20,0,0,0
,Haiti,18.9712,-72.2852,3/19/20,0,0,0
,Angola,-11.2027,17.8739,3/19/20,0,0,0
,Cabo Verde,16.5388,-23.0418,3/19/20,0,0,0
,Netherlands,18.0425,-63.0548,3/19/20,0,0,0
,Niger,17.6078,8.0817,3/19/20,0,0,0
,Papua New Guinea,-6.315,143.9555,3/19/20,0,0,0
,United Kingdom,54.2361,-4.5481,3/19/20,0,0,0
,Zimbabwe,-20,30,3/19/20,0,0,0
,Canada,64.8255,-124.8457,3/19/20,0,0,0
,Cape Verde,15.1111,-23.6167,3/19/20,0,0,0
,East Timor,-8.55,125.56,3/19/20,0,0,0
,Eritrea,15.1794,39.7823,3/19/20,0,0,0
,Uganda,1,32,3/19/20,0,0,0
,Dominica,15.415,-61.371,3/19/20,0,0,0
,Grenada,12.1165,-61.679,3/19/20,0,0,0
,Mozambique,-18.6657,35.5296,3/19/20,0,0,0
,Syria,34.8021,38.9968,3/19/20,0,0,0
,Timor-Leste,-8.8742,125.7275,3/19/20,0,0,0
,Thailand,15,101,3/20/20,322,1,42
,Japan,36,138,3/20/20,963,33,191
,Singapore,1.2833,103.8333,3/20/20,385,0,124
,Nepal,28.1667,84.25,3/20/20,1,0,1
,Malaysia,2.5,112.5,3/20/20,1030,3,87
,Canada,49.2827,-123.1207,3/20/20,271,8,4
,Australia,-33.8688,151.2093,3/20/20,353,6,4
,Australia,-37.8136,144.9631,3/20/20,121,0,8
,Australia,-28.0167,153.4,3/20/20,184,0,8
,Cambodia,11.55,104.9167,3/20/20,51,0,1
,Sri Lanka,7,81,3/20/20,73,0,3
,Germany,51,9,3/20/20,19848,67,180
,Finland,64,26,3/20/20,450,0,10
,United Arab Emirates,24,54,3/20/20,140,2,31
,Philippines,13,122,3/20/20,230,18,8
,India,21,78,3/20/20,244,5,20
,Italy,43,12,3/20/20,47021,4032,4440
,Sweden,63,16,3/20/20,1639,16,16
,Spain,40,-4,3/20/20,20410,1043,1588
,Australia,-34.9285,138.6007,3/20/20,50,0,3
,Belgium,50.8333,4,3/20/20,2257,37,1
,Egypt,26,30,3/20/20,285,8,39
,Australia,35.4437,139.638,3/20/20,0,0,0
,Lebanon,33.8547,35.8623,3/20/20,163,4,4
,Iraq,33,44,3/20/20,208,17,49
,Oman,21,57,3/20/20,48,0,12
,Afghanistan,33,65,3/20/20,24,0,1
,Bahrain,26.0275,50.55,3/20/20,285,1,100
,Kuwait,29.5,47.75,3/20/20,159,0,18
,Algeria,28.0339,1.6596,3/20/20,90,11,32
,Croatia,45.1,15.2,3/20/20,128,1,5
,Switzerland,46.8182,8.2275,3/20/20,5294,54,15
,Austria,47.5162,14.5501,3/20/20,2388,6,9
,Israel,31,35,3/20/20,705,0,14
,Pakistan,30.3753,69.3451,3/20/20,501,3,13
,Brazil,-14.235,-51.9253,3/20/20,793,11,2
,Georgia,42.3154,43.3569,3/20/20,43,0,1
,Greece,39.0742,21.8243,3/20/20,495,6,19
,North Macedonia,41.6086,21.7453,3/20/20,67,0,1
,Norway,60.472,8.4689,3/20/20,1914,7,1
,Romania,45.9432,24.9668,3/20/20,308,0,25
,Estonia,58.5953,25.0136,3/20/20,283,0,1
,San Marino,43.9424,12.4578,3/20/20,144,14,4
,Belarus,53.7098,27.9534,3/20/20,69,0,5
,Iceland,64.9631,-19.0208,3/20/20,409,0,5
,Lithuania,55.1694,23.8813,3/20/20,49,0,1
,Mexico,23.6345,-102.5528,3/20/20,164,1,4
,New Zealand,-40.9006,174.886,3/20/20,39,0,0
,Nigeria,9.082,8.6753,3/20/20,12,0,1
,Australia,-31.9505,115.8605,3/20/20,64,1,0
,Ireland,53.1424,-7.6921,3/20/20,683,3,5
,Luxembourg,49.8153,6.1296,3/20/20,484,4,0
,Monaco,43.7333,7.4167,3/20/20,11,0,0
,Qatar,25.3548,51.1839,3/20/20,470,0,10
,Ecuador,-1.8312,-78.1834,3/20/20,367,5,0
,Azerbaijan,40.1431,47.5769,3/20/20,44,1,6
,Armenia,40.0691,45.0382,3/20/20,136,0,1
,Dominican Republic,18.7357,-70.1627,3/20/20,72,2,0
,Indonesia,-0.7893,113.9213,3/20/20,369,32,15
,Portugal,39.3999,-8.2245,3/20/20,1020,6,5
,Andorra,42.5063,1.5218,3/20/20,75,0,1
,Australia,-41.4545,145.9707,3/20/20,10,0,3
,Latvia,56.8796,24.6032,3/20/20,111,0,1
,Morocco,31.7917,-7.0926,3/20/20,77,3,1
,Saudi Arabia,24,45,3/20/20,344,0,8
,Senegal,14.4974,-14.4524,3/20/20,38,0,2
,Argentina,-38.4161,-63.6167,3/20/20,128,3,3
,Chile,-35.6751,-71.543,3/20/20,434,0,6
,Jordan,31.24,36.51,3/20/20,85,0,1
,Ukraine,48.3794,31.1656,3/20/20,29,3,0
,Hungary,47.1625,19.5033,3/20/20,85,3,2
,Australia,-12.4634,130.8456,3/20/20,3,0,0
,Liechtenstein,47.14,9.55,3/20/20,28,0,0
,Poland,51.9194,19.1451,3/20/20,425,5,1
,Tunisia,34,9,3/20/20,54,1,0
,Bosnia and Herzegovina,43.9159,17.6791,3/20/20,89,0,2
,Slovenia,46.1512,14.9955,3/20/20,341,1,0
,South Africa,-30.5595,22.9375,3/20/20,202,0,0
,Bhutan,27.5142,90.4336,3/20/20,2,0,0
,Cameroon,3.848,11.5021,3/20/20,20,0,0
,Colombia,4.5709,-74.2973,3/20/20,128,0,1
,Costa Rica,9.7489,-83.7534,3/20/20,89,1,0
,Peru,-9.19,-75.0152,3/20/20,234,3,1
,Serbia,44.0165,21.0059,3/20/20,135,1,1
,Slovakia,48.669,19.699,3/20/20,137,1,0
,Togo,8.6195,0.8248,3/20/20,9,0,1
,Malta,35.9375,14.3754,3/20/20,64,0,2
,Martinique,14.6415,-61.0242,3/20/20,32,1,0
,Bulgaria,42.7339,25.4858,3/20/20,127,3,0
,Maldives,3.2028,73.2207,3/20/20,13,0,0
,Bangladesh,23.685,90.3563,3/20/20,20,1,3
,Paraguay,-23.4425,-58.4438,3/20/20,13,0,0
,Canada,51.2538,-85.3232,3/20/20,308,2,5
,Canada,53.9333,-116.5765,3/20/20,146,1,0
,Canada,52.9399,-73.5491,3/20/20,139,1,0
,Albania,41.1533,20.1683,3/20/20,70,2,0
,Cyprus,35.1264,33.4299,3/20/20,67,0,0
,Brunei,4.5353,114.7277,3/20/20,78,0,1
,US,47.4009,-121.4905,3/20/20,1524,83,0
,US,42.1657,-74.9481,3/20/20,8310,42,0
,US,36.1162,-119.6816,3/20/20,1177,23,0
,US,42.2302,-71.5301,3/20/20,413,1,0
,US,35.4437,139.638,3/20/20,49,0,0
,US,37.6489,-122.6655,3/20/20,23,0,0
,US,33.0406,-83.6431,3/20/20,420,13,0
,US,39.0598,-105.3111,3/20/20,363,4,0
,US,27.7663,-81.6868,3/20/20,563,10,0
,US,40.2989,-74.521,3/20/20,890,11,0
,US,44.572,-122.0709,3/20/20,114,3,0
,US,31.0545,-97.5635,3/20/20,394,5,0
,US,40.3495,-88.9861,3/20/20,585,5,0
,US,40.5908,-77.2098,3/20/20,303,1,0
,US,42.0115,-93.2105,3/20/20,45,0,0
,US,39.0639,-76.8021,3/20/20,149,1,0
,US,35.6301,-79.8064,3/20/20,172,0,0
,US,33.8569,-80.945,3/20/20,126,1,0
,US,35.7478,-86.6923,3/20/20,233,0,0
,US,37.7693,-78.17,3/20/20,122,2,0
,US,33.7298,-111.4312,3/20/20,78,0,0
,US,39.8494,-86.2583,3/20/20,86,2,0
,US,37.6681,-84.6701,3/20/20,47,2,0
,US,38.8974,-77.0268,3/20/20,71,1,0
,US,38.3135,-117.0554,3/20/20,114,1,0
,US,43.4525,-71.5639,3/20/20,44,0,0
,US,45.6945,-93.9002,3/20/20,115,0,0
,US,41.1254,-98.2681,3/20/20,37,0,0
,US,40.3888,-82.7649,3/20/20,173,2,0
,US,41.6809,-71.5118,3/20/20,54,0,0
,US,44.2685,-89.6165,3/20/20,207,3,0
,US,41.5978,-72.7554,3/20/20,194,3,0
,US,21.0943,-157.4983,3/20/20,26,0,0
,US,35.5653,-96.9289,3/20/20,49,1,0
,US,40.15,-111.8624,3/20/20,78,0,0
,Burkina Faso,12.2383,-1.5616,3/20/20,40,1,0
,Holy See,41.9029,12.4534,3/20/20,1,0,0
,Mongolia,46.8625,103.8467,3/20/20,6,0,0
,Panama,8.538,-80.7821,3/20/20,137,1,0
,US,38.5266,-96.7265,3/20/20,44,1,0
,US,31.1695,-91.8678,3/20/20,538,14,0
,US,38.4561,-92.2884,3/20/20,53,2,0
,US,44.0459,-72.7107,3/20/20,29,2,0
,US,61.3707,-152.4044,3/20/20,12,0,0
,US,34.9697,-92.3731,3/20/20,96,0,0
,US,39.3185,-75.5071,3/20/20,38,0,0
,US,44.2405,-114.4788,3/20/20,23,0,0
,US,44.6939,-69.3819,3/20/20,56,0,0
,US,43.3266,-84.5361,3/20/20,552,3,0
,US,32.7416,-89.6787,3/20/20,80,1,0
,US,46.9219,-110.4544,3/20/20,15,0,0
,US,34.8405,-106.2485,3/20/20,43,0,0
,US,47.5289,-99.784,3/20/20,19,0,0
,US,44.2998,-99.4388,3/20/20,14,1,0
,US,38.4912,-80.9545,3/20/20,7,0,0
,US,42.756,-107.3025,3/20/20,19,0,0
,Iran,32,53,3/20/20,19644,1433,6745
,South Korea,36,128,3/20/20,8652,94,1540
,France,46.2276,2.2137,3/20/20,12612,450,12
,Cruise Ship,35.4437,139.638,3/20/20,712,7,325
,Denmark,56.2639,9.5018,3/20/20,1255,9,1
,Czechia,49.8175,15.473,3/20/20,833,0,4
,Taiwan*,23.7,121,3/20/20,135,2,26
,Vietnam,16,108,3/20/20,91,0,16
,Russia,60,90,3/20/20,253,1,9
,Moldova,47.4116,28.3699,3/20/20,66,1,1
,Bolivia,-16.2902,-63.5887,3/20/20,15,0,0
,Denmark,61.8926,-6.9118,3/20/20,80,0,0
,France,18.0708,-63.0501,3/20/20,4,0,0
,Honduras,15.2,-86.2419,3/20/20,24,0,0
,United Kingdom,49.3723,-2.3644,3/20/20,14,0,0
,Canada,46.5653,-66.4619,3/20/20,11,0,0
,Congo (Kinshasa),-4.0383,21.7587,3/20/20,18,0,0
,Cote d'Ivoire,7.54,-5.5471,3/20/20,9,0,1
,France,17.9,-62.8333,3/20/20,3,0,0
,Jamaica,18.1096,-77.2975,3/20/20,16,1,2
,Turkey,38.9637,35.2433,3/20/20,359,4,0
,United Kingdom,36.1408,-5.3536,3/20/20,10,0,2
,Cuba,22,-80,3/20/20,16,1,0
,Guyana,5,-58.75,3/20/20,7,1,0
,Australia,-35.4735,149.0124,3/20/20,6,0,0
,United Kingdom,55.3781,-3.436,3/20/20,3983,177,65
,Kazakhstan,48.0196,66.9237,3/20/20,49,3,0
,France,-17.6797,149.4068,3/20/20,11,0,0
,Canada,53.7609,-98.8139,3/20/20,17,0,0
,Canada,52.9399,-106.4509,3/20/20,20,0,0
,Ethiopia,9.145,40.4897,3/20/20,9,0,0
,Sudan,12.8628,30.2176,3/20/20,2,1,0
,Guinea,9.9456,-9.6966,3/20/20,1,0,0
,Canada,37.6489,-122.6655,3/20/20,10,0,0
,Kenya,-0.0236,37.9062,3/20/20,7,0,0
,Antigua and Barbuda,17.0608,-61.7964,3/20/20,1,0,0
,US,32.3182,-86.9023,3/20/20,83,0,0
,Uruguay,-32.5228,-55.7658,3/20/20,94,0,0
,Ghana,7.9465,-1.0232,3/20/20,16,0,0
,US,18.2208,-66.5901,3/20/20,14,0,0
,Namibia,-22.9576,18.4904,3/20/20,3,0,0
,Seychelles,-4.6796,55.492,3/20/20,7,0,0
,Trinidad and Tobago,10.6918,-61.2225,3/20/20,9,0,0
,Venezuela,6.4238,-66.5897,3/20/20,42,0,0
,Eswatini,-26.5225,31.4659,3/20/20,1,0,0
,Gabon,-0.8037,11.6094,3/20/20,3,1,0
,Guatemala,15.7835,-90.2308,3/20/20,12,1,0
,Mauritania,21.0079,10.9408,3/20/20,2,0,0
,Rwanda,-1.9403,29.8739,3/20/20,17,0,0
,Saint Lucia,13.9094,-60.9789,3/20/20,2,0,0
,Saint Vincent and the Grenadines,12.9843,-61.2872,3/20/20,1,0,0
,Suriname,3.9193,-56.0278,3/20/20,4,0,0
,France,3.9339,-53.1258,3/20/20,15,0,0
,US,13.4443,144.7937,3/20/20,14,0,0
,Kosovo,42.6026,20.903,3/20/20,2,0,0
,Canada,53.1355,-57.6604,3/20/20,4,0,0
,Canada,46.5107,-63.4168,3/20/20,2,0,0
,Central African Republic,6.6111,20.9394,3/20/20,3,0,0
,Congo (Brazzaville),-4.0383,21.7587,3/20/20,3,0,0
,Equatorial Guinea,1.5,10,3/20/20,6,0,0
,France,-12.8275,45.1662,3/20/20,6,0,0
,Uzbekistan,41.3775,64.5853,3/20/20,33,0,0
,Netherlands,52.1326,5.2913,3/20/20,2994,106,2
,Canada,44.682,-63.7443,3/20/20,15,0,0
,France,16.25,-61.5833,3/20/20,45,0,0
,Benin,9.3077,2.3158,3/20/20,2,0,0
,Liberia,6.4281,-9.4295,3/20/20,2,0,0
,Netherlands,12.1696,-68.99,3/20/20,3,1,0
,Somalia,5.1521,46.1996,3/20/20,1,0,0
,Tanzania,-6.369,34.8888,3/20/20,6,0,0
,US,18.3358,-64.8963,3/20/20,3,0,0
,United Kingdom,19.3133,-81.2546,3/20/20,3,1,0
,France,-21.1351,55.2471,3/20/20,28,0,0
,Barbados,13.1939,-59.5432,3/20/20,5,0,0
,Montenegro,42.5,19.3,3/20/20,14,0,0
,Kyrgyzstan,41.2044,74.7661,3/20/20,6,0,0
,Mauritius,-20.2,57.5,3/20/20,12,0,0
,Netherlands,12.5186,-70.0358,3/20/20,5,0,0
,Zambia,-15.4167,28.2833,3/20/20,2,0,0
,Djibouti,11.8251,42.5903,3/20/20,1,0,0
,"Gambia, The",13.4432,-15.3101,3/20/20,1,0,0
,United Kingdom,16.7425,-62.1874,3/20/20,1,0,0
,"Bahamas, The",25.0343,-77.3963,3/20/20,3,0,0
,Denmark,71.7069,-42.6043,3/20/20,2,0,0
,France,-20.9043,165.618,3/20/20,2,0,0
,United Kingdom,32.3078,-64.7505,3/20/20,2,0,0
,Chad,15.4542,18.7322,3/20/20,1,0,0
,El Salvador,13.7942,-88.8965,3/20/20,1,0,0
,Fiji,-17.7134,178.065,3/20/20,1,0,0
,Nicaragua,12.8654,-85.2072,3/20/20,1,0,0
,Madagascar,-18.7669,46.8691,3/20/20,3,0,0
,Haiti,18.9712,-72.2852,3/20/20,2,0,0
,Angola,-11.2027,17.8739,3/20/20,1,0,0
,Cabo Verde,16.5388,-23.0418,3/20/20,1,0,0
,Netherlands,18.0425,-63.0548,3/20/20,1,0,0
,Niger,17.6078,8.0817,3/20/20,1,0,0
,Papua New Guinea,-6.315,143.9555,3/20/20,1,0,0
,United Kingdom,54.2361,-4.5481,3/20/20,1,0,0
,Zimbabwe,-20,30,3/20/20,1,0,0
,Canada,64.8255,-124.8457,3/20/20,0,0,0
,Cape Verde,15.1111,-23.6167,3/20/20,0,0,0
,East Timor,-8.55,125.56,3/20/20,0,0,0
,Eritrea,15.1794,39.7823,3/20/20,0,0,0
,Uganda,1,32,3/20/20,0,0,0
,Dominica,15.415,-61.371,3/20/20,0,0,0
,Grenada,12.1165,-61.679,3/20/20,0,0,0
,Mozambique,-18.6657,35.5296,3/20/20,0,0,0
,Syria,34.8021,38.9968,3/20/20,0,0,0
,Timor-Leste,-8.8742,125.7275,3/20/20,0,0,0
,Thailand,15,101,3/21/20,411,1,42
,Japan,36,138,3/21/20,1007,35,232
,Singapore,1.2833,103.8333,3/21/20,432,2,140
,Nepal,28.1667,84.25,3/21/20,1,0,1
,Malaysia,2.5,112.5,3/21/20,1183,4,114
,Canada,49.2827,-123.1207,3/21/20,424,10,4
,Australia,-33.8688,151.2093,3/21/20,436,6,4
,Australia,-37.8136,144.9631,3/21/20,229,0,8
,Australia,-28.0167,153.4,3/21/20,221,0,8
,Cambodia,11.55,104.9167,3/21/20,53,0,1
,Sri Lanka,7,81,3/21/20,77,0,1
,Germany,51,9,3/21/20,22213,84,233
,Finland,64,26,3/21/20,523,1,10
,United Arab Emirates,24,54,3/21/20,153,2,38
,Philippines,13,122,3/21/20,307,19,13
,India,21,78,3/21/20,330,4,23
,Italy,43,12,3/21/20,53578,4825,6072
,Sweden,63,16,3/21/20,1763,20,16
,Spain,40,-4,3/21/20,25374,1375,2125
,Australia,-34.9285,138.6007,3/21/20,67,0,3
,Belgium,50.8333,4,3/21/20,2815,67,263
,Egypt,26,30,3/21/20,294,10,41
,Australia,35.4437,139.638,3/21/20,0,0,0
,Lebanon,33.8547,35.8623,3/21/20,187,4,4
,Iraq,33,44,3/21/20,214,17,51
,Oman,21,57,3/21/20,52,0,12
,Afghanistan,33,65,3/21/20,24,0,1
,Bahrain,26.0275,50.55,3/21/20,305,1,125
,Kuwait,29.5,47.75,3/21/20,176,0,27
,Algeria,28.0339,1.6596,3/21/20,139,15,32
,Croatia,45.1,15.2,3/21/20,206,1,5
,Switzerland,46.8182,8.2275,3/21/20,6575,75,15
,Austria,47.5162,14.5501,3/21/20,2814,8,9
,Israel,31,35,3/21/20,883,1,36
,Pakistan,30.3753,69.3451,3/21/20,730,3,13
,Brazil,-14.235,-51.9253,3/21/20,1021,15,2
,Georgia,42.3154,43.3569,3/21/20,49,0,1
,Greece,39.0742,21.8243,3/21/20,530,13,19
,North Macedonia,41.6086,21.7453,3/21/20,85,0,1
,Norway,60.472,8.4689,3/21/20,2118,7,1
,Romania,45.9432,24.9668,3/21/20,367,0,52
,Estonia,58.5953,25.0136,3/21/20,306,0,1
,San Marino,43.9424,12.4578,3/21/20,144,20,4
,Belarus,53.7098,27.9534,3/21/20,76,0,15
,Iceland,64.9631,-19.0208,3/21/20,473,1,22
,Lithuania,55.1694,23.8813,3/21/20,83,1,1
,Mexico,23.6345,-102.5528,3/21/20,203,2,4
,New Zealand,-40.9006,174.886,3/21/20,52,0,0
,Nigeria,9.082,8.6753,3/21/20,22,0,1
,Australia,-31.9505,115.8605,3/21/20,90,1,0
,Ireland,53.1424,-7.6921,3/21/20,785,3,5
,Luxembourg,49.8153,6.1296,3/21/20,670,8,0
,Monaco,43.7333,7.4167,3/21/20,11,0,0
,Qatar,25.3548,51.1839,3/21/20,481,0,27
,Ecuador,-1.8312,-78.1834,3/21/20,506,7,3
,Azerbaijan,40.1431,47.5769,3/21/20,53,1,11
,Armenia,40.0691,45.0382,3/21/20,160,0,1
,Dominican Republic,18.7357,-70.1627,3/21/20,112,2,0
,Indonesia,-0.7893,113.9213,3/21/20,450,38,15
,Portugal,39.3999,-8.2245,3/21/20,1280,12,5
,Andorra,42.5063,1.5218,3/21/20,88,0,1
,Australia,-41.4545,145.9707,3/21/20,16,0,3
,Latvia,56.8796,24.6032,3/21/20,124,0,1
,Morocco,31.7917,-7.0926,3/21/20,96,3,3
,Saudi Arabia,24,45,3/21/20,392,0,16
,Senegal,14.4974,-14.4524,3/21/20,47,0,5
,Argentina,-38.4161,-63.6167,3/21/20,158,4,3
,Chile,-35.6751,-71.543,3/21/20,537,0,6
,Jordan,31.24,36.51,3/21/20,85,0,1
,Ukraine,48.3794,31.1656,3/21/20,47,3,1
,Hungary,47.1625,19.5033,3/21/20,103,4,7
,Australia,-12.4634,130.8456,3/21/20,3,0,0
,Liechtenstein,47.14,9.55,3/21/20,37,0,0
,Poland,51.9194,19.1451,3/21/20,536,5,1
,Tunisia,34,9,3/21/20,60,1,0
,Bosnia and Herzegovina,43.9159,17.6791,3/21/20,93,1,2
,Slovenia,46.1512,14.9955,3/21/20,383,1,0
,South Africa,-30.5595,22.9375,3/21/20,240,0,0
,Bhutan,27.5142,90.4336,3/21/20,2,0,0
,Cameroon,3.848,11.5021,3/21/20,27,0,0
,Colombia,4.5709,-74.2973,3/21/20,196,0,1
,Costa Rica,9.7489,-83.7534,3/21/20,117,2,2
,Peru,-9.19,-75.0152,3/21/20,318,5,1
,Serbia,44.0165,21.0059,3/21/20,171,1,1
,Slovakia,48.669,19.699,3/21/20,178,1,0
,Togo,8.6195,0.8248,3/21/20,16,0,1
,Malta,35.9375,14.3754,3/21/20,73,0,2
,Martinique,14.6415,-61.0242,3/21/20,32,1,0
,Bulgaria,42.7339,25.4858,3/21/20,163,3,3
,Maldives,3.2028,73.2207,3/21/20,13,0,0
,Bangladesh,23.685,90.3563,3/21/20,25,2,3
,Paraguay,-23.4425,-58.4438,3/21/20,18,1,0
,Canada,51.2538,-85.3232,3/21/20,377,3,6
,Canada,53.9333,-116.5765,3/21/20,195,1,0
,Canada,52.9399,-73.5491,3/21/20,181,5,0
,Albania,41.1533,20.1683,3/21/20,76,2,2
,Cyprus,35.1264,33.4299,3/21/20,84,0,0
,Brunei,4.5353,114.7277,3/21/20,83,0,2
,US,47.4009,-121.4905,3/21/20,1793,94,0
,US,42.1657,-74.9481,3/21/20,11710,60,0
,US,36.1162,-119.6816,3/21/20,1364,24,0
,US,42.2302,-71.5301,3/21/20,525,1,0
,US,35.4437,139.638,3/21/20,49,0,0
,US,37.6489,-122.6655,3/21/20,23,0,0
,US,33.0406,-83.6431,3/21/20,507,14,0
,US,39.0598,-105.3111,3/21/20,390,4,0
,US,27.7663,-81.6868,3/21/20,659,13,0
,US,40.2989,-74.521,3/21/20,1327,16,0
,US,44.572,-122.0709,3/21/20,114,5,0
,US,31.0545,-97.5635,3/21/20,581,5,0
,US,40.3495,-88.9861,3/21/20,753,6,0
,US,40.5908,-77.2098,3/21/20,396,2,0
,US,42.0115,-93.2105,3/21/20,68,0,0
,US,39.0639,-76.8021,3/21/20,193,2,0
,US,35.6301,-79.8064,3/21/20,253,0,0
,US,33.8569,-80.945,3/21/20,171,3,0
,US,35.7478,-86.6923,3/21/20,371,1,0
,US,37.7693,-78.17,3/21/20,156,2,0
,US,33.7298,-111.4312,3/21/20,118,1,0
,US,39.8494,-86.2583,3/21/20,128,4,0
,US,37.6681,-84.6701,3/21/20,87,3,0
,US,38.8974,-77.0268,3/21/20,77,1,0
,US,38.3135,-117.0554,3/21/20,161,2,0
,US,43.4525,-71.5639,3/21/20,55,0,0
,US,45.6945,-93.9002,3/21/20,138,1,0
,US,41.1254,-98.2681,3/21/20,38,0,0
,US,40.3888,-82.7649,3/21/20,248,3,0
,US,41.6809,-71.5118,3/21/20,66,0,0
,US,44.2685,-89.6165,3/21/20,282,4,0
,US,41.5978,-72.7554,3/21/20,194,4,0
,US,21.0943,-157.4983,3/21/20,37,0,0
,US,35.5653,-96.9289,3/21/20,53,1,0
,US,40.15,-111.8624,3/21/20,136,0,0
,Burkina Faso,12.2383,-1.5616,3/21/20,64,2,5
,Holy See,41.9029,12.4534,3/21/20,1,0,0
,Mongolia,46.8625,103.8467,3/21/20,10,0,0
,Panama,8.538,-80.7821,3/21/20,200,1,0
,US,38.5266,-96.7265,3/21/20,57,2,0
,US,31.1695,-91.8678,3/21/20,585,16,0
,US,38.4561,-92.2884,3/21/20,74,3,0
,US,44.0459,-72.7107,3/21/20,29,2,0
,US,61.3707,-152.4044,3/21/20,15,0,0
,US,34.9697,-92.3731,3/21/20,122,0,0
,US,39.3185,-75.5071,3/21/20,45,0,0
,US,44.2405,-114.4788,3/21/20,36,0,0
,US,44.6939,-69.3819,3/21/20,70,0,0
,US,43.3266,-84.5361,3/21/20,788,5,0
,US,32.7416,-89.6787,3/21/20,140,1,0
,US,46.9219,-110.4544,3/21/20,21,0,0
,US,34.8405,-106.2485,3/21/20,43,0,0
,US,47.5289,-99.784,3/21/20,28,0,0
,US,44.2998,-99.4388,3/21/20,14,1,0
,US,38.4912,-80.9545,3/21/20,8,0,0
,US,42.756,-107.3025,3/21/20,23,0,0
,Iran,32,53,3/21/20,20610,1556,7635
,South Korea,36,128,3/21/20,8799,102,1540
,France,46.2276,2.2137,3/21/20,14282,562,12
,Cruise Ship,35.4437,139.638,3/21/20,712,8,325
,Denmark,56.2639,9.5018,3/21/20,1326,13,1
,Czechia,49.8175,15.473,3/21/20,995,0,6
,Taiwan*,23.7,121,3/21/20,153,2,28
,Vietnam,16,108,3/21/20,94,0,17
,Russia,60,90,3/21/20,306,1,12
,Moldova,47.4116,28.3699,3/21/20,80,1,1
,Bolivia,-16.2902,-63.5887,3/21/20,19,0,0
,Denmark,61.8926,-6.9118,3/21/20,92,0,0
,France,18.0708,-63.0501,3/21/20,4,0,0
,Honduras,15.2,-86.2419,3/21/20,24,0,0
,United Kingdom,49.3723,-2.3644,3/21/20,32,0,0
,Canada,46.5653,-66.4619,3/21/20,17,0,0
,Congo (Kinshasa),-4.0383,21.7587,3/21/20,23,1,0
,Cote d'Ivoire,7.54,-5.5471,3/21/20,14,0,1
,France,17.9,-62.8333,3/21/20,3,0,0
,Jamaica,18.1096,-77.2975,3/21/20,16,1,2
,Turkey,38.9637,35.2433,3/21/20,670,9,0
,United Kingdom,36.1408,-5.3536,3/21/20,10,0,2
,Cuba,22,-80,3/21/20,21,1,0
,Guyana,5,-58.75,3/21/20,7,1,0
,Australia,-35.4735,149.0124,3/21/20,9,0,0
,United Kingdom,55.3781,-3.436,3/21/20,5018,233,65
,Kazakhstan,48.0196,66.9237,3/21/20,53,0,0
,France,-17.6797,149.4068,3/21/20,15,0,0
,Canada,53.7609,-98.8139,3/21/20,18,0,0
,Canada,52.9399,-106.4509,3/21/20,26,0,0
,Ethiopia,9.145,40.4897,3/21/20,9,0,0
,Sudan,12.8628,30.2176,3/21/20,2,1,0
,Guinea,9.9456,-9.6966,3/21/20,2,0,0
,Canada,37.6489,-122.6655,3/21/20,10,0,0
,Kenya,-0.0236,37.9062,3/21/20,7,0,0
,Antigua and Barbuda,17.0608,-61.7964,3/21/20,1,0,0
,US,32.3182,-86.9023,3/21/20,131,0,0
,Uruguay,-32.5228,-55.7658,3/21/20,110,0,0
,Ghana,7.9465,-1.0232,3/21/20,19,1,0
,US,18.2208,-66.5901,3/21/20,21,1,0
,Namibia,-22.9576,18.4904,3/21/20,3,0,0
,Seychelles,-4.6796,55.492,3/21/20,7,0,0
,Trinidad and Tobago,10.6918,-61.2225,3/21/20,49,0,1
,Venezuela,6.4238,-66.5897,3/21/20,70,0,0
,Eswatini,-26.5225,31.4659,3/21/20,1,0,0
,Gabon,-0.8037,11.6094,3/21/20,4,1,0
,Guatemala,15.7835,-90.2308,3/21/20,17,1,0
,Mauritania,21.0079,10.9408,3/21/20,2,0,0
,Rwanda,-1.9403,29.8739,3/21/20,17,0,0
,Saint Lucia,13.9094,-60.9789,3/21/20,2,0,0
,Saint Vincent and the Grenadines,12.9843,-61.2872,3/21/20,1,0,0
,Suriname,3.9193,-56.0278,3/21/20,4,0,0
,France,3.9339,-53.1258,3/21/20,18,0,0
,US,13.4443,144.7937,3/21/20,15,0,0
,Kosovo,42.6026,20.903,3/21/20,2,0,0
,Canada,53.1355,-57.6604,3/21/20,6,0,0
,Canada,46.5107,-63.4168,3/21/20,2,0,0
,Central African Republic,6.6111,20.9394,3/21/20,3,0,0
,Congo (Brazzaville),-4.0383,21.7587,3/21/20,3,0,0
,Equatorial Guinea,1.5,10,3/21/20,6,0,0
,France,-12.8275,45.1662,3/21/20,7,0,0
,Uzbekistan,41.3775,64.5853,3/21/20,43,0,0
,Netherlands,52.1326,5.2913,3/21/20,3631,136,2
,Canada,44.682,-63.7443,3/21/20,21,0,0
,France,16.25,-61.5833,3/21/20,53,0,0
,Benin,9.3077,2.3158,3/21/20,2,0,0
,Liberia,6.4281,-9.4295,3/21/20,3,0,0
,Netherlands,12.1696,-68.99,3/21/20,3,1,0
,Somalia,5.1521,46.1996,3/21/20,1,0,0
,Tanzania,-6.369,34.8888,3/21/20,6,0,0
,US,18.3358,-64.8963,3/21/20,3,0,0
,United Kingdom,19.3133,-81.2546,3/21/20,3,1,0
,France,-21.1351,55.2471,3/21/20,45,0,0
,Barbados,13.1939,-59.5432,3/21/20,6,0,0
,Montenegro,42.5,19.3,3/21/20,14,0,0
,Kyrgyzstan,41.2044,74.7661,3/21/20,14,0,0
,Mauritius,-20.2,57.5,3/21/20,14,1,0
,Netherlands,12.5186,-70.0358,3/21/20,5,0,0
,Zambia,-15.4167,28.2833,3/21/20,2,0,0
,Djibouti,11.8251,42.5903,3/21/20,1,0,0
,"Gambia, The",13.4432,-15.3101,3/21/20,1,0,0
,United Kingdom,16.7425,-62.1874,3/21/20,1,0,0
,"Bahamas, The",25.0343,-77.3963,3/21/20,4,0,0
,Denmark,71.7069,-42.6043,3/21/20,2,0,0
,France,-20.9043,165.618,3/21/20,4,0,0
,United Kingdom,32.3078,-64.7505,3/21/20,2,0,0
,Chad,15.4542,18.7322,3/21/20,1,0,0
,El Salvador,13.7942,-88.8965,3/21/20,3,0,0
,Fiji,-17.7134,178.065,3/21/20,1,0,0
,Nicaragua,12.8654,-85.2072,3/21/20,2,0,0
,Madagascar,-18.7669,46.8691,3/21/20,3,0,0
,Haiti,18.9712,-72.2852,3/21/20,2,0,0
,Angola,-11.2027,17.8739,3/21/20,2,0,0
,Cabo Verde,16.5388,-23.0418,3/21/20,3,0,0
,Netherlands,18.0425,-63.0548,3/21/20,1,0,0
,Niger,17.6078,8.0817,3/21/20,1,0,0
,Papua New Guinea,-6.315,143.9555,3/21/20,1,0,0
,United Kingdom,54.2361,-4.5481,3/21/20,1,0,0
,Zimbabwe,-20,30,3/21/20,3,0,0
,Canada,64.8255,-124.8457,3/21/20,1,0,0
,Cape Verde,15.1111,-23.6167,3/21/20,1,0,0
,East Timor,-8.55,125.56,3/21/20,1,0,0
,Eritrea,15.1794,39.7823,3/21/20,1,0,0
,Uganda,1,32,3/21/20,1,0,0
,Dominica,15.415,-61.371,3/21/20,0,0,0
,Grenada,12.1165,-61.679,3/21/20,0,0,0
,Mozambique,-18.6657,35.5296,3/21/20,0,0,0
,Syria,34.8021,38.9968,3/21/20,0,0,0
,Timor-Leste,-8.8742,125.7275,3/21/20,0,0,0
,Thailand,15,101,3/22/20,599,1,44
,Japan,36,138,3/22/20,1086,40,235
,Singapore,1.2833,103.8333,3/22/20,455,2,144
,Nepal,28.1667,84.25,3/22/20,2,0,1
,Malaysia,2.5,112.5,3/22/20,1306,10,139
,Canada,49.2827,-123.1207,3/22/20,424,10,4
,Australia,-33.8688,151.2093,3/22/20,533,6,4
,Australia,-37.8136,144.9631,3/22/20,296,0,70
,Australia,-28.0167,153.4,3/22/20,221,0,8
,Cambodia,11.55,104.9167,3/22/20,84,0,1
,Sri Lanka,7,81,3/22/20,82,0,3
,Germany,51,9,3/22/20,24873,94,266
,Finland,64,26,3/22/20,626,1,10
,United Arab Emirates,24,54,3/22/20,153,2,38
,Philippines,13,122,3/22/20,380,25,17
,India,21,78,3/22/20,396,7,27
,Italy,43,12,3/22/20,59138,5476,7024
,Sweden,63,16,3/22/20,1934,21,16
,Spain,40,-4,3/22/20,28768,1772,2575
,Australia,-34.9285,138.6007,3/22/20,100,0,3
,Belgium,50.8333,4,3/22/20,3401,75,263
,Egypt,26,30,3/22/20,327,14,56
,Australia,35.4437,139.638,3/22/20,0,0,0
,Lebanon,33.8547,35.8623,3/22/20,248,4,8
,Iraq,33,44,3/22/20,233,20,57
,Oman,21,57,3/22/20,55,0,17
,Afghanistan,33,65,3/22/20,40,1,1
,Bahrain,26.0275,50.55,3/22/20,332,2,149
,Kuwait,29.5,47.75,3/22/20,188,0,27
,Algeria,28.0339,1.6596,3/22/20,201,17,65
,Croatia,45.1,15.2,3/22/20,254,1,5
,Switzerland,46.8182,8.2275,3/22/20,7245,98,131
,Austria,47.5162,14.5501,3/22/20,3244,16,9
,Israel,31,35,3/22/20,1071,1,37
,Pakistan,30.3753,69.3451,3/22/20,776,5,5
,Brazil,-14.235,-51.9253,3/22/20,1593,25,2
,Georgia,42.3154,43.3569,3/22/20,54,0,3
,Greece,39.0742,21.8243,3/22/20,624,15,19
,North Macedonia,41.6086,21.7453,3/22/20,114,1,1
,Norway,60.472,8.4689,3/22/20,2383,7,1
,Romania,45.9432,24.9668,3/22/20,433,3,64
,Estonia,58.5953,25.0136,3/22/20,326,0,2
,San Marino,43.9424,12.4578,3/22/20,160,20,4
,Belarus,53.7098,27.9534,3/22/20,76,0,15
,Iceland,64.9631,-19.0208,3/22/20,568,1,36
,Lithuania,55.1694,23.8813,3/22/20,131,1,1
,Mexico,23.6345,-102.5528,3/22/20,251,2,4
,New Zealand,-40.9006,174.886,3/22/20,66,0,0
,Nigeria,9.082,8.6753,3/22/20,30,0,2
,Australia,-31.9505,115.8605,3/22/20,120,1,0
,Ireland,53.1424,-7.6921,3/22/20,906,4,5
,Luxembourg,49.8153,6.1296,3/22/20,798,8,6
,Monaco,43.7333,7.4167,3/22/20,23,0,1
,Qatar,25.3548,51.1839,3/22/20,494,0,33
,Ecuador,-1.8312,-78.1834,3/22/20,789,14,3
,Azerbaijan,40.1431,47.5769,3/22/20,65,1,10
,Armenia,40.0691,45.0382,3/22/20,194,0,2
,Dominican Republic,18.7357,-70.1627,3/22/20,202,3,0
,Indonesia,-0.7893,113.9213,3/22/20,514,48,29
,Portugal,39.3999,-8.2245,3/22/20,1600,14,5
,Andorra,42.5063,1.5218,3/22/20,113,1,1
,Australia,-41.4545,145.9707,3/22/20,22,0,3
,Latvia,56.8796,24.6032,3/22/20,139,0,1
,Morocco,31.7917,-7.0926,3/22/20,115,4,3
,Saudi Arabia,24,45,3/22/20,511,0,16
,Senegal,14.4974,-14.4524,3/22/20,67,0,5
,Argentina,-38.4161,-63.6167,3/22/20,225,4,3
,Chile,-35.6751,-71.543,3/22/20,632,1,8
,Jordan,31.24,36.51,3/22/20,112,0,1
,Ukraine,48.3794,31.1656,3/22/20,73,3,1
,Hungary,47.1625,19.5033,3/22/20,131,6,16
,Australia,-12.4634,130.8456,3/22/20,3,0,0
,Liechtenstein,47.14,9.55,3/22/20,37,0,0
,Poland,51.9194,19.1451,3/22/20,634,7,1
,Tunisia,34,9,3/22/20,75,3,1
,Bosnia and Herzegovina,43.9159,17.6791,3/22/20,126,1,2
,Slovenia,46.1512,14.9955,3/22/20,414,2,0
,South Africa,-30.5595,22.9375,3/22/20,274,0,0
,Bhutan,27.5142,90.4336,3/22/20,2,0,0
,Cameroon,3.848,11.5021,3/22/20,40,0,0
,Colombia,4.5709,-74.2973,3/22/20,231,2,3
,Costa Rica,9.7489,-83.7534,3/22/20,134,2,2
,Peru,-9.19,-75.0152,3/22/20,363,5,1
,Serbia,44.0165,21.0059,3/22/20,222,2,1
,Slovakia,48.669,19.699,3/22/20,185,1,7
,Togo,8.6195,0.8248,3/22/20,16,0,1
,Malta,35.9375,14.3754,3/22/20,90,0,2
,Martinique,14.6415,-61.0242,3/22/20,37,1,0
,Bulgaria,42.7339,25.4858,3/22/20,187,3,3
,Maldives,3.2028,73.2207,3/22/20,13,0,0
,Bangladesh,23.685,90.3563,3/22/20,27,2,3
,Paraguay,-23.4425,-58.4438,3/22/20,22,1,0
,Canada,51.2538,-85.3232,3/22/20,425,5,6
,Canada,53.9333,-116.5765,3/22/20,259,1,0
,Canada,52.9399,-73.5491,3/22/20,219,5,0
,Albania,41.1533,20.1683,3/22/20,89,2,2
,Cyprus,35.1264,33.4299,3/22/20,95,1,3
,Brunei,4.5353,114.7277,3/22/20,88,0,2
,US,47.4009,-121.4905,3/22/20,1996,95,0
,US,42.1657,-74.9481,3/22/20,15793,117,0
,US,36.1162,-119.6816,3/22/20,1642,30,0
,US,42.2302,-71.5301,3/22/20,646,5,0
,US,35.4437,139.638,3/22/20,49,0,0
,US,37.6489,-122.6655,3/22/20,30,1,0
,US,33.0406,-83.6431,3/22/20,600,23,0
,US,39.0598,-105.3111,3/22/20,476,6,0
,US,27.7663,-81.6868,3/22/20,830,13,0
,US,40.2989,-74.521,3/22/20,1914,20,0
,US,44.572,-122.0709,3/22/20,161,4,0
,US,31.0545,-97.5635,3/22/20,627,6,0
,US,40.3495,-88.9861,3/22/20,1049,9,0
,US,40.5908,-77.2098,3/22/20,509,3,0
,US,42.0115,-93.2105,3/22/20,90,0,0
,US,39.0639,-76.8021,3/22/20,244,3,0
,US,35.6301,-79.8064,3/22/20,302,0,0
,US,33.8569,-80.945,3/22/20,196,3,0
,US,35.7478,-86.6923,3/22/20,505,2,0
,US,37.7693,-78.17,3/22/20,221,6,0
,US,33.7298,-111.4312,3/22/20,152,2,0
,US,39.8494,-86.2583,3/22/20,201,6,0
,US,37.6681,-84.6701,3/22/20,99,3,0
,US,38.8974,-77.0268,3/22/20,102,2,0
,US,38.3135,-117.0554,3/22/20,190,2,0
,US,43.4525,-71.5639,3/22/20,65,0,0
,US,45.6945,-93.9002,3/22/20,169,1,0
,US,41.1254,-98.2681,3/22/20,51,0,0
,US,40.3888,-82.7649,3/22/20,355,3,0
,US,41.6809,-71.5118,3/22/20,83,0,0
,US,44.2685,-89.6165,3/22/20,381,4,0
,US,41.5978,-72.7554,3/22/20,223,5,0
,US,21.0943,-157.4983,3/22/20,48,0,0
,US,35.5653,-96.9289,3/22/20,67,2,0
,US,40.15,-111.8624,3/22/20,181,1,0
,Burkina Faso,12.2383,-1.5616,3/22/20,75,4,5
,Holy See,41.9029,12.4534,3/22/20,1,0,0
,Mongolia,46.8625,103.8467,3/22/20,10,0,0
,Panama,8.538,-80.7821,3/22/20,245,3,0
,US,38.5266,-96.7265,3/22/20,64,2,0
,US,31.1695,-91.8678,3/22/20,837,20,0
,US,38.4561,-92.2884,3/22/20,100,3,0
,US,44.0459,-72.7107,3/22/20,52,2,0
,US,61.3707,-152.4044,3/22/20,21,0,0
,US,34.9697,-92.3731,3/22/20,165,0,0
,US,39.3185,-75.5071,3/22/20,47,0,0
,US,44.2405,-114.4788,3/22/20,42,0,0
,US,44.6939,-69.3819,3/22/20,89,0,0
,US,43.3266,-84.5361,3/22/20,1037,9,0
,US,32.7416,-89.6787,3/22/20,207,1,0
,US,46.9219,-110.4544,3/22/20,31,0,0
,US,34.8405,-106.2485,3/22/20,57,0,0
,US,47.5289,-99.784,3/22/20,28,0,0
,US,44.2998,-99.4388,3/22/20,21,1,0
,US,38.4912,-80.9545,3/22/20,12,0,0
,US,42.756,-107.3025,3/22/20,24,0,0
,Iran,32,53,3/22/20,21638,1685,7931
,South Korea,36,128,3/22/20,8897,104,2909
,France,46.2276,2.2137,3/22/20,16018,674,2200
,Cruise Ship,35.4437,139.638,3/22/20,712,8,325
,Denmark,56.2639,9.5018,3/22/20,1395,13,1
,Czechia,49.8175,15.473,3/22/20,1120,1,6
,Taiwan*,23.7,121,3/22/20,169,2,28
,Vietnam,16,108,3/22/20,113,0,17
,Russia,60,90,3/22/20,367,0,16
,Moldova,47.4116,28.3699,3/22/20,94,1,1
,Bolivia,-16.2902,-63.5887,3/22/20,24,0,0
,Denmark,61.8926,-6.9118,3/22/20,115,0,0
,France,18.0708,-63.0501,3/22/20,4,0,0
,Honduras,15.2,-86.2419,3/22/20,26,0,0
,United Kingdom,49.3723,-2.3644,3/22/20,32,0,0
,Canada,46.5653,-66.4619,3/22/20,17,0,0
,Congo (Kinshasa),-4.0383,21.7587,3/22/20,30,1,0
,Cote d'Ivoire,7.54,-5.5471,3/22/20,14,0,1
,France,17.9,-62.8333,3/22/20,3,0,0
,Jamaica,18.1096,-77.2975,3/22/20,16,1,2
,Turkey,38.9637,35.2433,3/22/20,1236,30,0
,United Kingdom,36.1408,-5.3536,3/22/20,15,0,2
,Cuba,22,-80,3/22/20,35,1,0
,Guyana,5,-58.75,3/22/20,7,1,0
,Australia,-35.4735,149.0124,3/22/20,19,0,0
,United Kingdom,55.3781,-3.436,3/22/20,5683,281,65
,Kazakhstan,48.0196,66.9237,3/22/20,60,0,0
,France,-17.6797,149.4068,3/22/20,15,0,0
,Canada,53.7609,-98.8139,3/22/20,19,0,0
,Canada,52.9399,-106.4509,3/22/20,52,0,0
,Ethiopia,9.145,40.4897,3/22/20,11,0,4
,Sudan,12.8628,30.2176,3/22/20,2,1,0
,Guinea,9.9456,-9.6966,3/22/20,2,0,0
,Canada,37.6489,-122.6655,3/22/20,13,0,0
,Kenya,-0.0236,37.9062,3/22/20,15,0,0
,Antigua and Barbuda,17.0608,-61.7964,3/22/20,1,0,0
,US,32.3182,-86.9023,3/22/20,138,0,0
,Uruguay,-32.5228,-55.7658,3/22/20,135,0,0
,Ghana,7.9465,-1.0232,3/22/20,24,1,0
,US,18.2208,-66.5901,3/22/20,23,1,0
,Namibia,-22.9576,18.4904,3/22/20,3,0,0
,Seychelles,-4.6796,55.492,3/22/20,7,0,0
,Trinidad and Tobago,10.6918,-61.2225,3/22/20,50,0,1
,Venezuela,6.4238,-66.5897,3/22/20,70,0,15
,Eswatini,-26.5225,31.4659,3/22/20,4,0,0
,Gabon,-0.8037,11.6094,3/22/20,5,1,0
,Guatemala,15.7835,-90.2308,3/22/20,19,1,0
,Mauritania,21.0079,10.9408,3/22/20,2,0,0
,Rwanda,-1.9403,29.8739,3/22/20,19,0,0
,Saint Lucia,13.9094,-60.9789,3/22/20,2,0,0
,Saint Vincent and the Grenadines,12.9843,-61.2872,3/22/20,1,0,0
,Suriname,3.9193,-56.0278,3/22/20,5,0,0
,France,3.9339,-53.1258,3/22/20,18,0,6
,US,13.4443,144.7937,3/22/20,27,1,0
,Kosovo,42.6026,20.903,3/22/20,2,0,0
,Canada,53.1355,-57.6604,3/22/20,6,0,0
,Canada,46.5107,-63.4168,3/22/20,2,0,0
,Central African Republic,6.6111,20.9394,3/22/20,3,0,0
,Congo (Brazzaville),-4.0383,21.7587,3/22/20,3,0,0
,Equatorial Guinea,1.5,10,3/22/20,6,0,0
,France,-12.8275,45.1662,3/22/20,11,0,0
,Uzbekistan,41.3775,64.5853,3/22/20,43,0,0
,Netherlands,52.1326,5.2913,3/22/20,4204,179,2
,Canada,44.682,-63.7443,3/22/20,28,0,0
,France,16.25,-61.5833,3/22/20,56,0,0
,Benin,9.3077,2.3158,3/22/20,2,0,0
,Liberia,6.4281,-9.4295,3/22/20,3,0,0
,Netherlands,12.1696,-68.99,3/22/20,3,1,0
,Somalia,5.1521,46.1996,3/22/20,1,0,0
,Tanzania,-6.369,34.8888,3/22/20,12,0,0
,US,18.3358,-64.8963,3/22/20,3,0,0
,United Kingdom,19.3133,-81.2546,3/22/20,3,1,0
,France,-21.1351,55.2471,3/22/20,47,0,0
,Barbados,13.1939,-59.5432,3/22/20,14,0,0
,Montenegro,42.5,19.3,3/22/20,21,0,0
,Kyrgyzstan,41.2044,74.7661,3/22/20,14,0,0
,Mauritius,-20.2,57.5,3/22/20,18,1,0
,Netherlands,12.5186,-70.0358,3/22/20,8,0,0
,Zambia,-15.4167,28.2833,3/22/20,3,0,0
,Djibouti,11.8251,42.5903,3/22/20,1,0,0
,"Gambia, The",13.4432,-15.3101,3/22/20,1,0,0
,United Kingdom,16.7425,-62.1874,3/22/20,1,0,0
,"Bahamas, The",25.0343,-77.3963,3/22/20,4,0,0
,Denmark,71.7069,-42.6043,3/22/20,4,0,0
,France,-20.9043,165.618,3/22/20,4,0,0
,United Kingdom,32.3078,-64.7505,3/22/20,2,0,0
,Chad,15.4542,18.7322,3/22/20,1,0,0
,El Salvador,13.7942,-88.8965,3/22/20,3,0,0
,Fiji,-17.7134,178.065,3/22/20,2,0,0
,Nicaragua,12.8654,-85.2072,3/22/20,2,0,0
,Madagascar,-18.7669,46.8691,3/22/20,3,0,0
,Haiti,18.9712,-72.2852,3/22/20,2,0,0
,Angola,-11.2027,17.8739,3/22/20,2,0,0
,Cabo Verde,16.5388,-23.0418,3/22/20,3,0,0
,Netherlands,18.0425,-63.0548,3/22/20,1,0,0
,Niger,17.6078,8.0817,3/22/20,2,0,0
,Papua New Guinea,-6.315,143.9555,3/22/20,1,0,0
,United Kingdom,54.2361,-4.5481,3/22/20,5,0,0
,Zimbabwe,-20,30,3/22/20,3,0,0
,Canada,64.8255,-124.8457,3/22/20,1,0,0
,Cape Verde,15.1111,-23.6167,3/22/20,1,0,0
,East Timor,-8.55,125.56,3/22/20,1,0,0
,Eritrea,15.1794,39.7823,3/22/20,1,0,0
,Uganda,1,32,3/22/20,1,0,0
,Dominica,15.415,-61.371,3/22/20,1,0,0
,Grenada,12.1165,-61.679,3/22/20,1,0,0
,Mozambique,-18.6657,35.5296,3/22/20,1,0,0
,Syria,34.8021,38.9968,3/22/20,1,0,0
,Timor-Leste,-8.8742,125.7275,3/22/20,1,0,0
,China,,,,3121,2927,7
,China,,,,3147,2934,7
,China,,,,3176,2942,7
,China,,,,3193,2951,7
,China,,,,3213,2965,7
,China,,,,3237,2968,7
,China,,,,3269,2982,7
,China,,,,3299,2991,7
,China,,,,3325,3001,7
,China,,,,3352,3005,7
,China,,,,3372,3017,7
,China,,,,3403,3035,7
,China,,,,3435,3043,7
,China,,,,3478,3051,7
,China,,,,3502,3057,7
,China,,,,3537,3067,7
,China,,,,3554,3080,7
,China,,,,3569,3093,7
,China,,,,3583,3109,7
,China,,,,3611,3156,7
,China,,,,3633,3185,7
,China,,,,3646,3223,7
,China,,,,3668,3268,7
,China,,,,3679,3281,7
,China,,,,3689,3302,7
,China,,,,3710,3338,7
,China,,,,3717,3366,7
,China,,,,3727,3395,7
,China,,,,3737,3425,7
,China,,,,3747,3448,7
,China,,,,3765,3473,7
,China,,,,3783,3511,7
,China,,,,3792,3522,7
,China,,,,3799,3532,7
,China,,,,3806,3548,7
,China,,,,3818,3569,7
,China,,,,3826,3585,7
,China,,,,3841,3599,7
,China,,,,3850,3613,7
,China,,,,3858,3634,7
,China,,,,3870,3663,7
,China,,,,3877,3672,7
,China,,,,3886,3683,7
,China,,,,3894,3701,7
,China,,,,3900,3714,7
,China,,,,3913,3725,7
,China,,,,3922,3744,7
,China,,,,3935,3760,7
,China,,,,3953,3771,7
,China,,,,3976,3784,7
,China,,,,4003,3787,7
,China,,,,4035,3794,7
,China,,,,4084,3804,7
,China,,,,4108,3812,7
,China,,,,4167,3820,7
,China,,,,4222,3830,7
,China,,,,4265,3841,7
,China,,,,4310,3851,7
,China,,,,4350,3863,7
,China,,,,4388,3871,7
,China,,,,4430,3879,7
,China,,,,4475,3888,7
,China,,,,4502,3900,7
,China,,,,4527,3908,7
,China,,,,4562,3973,7
,China,,,,4602,4000,7
,China,,,,4631,4032,7
,China,,,,4677,4050,7
,China,,,,4720,4067,7
,China,,,,4747,4087,7
,China,,,,4761,4113,7
,China,,,,4818,4146,7
,China,,,,4839,4161,7
,China,,,,4854,4194,7
,China,,,,4877,4227,7
,China,,,,4944,4281,7
,China,,,,4964,4307,7
,China,,,,4986,4428,7
,China,,,,5027,4472,7
,China,,,,5066,4612,7
,China,,,,5080,4635,7
,China,,,,5094,4716,7
,China,,,,5135,4779,7
,China,,,,5182,4800,7
,China,,,,5233,4833,7
,China,,,,5293,4870,7
,China,,,,5400,4898,7
,China,,,,5729,4943,7
,China,,,,6087,4972,7
,China,,,,6452,4998,7
,China,,,,6714,5037,7
,China,,,,7158,5068,7
,China,,,,7591,5098,7
,China,,,,7862,5125,7
,China,,,,8177,5166,7
,China,,,,8506,5213,7
,China,,,,9334,5270,7
,China,,,,10351,5389,7
,China,,,,10351,5389,7
,China,,,,12283,5914,7
,China,,,,12283,5914,7
,China,,,,14471,6646,7
,China,,,,17044,7387,7
,China,,,,20244,7936,7
,China,,,,23838,7936,7
,China,,,,27078,8309,7
,China,,,,29498,10021,10
,China,,,,32582,11238,17
,China,,,,35077,12923,24
,China,,,,37712,14100,32
,China,,,,39643,15836,43
,China,,,,42379,17715,55
,China,,,,43780,19958,94
